bias_context,bias_large,bias_small,cf_class_name,cf_standard_cm,class_name,conflict_direction,conflict_receiver_id,donor_kind,expected_label,family,gate_asserted,gate_margin,gate_mode,gate_pred_label,gate_score_large,gate_score_small,item_id,kept,margin_bin,model,model_slug,patch_span,pred_label,receiver_group_id,reject_reason,score_large,score_small,side,size_margin,standard_cm,value_cm
standard_swap:t1,-8.879150366178303,-9.77844235054148,,100,ant,,,,small,standard_swap,True,2.323920846216568,bias_corrected,small,-0.11721597359422375,2.2067048726223444,size-standard_swap-ant-S102-V101-small_to_large-mborderline-t1,False,borderline,Qwen/Qwen2.5-3B,qwen_qwen2_5_3b,standard_span,small,,cf_gate_pred_small_expected_large,-8.996366339772527,-7.571737477919136,base,1.4246288618533907,102,101
standard_swap:t1,-8.879150366178303,-9.77844235054148,,100,ant,,,,large,standard_swap,True,-1.5674842287335773,bias_corrected,small,0.3537023072261576,1.9211865359597349,size-standard_swap-ant-S102-V101-small_to_large-mborderline-t1,False,borderline,Qwen/Qwen2.5-3B,qwen_qwen2_5_3b,standard_span,small,,cf_gate_pred_small_expected_large,-8.525448058952145,-7.8572558145817455,cf,-0.6681922443703998,102,101
standard_swap:t1,-8.879150366178303,-9.77844235054148,,100,ant,,,,small,standard_swap,True,1.7796292222429058,bias_corrected,small,0.17196480088803945,1.9515940231309452,size-standard_swap-ant-S120-V110-small_to_large-mborderline-t1,False,borderline,Qwen/Qwen2.5-3B,qwen_qwen2_5_3b,standard_span,small,,cf_gate_pred_small_expected_large,-8.707185565290263,-7.826848327410535,base,0.8803372378797283,120,110
standard_swap:t1,-8.879150366178303,-9.77844235054148,,100,ant,,,,large,standard_swap,True,-1.2114972370894392,bias_corrected,small,0.5380079536183207,1.74950519070776,size-standard_swap-ant-S120-V110-small_to_large-mborderline-t1,False,borderline,Qwen/Qwen2.5-3B,qwen_qwen2_5_3b,standard_span,small,,cf_gate_pred_small_expected_large,-8.341142412559982,-8.02893715983372,cf,-0.31220525272626176,120,110
standard_swap:t1,-8.879150366178303,-9.77844235054148,,50,ant,,,,small,standard_swap,True,1.5622449216451058,bias_corrected,small,0.574511313787939,2.1367562354330447,size-standard_swap-ant-S75-V61-small_to_large-mborderline-t1,False,borderline,Qwen/Qwen2.5-3B,qwen_qwen2_5_3b,standard_span,small,,cf_gate_pred_small_expected_large,-8.304639052390364,-7.641686115108436,base,0.6629529372819283,75,61
standard_swap:t1,-8.879150366178303,-9.77844235054148,,50,ant,,,,large,standard_swap,True,-1.4860222439714974,bias_corrected,small,0.7291456953434441,2.2151679393149415,size-standard_swap-ant-S75-V61-small_to_large-mborderline-t1,False,borderline,Qwen/Qwen2.5-3B,qwen_qwen2_5_3b,standard_span,small,,cf_gate_pred_small_expected_large,-8.150004670834859,-7.563274411226539,cf,-0.5867302596083199,75,61
standard_swap:t1,-8.879150366178303,-9.77844235054148,,100,ant,,,,small,standard_swap,True,1.8057972478002533,bias_corrected,small,0.14282723991165014,1.9486244877119034,size-standard_swap-ant-S150-V125-small_to_large-mborderline-t1,False,borderline,Qwen/Qwen2.5-3B,qwen_qwen2_5_3b,standard_span,small,,cf_gate_pred_small_expected_large,-8.736323126266653,-7.829817862829577,base,0.9065052634370758,150,125
standard_swap:t1,-8.879150366178303,-9.77844235054148,,100,ant,,,,large,standard_swap,True,-1.524496439266315,bias_corrected,small,0.4283277775032843,1.9528242167695993,size-standard_swap-ant-S150-V125-small_to_large-mborderline-t1,False,borderline,Qwen/Qwen2.5-3B,qwen_qwen2_5_3b,standard_span,small,,cf_gate_pred_small_expected_large,-8.450822588675019,-7.825618133771881,cf,-0.6252044549031375,150,125
standard_swap:t1,-8.879150366178303,-9.77844235054148,,100,ant,,,,small,standard_swap,True,1.7188690185388626,bias_corrected,small,0.2936125414923687,2.0124815600312314,size-standard_swap-ant-S200-V150-small_to_large-mclear-t1,False,clear,Qwen/Qwen2.5-3B,qwen_qwen2_5_3b,standard_span,small,,cf_gate_pred_small_expected_large,-8.585537824685934,-7.765960790510249,base,0.8195770341756852,200,150
standard_swap:t1,-8.879150366178303,-9.77844235054148,,100,ant,,,,large,standard_swap,True,-1.472738091967801,bias_corrected,small,0.4078588238146441,1.8805969157824451,size-standard_swap-ant-S200-V150-small_to_large-mclear-t1,False,clear,Qwen/Qwen2.5-3B,qwen_qwen2_5_3b,standard_span,small,,cf_gate_pred_small_expected_large,-8.471291542363659,-7.897845434759035,cf,-0.5734461076046236,200,150
standard_swap:t1,-8.879150366178303,-9.77844235054148,,10,ant,,,,small,standard_swap,True,1.9550386766835048,bias_corrected,small,-0.009536651136853536,1.9455020255466513,size-standard_swap-ant-S90-V30-small_to_large-mclear-t1,False,clear,Qwen/Qwen2.5-3B,qwen_qwen2_5_3b,standard_span,small,,cf_gate_pred_small_expected_large,-8.888687017315156,-7.832940324994829,base,1.0557466923203274,90,30
standard_swap:t1,-8.879150366178303,-9.77844235054148,,10,ant,,,,large,standard_swap,True,-1.9952349816922341,bias_corrected,small,0.28671473828603844,2.2819497199782726,size-standard_swap-ant-S90-V30-small_to_large-mclear-t1,False,clear,Qwen/Qwen2.5-3B,qwen_qwen2_5_3b,standard_span,small,,cf_gate_pred_small_expected_large,-8.592435627892264,-7.496492630563208,cf,-1.0959429973290566,90,30
standard_swap:t1,-8.879150366178303,-9.77844235054148,,100,ant,,,,small,standard_swap,True,1.7177532570918679,bias_corrected,small,0.19513741216998604,1.912890669261854,size-standard_swap-ant-S900-V300-small_to_large-mclear-t1,False,clear,Qwen/Qwen2.5-3B,qwen_qwen2_5_3b,standard_span,small,,cf_gate_pred_small_expected_large,-8.684012954008317,-7.8655516812796265,base,0.8184612727286904,900,300
standard_swap:t1,-8.879150366178303,-9.77844235054148,,100,ant,,,,large,standard_swap,True,-1.816917513725457,bias_corrected,small,0.1838043603190158,2.0007218740444728,size-standard_swap-ant-S900-V300-small_to_large-mclear-t1,False,clear,Qwen/Qwen2.5-3B,qwen_qwen2_5_3b,standard_span,small,,cf_gate_pred_small_expected_large,-8.695346005859287,-7.777720476497008,cf,-0.9176255293622795,900,300
standard_swap:t1,-8.879150366178303,-9.77844235054148,,100,ant,,,,small,standard_swap,True,1.8277667848075838,bias_corrected,small,0.23745997965096421,2.065226764458548,size-standard_swap-ant-S999-V150-small_to_large-mextreme-t1,False,extreme,Qwen/Qwen2.5-3B,qwen_qwen2_5_3b,standard_span,small,,cf_gate_pred_small_expected_large,-8.641690386527339,-7.713215586082932,base,0.9284748004444063,999,150
standard_swap:t1,-8.879150366178303,-9.77844235054148,,100,ant,,,,large,standard_swap,True,-1.472738091967801,bias_corrected,small,0.4078588238146441,1.8805969157824451,size-standard_swap-ant-S999-V150-small_to_large-mextreme-t1,False,extreme,Qwen/Qwen2.5-3B,qwen_qwen2_5_3b,standard_span,small,,cf_gate_pred_small_expected_large,-8.471291542363659,-7.897845434759035,cf,-0.5734461076046236,999,150
standard_swap:t1,-8.879150366178303,-9.77844235054148,,100,human,,,,small,standard_swap,True,2.2720575251303945,bias_corrected,small,0.1780779037581155,2.45013542888851,size-standard_swap-human-S102-V101-small_to_large-mborderline-t1,False,borderline,Qwen/Qwen2.5-3B,qwen_qwen2_5_3b,standard_span,small,,cf_gate_pred_small_expected_large,-8.701072462420187,-7.32830692165297,base,1.372765540767217,102,101
standard_swap:t1,-8.879150366178303,-9.77844235054148,,100,human,,,,large,standard_swap,True,-2.049266417232209,bias_corrected,small,0.3957635754026576,2.4450299926348666,size-standard_swap-human-S102-V101-small_to_large-mborderline-t1,False,borderline,Qwen/Qwen2.5-3B,qwen_qwen2_5_3b,standard_span,small,,cf_gate_pred_small_expected_large,-8.483386790775645,-7.333412357906614,cf,-1.1499744328690316,102,101
standard_swap:t1,-8.879150366178303,-9.77844235054148,,100,human,,,,small,standard_swap,True,1.4868354586420836,bias_corrected,small,0.723711557856733,2.2105470164988166,size-standard_swap-human-S120-V110-small_to_large-mborderline-t1,False,borderline,Qwen/Qwen2.5-3B,qwen_qwen2_5_3b,standard_span,small,,cf_gate_pred_small_expected_large,-8.15543880832157,-7.567895334042664,base,0.5875434742789061,120,110
standard_swap:t1,-8.879150366178303,-9.77844235054148,,100,human,,,,large,standard_swap,True,-1.4243206086874842,bias_corrected,small,0.6410594658767526,2.065380074564237,size-standard_swap-human-S120-V110-small_to_large-mborderline-t1,False,borderline,Qwen/Qwen2.5-3B,qwen_qwen2_5_3b,standard_span,small,,cf_gate_pred_small_expected_large,-8.23809090030155,-7.713062275977244,cf,-0.5250286243243067,120,110
standard_swap:t1,-8.879150366178303,-9.77844235054148,,50,human,,,,small,standard_swap,True,1.3150442342252475,bias_corrected,small,0.710982224621592,2.0260264588468395,size-standard_swap-human-S75-V61-small_to_large-mborderline-t1,False,borderline,Qwen/Qwen2.5-3B,qwen_qwen2_5_3b,standard_span,small,,cf_gate_pred_small_expected_large,-8.168168141556711,-7.752415891694641,base,0.41575224986207004,75,61
standard_swap:t1,-8.879150366178303,-9.77844235054148,,50,human,,,,large,standard_swap,True,-1.3711248855919962,bias_corrected,small,0.8449770407276418,2.216101926319638,size-standard_swap-human-S75-V61-small_to_large-mborderline-t1,False,borderline,Qwen/Qwen2.5-3B,qwen_qwen2_5_3b,standard_span,small,,cf_gate_pred_small_expected_large,-8.034173325450661,-7.562340424221842,cf,-0.4718329012288187,75,61
standard_swap:t1,-8.879150366178303,-9.77844235054148,,100,human,,,,small,standard_swap,True,1.499348331062115,bias_corrected,small,0.6257835086820442,2.125131839744159,size-standard_swap-human-S150-V125-small_to_large-mborderline-t1,False,borderline,Qwen/Qwen2.5-3B,qwen_qwen2_5_3b,standard_span,small,,cf_gate_pred_small_expected_large,-8.253366857496259,-7.653310510797321,base,0.6000563466989375,150,125
standard_swap:t1,-8.879150366178303,-9.77844235054148,,100,human,,,,large,standard_swap,True,-1.4465746844080254,bias_corrected,small,0.6116287729224865,2.058203457330512,size-standard_swap-human-S150-V125-small_to_large-mborderline-t1,False,borderline,Qwen/Qwen2.5-3B,qwen_qwen2_5_3b,standard_span,small,,cf_gate_pred_small_expected_large,-8.267521593255816,-7.7202388932109685,cf,-0.5472827000448479,150,125
standard_swap:t1,-8.879150366178303,-9.77844235054148,,100,human,,,,small,standard_swap,True,1.1907629310555645,bias_corrected,small,0.5461363908156951,1.7368993218712596,size-standard_swap-human-S200-V150-small_to_large-mclear-t1,False,clear,Qwen/Qwen2.5-3B,qwen_qwen2_5_3b,standard_span,small,,cf_gate_pred_small_expected_large,-8.333013975362608,-8.04154302867022,base,0.29147094669238705,200,150
standard_swap:t1,-8.879150366178303,-9.77844235054148,,100,human,,,,large,standard_swap,True,-1.249710734932549,bias_corrected,small,0.49411364428538995,1.7438243792179389,size-standard_swap-human-S200-V150-small_to_large-mclear-t1,False,clear,Qwen/Qwen2.5-3B,qwen_qwen2_5_3b,standard_span,small,,cf_gate_pred_small_expected_large,-8.385036721892913,-8.034617971323541,cf,-0.35041875056937144,200,150
standard_swap:t1,-8.879150366178303,-9.77844235054148,,10,human,,,,small,standard_swap,True,1.1518072039091942,bias_corrected,small,0.6544244721367694,1.8062316760459636,size-standard_swap-human-S90-V30-small_to_large-mclear-t1,False,clear,Qwen/Qwen2.5-3B,qwen_qwen2_5_3b,standard_span,small,,cf_gate_pred_small_expected_large,-8.224725894041534,-7.972210674495517,base,0.25251521954601674,90,30
standard_swap:t1,-8.879150366178303,-9.77844235054148,,10,human,,,,large,standard_swap,True,-1.5020248520940624,bias_corrected,small,0.48563631800230844,1.9876611700963709,size-standard_swap-human-S90-V30-small_to_large-mclear-t1,False,clear,Qwen/Qwen2.5-3B,qwen_qwen2_5_3b,standard_span,small,,cf_gate_pred_small_expected_large,-8.393514048175994,-7.7907811804451095,cf,-0.602732867730885,90,30
standard_swap:t1,-8.879150366178303,-9.77844235054148,,100,human,,,,small,standard_swap,True,1.0491961658861015,bias_corrected,small,0.6433951973342769,1.6925913632203784,size-standard_swap-human-S900-V300-small_to_large-mclear-t1,False,clear,Qwen/Qwen2.5-3B,qwen_qwen2_5_3b,standard_span,small,,cf_gate_pred_small_expected_large,-8.235755168844026,-8.085850987321102,base,0.14990418152292406,900,300
standard_swap:t1,-8.879150366178303,-9.77844235054148,,100,human,,,,large,standard_swap,True,-1.192478212774482,bias_corrected,small,0.43603436760328584,1.6285125803777678,size-standard_swap-human-S900-V300-small_to_large-mclear-t1,False,clear,Qwen/Qwen2.5-3B,qwen_qwen2_5_3b,standard_span,small,,cf_gate_pred_small_expected_large,-8.443115998575017,-8.149929770163713,cf,-0.2931862284113045,900,300
standard_swap:t1,-8.879150366178303,-9.77844235054148,,100,human,,,,small,standard_swap,True,1.198310568718835,bias_corrected,small,0.3912422085940843,1.5895527773129192,size-standard_swap-human-S999-V150-small_to_large-mextreme-t1,False,extreme,Qwen/Qwen2.5-3B,qwen_qwen2_5_3b,standard_span,small,,cf_gate_pred_small_expected_large,-8.487908157584219,-8.188889573228561,base,0.2990185843556574,999,150
standard_swap:t1,-8.879150366178303,-9.77844235054148,,100,human,,,,large,standard_swap,True,-1.249710734932549,bias_corrected,small,0.49411364428538995,1.7438243792179389,size-standard_swap-human-S999-V150-small_to_large-mextreme-t1,False,extreme,Qwen/Qwen2.5-3B,qwen_qwen2_5_3b,standard_span,small,,cf_gate_pred_small_expected_large,-8.385036721892913,-8.034617971323541,cf,-0.35041875056937144,999,150
standard_swap:t1,-8.879150366178303,-9.77844235054148,,100,elephant,,,,small,standard_swap,True,2.632203912990043,bias_corrected,small,-0.44632397360221887,2.1858799393878243,size-standard_swap-elephant-S102-V101-small_to_large-mborderline-t1,False,borderline,Qwen/Qwen2.5-3B,qwen_qwen2_5_3b,standard_span,small,,cf_gate_pred_small_expected_large,-9.325474339780522,-7.592562411153656,base,1.7329119286268657,102,101
standard_swap:t1,-8.879150366178303,-9.77844235054148,,100,elephant,,,,large,standard_swap,True,-1.8407760382764273,bias_corrected,small,0.13164614226404758,1.972422180540475,size-standard_swap-elephant-S102-V101-small_to_large-mborderline-t1,False,borderline,Qwen/Qwen2.5-3B,qwen_qwen2_5_3b,standard_span,small,,cf_gate_pred_small_expected_large,-8.747504223914255,-7.8060201700010055,cf,-0.9414840539132499,102,101
standard_swap:t1,-8.879150366178303,-9.77844235054148,,100,elephant,,,,small,standard_swap,True,2.139207007722902,bias_corrected,small,-0.20045307112410526,1.938753936598797,size-standard_swap-elephant-S120-V110-small_to_large-mborderline-t1,False,borderline,Qwen/Qwen2.5-3B,qwen_qwen2_5_3b,standard_span,small,,cf_gate_pred_small_expected_large,-9.079603437302408,-7.8396884139426835,base,1.2399150233597247,120,110
standard_swap:t1,-8.879150366178303,-9.77844235054148,,100,elephant,,,,large,standard_swap,True,-1.2598381610909666,bias_corrected,small,0.37260636430190885,1.6324445253928754,size-standard_swap-elephant-S120-V110-small_to_large-mborderline-t1,False,borderline,Qwen/Qwen2.5-3B,qwen_qwen2_5_3b,standard_span,small,,cf_gate_pred_small_expected_large,-8.506544001876394,-8.145997825148605,cf,-0.3605461767277891,120,110
standard_swap:t1,-8.879150366178303,-9.77844235054148,,50,elephant,,,,small,standard_swap,True,1.664182206033355,bias_corrected,small,0.39899925366702327,2.0631814597003784,size-standard_swap-elephant-S75-V61-small_to_large-mborderline-t1,False,borderline,Qwen/Qwen2.5-3B,qwen_qwen2_5_3b,standard_span,small,,cf_gate_pred_small_expected_large,-8.48015111251128,-7.715260890841102,base,0.7648902216701776,75,61
standard_swap:t1,-8.879150366178303,-9.77844235054148,,50,elephant,,,,large,standard_swap,True,-1.3951774459244968,bias_corrected,small,0.6427106997583234,2.03788814568282,size-standard_swap-elephant-S75-V61-small_to_large-mborderline-t1,False,borderline,Qwen/Qwen2.5-3B,qwen_qwen2_5_3b,standard_span,small,,cf_gate_pred_small_expected_large,-8.23643966641998,-7.74055420485866,cf,-0.4958854615613193,75,61
standard_swap:t1,-8.879150366178303,-9.77844235054148,,100,elephant,,,,small,standard_swap,True,1.7704320143131955,bias_corrected,small,0.03708262469122481,1.8075146390044203,size-standard_swap-elephant-S150-V125-small_to_large-mborderline-t1,False,borderline,Qwen/Qwen2.5-3B,qwen_qwen2_5_3b,standard_span,small,,cf_gate_pred_small_expected_large,-8.842067741487078,-7.97092771153706,base,0.871140029950018,150,125
standard_swap:t1,-8.879150366178303,-9.77844235054148,,100,elephant,,,,large,standard_swap,True,-1.2023374697148927,bias_corrected,small,0.45653574945763786,1.6588732191725306,size-standard_swap-elephant-S150-V125-small_to_large-mborderline-t1,False,borderline,Qwen/Qwen2.5-3B,qwen_qwen2_5_3b,standard_span,small,,cf_gate_pred_small_expected_large,-8.422614616720665,-8.11956913136895,cf,-0.30304548535171527,150,125
standard_swap:t1,-8.879150366178303,-9.77844235054148,,100,elephant,,,,small,standard_swap,True,1.1744603850869613,bias_corrected,small,0.2740670810833574,1.4485274661703187,size-standard_swap-elephant-S200-V150-small_to_large-mclear-t1,False,clear,Qwen/Qwen2.5-3B,qwen_qwen2_5_3b,standard_span,small,,cf_gate_pred_small_expected_large,-8.605083285094945,-8.329914884371162,base,0.2751684007237838,200,150
standard_swap:t1,-8.879150366178303,-9.77844235054148,,100,elephant,,,,large,standard_swap,True,-0.5606509123027195,bias_corrected,small,0.46195092912203073,1.0226018414247502,size-standard_swap-elephant-S200-V150-small_to_large-mclear-t1,False,clear,Qwen/Qwen2.5-3B,qwen_qwen2_5_3b,standard_span,large,,cf_gate_pred_small_expected_large,-8.417199437056272,-8.75584050911673,cf,0.338641072060458,200,150
standard_swap:t1,-8.879150366178303,-9.77844235054148,,10,elephant,,,,small,standard_swap,True,1.9863230199215565,bias_corrected,small,-0.048074936979647376,1.938248082941909,size-standard_swap-elephant-S90-V30-small_to_large-mclear-t1,False,clear,Qwen/Qwen2.5-3B,qwen_qwen2_5_3b,standard_span,small,,cf_gate_pred_small_expected_large,-8.92722530315795,-7.840194267599571,base,1.087031035558379,90,30
standard_swap:t1,-8.879150366178303,-9.77844235054148,,10,elephant,,,,large,standard_swap,True,-1.2541952441974216,bias_corrected,small,0.5607739959354561,1.8149692401328776,size-standard_swap-elephant-S90-V30-small_to_large-mclear-t1,False,clear,Qwen/Qwen2.5-3B,qwen_qwen2_5_3b,standard_span,small,,cf_gate_pred_small_expected_large,-8.318376370242847,-7.963473110408603,cf,-0.3549032598342441,90,30
standard_swap:t1,-8.879150366178303,-9.77844235054148,,100,elephant,,,,small,standard_swap,True,0.7765981434699025,bias_corrected,small,0.6407158656071346,1.417314009077037,size-standard_swap-elephant-S900-V300-small_to_large-mclear-t1,False,clear,Qwen/Qwen2.5-3B,qwen_qwen2_5_3b,standard_span,large,,cf_gate_pred_small_expected_large,-8.238434500571168,-8.361128341464443,base,-0.12269384089327495,900,300
standard_swap:t1,-8.879150366178303,-9.77844235054148,,100,elephant,,,,large,standard_swap,True,-0.3155816748185174,bias_corrected,small,0.6537586590413067,0.9693403338598241,size-standard_swap-elephant-S900-V300-small_to_large-mclear-t1,False,clear,Qwen/Qwen2.5-3B,qwen_qwen2_5_3b,standard_span,large,,cf_gate_pred_small_expected_large,-8.225391707136996,-8.809102016681656,cf,0.5837103095446601,900,300
standard_swap:t1,-8.879150366178303,-9.77844235054148,,100,elephant,,,,small,standard_swap,True,1.1453852837307519,bias_corrected,small,0.38452812421913585,1.5299134079498877,size-standard_swap-elephant-S999-V150-small_to_large-mextreme-t1,False,extreme,Qwen/Qwen2.5-3B,qwen_qwen2_5_3b,standard_span,small,,cf_gate_pred_small_expected_large,-8.494622241959167,-8.248528942591593,base,0.2460932993675744,999,150
standard_swap:t1,-8.879150366178303,-9.77844235054148,,100,elephant,,,,large,standard_swap,True,-0.5606509123027195,bias_corrected,small,0.46195092912203073,1.0226018414247502,size-standard_swap-elephant-S999-V150-small_to_large-mextreme-t1,False,extreme,Qwen/Qwen2.5-3B,qwen_qwen2_5_3b,standard_span,large,,cf_gate_pred_small_expected_large,-8.417199437056272,-8.75584050911673,cf,0.338641072060458,999,150
standard_swap:t1,-8.879150366178303,-9.77844235054148,,100,glorb,,,,small,standard_swap,True,2.4054298470827096,bias_corrected,small,-0.3029060974160398,2.1025237496666698,size-standard_swap-glorb-S102-V101-small_to_large-mborderline-t1,False,borderline,Qwen/Qwen2.5-3B,qwen_qwen2_5_3b,standard_span,small,,cf_gate_pred_small_expected_large,-9.182056463594343,-7.675918600874811,base,1.506137862719532,102,101
standard_swap:t1,-8.879150366178303,-9.77844235054148,,100,glorb,,,,large,standard_swap,True,-1.8189844555975538,bias_corrected,small,0.14472014730986338,1.9637046029074172,size-standard_swap-glorb-S102-V101-small_to_large-mborderline-t1,False,borderline,Qwen/Qwen2.5-3B,qwen_qwen2_5_3b,standard_span,small,,cf_gate_pred_small_expected_large,-8.73443021886844,-7.814737747634063,cf,-0.9196924712343764,102,101
standard_swap:t1,-8.879150366178303,-9.77844235054148,,100,glorb,,,,small,standard_swap,True,1.7621619403442068,bias_corrected,small,0.1540338197208886,1.9161957600650954,size-standard_swap-glorb-S120-V110-small_to_large-mborderline-t1,False,borderline,Qwen/Qwen2.5-3B,qwen_qwen2_5_3b,standard_span,small,,cf_gate_pred_small_expected_large,-8.725116546457414,-7.862246590476385,base,0.8628699559810293,120,110
standard_swap:t1,-8.879150366178303,-9.77844235054148,,100,glorb,,,,large,standard_swap,True,-1.257648104246556,bias_corrected,small,0.3893508198909732,1.6469989241375291,size-standard_swap-glorb-S120-V110-small_to_large-mborderline-t1,False,borderline,Qwen/Qwen2.5-3B,qwen_qwen2_5_3b,standard_span,small,,cf_gate_pred_small_expected_large,-8.48979954628733,-8.131443426403951,cf,-0.35835611988337845,120,110
standard_swap:t1,-8.879150366178303,-9.77844235054148,,50,glorb,,,,small,standard_swap,True,1.4486070042609285,bias_corrected,small,0.759305221401938,2.2079122256628665,size-standard_swap-glorb-S75-V61-small_to_large-mborderline-t1,False,borderline,Qwen/Qwen2.5-3B,qwen_qwen2_5_3b,standard_span,small,,cf_gate_pred_small_expected_large,-8.119845144776365,-7.570530124878614,base,0.549315019897751,75,61
standard_swap:t1,-8.879150366178303,-9.77844235054148,,50,glorb,,,,large,standard_swap,True,-1.1989637963077575,bias_corrected,small,0.8891510563267877,2.088114852634545,size-standard_swap-glorb-S75-V61-small_to_large-mborderline-t1,False,borderline,Qwen/Qwen2.5-3B,qwen_qwen2_5_3b,standard_span,small,,cf_gate_pred_small_expected_large,-7.989999309851515,-7.690327497906935,cf,-0.29967181194458004,75,61
standard_swap:t1,-8.879150366178303,-9.77844235054148,,100,glorb,,,,small,standard_swap,True,1.4845857216475018,bias_corrected,small,0.3922249970477427,1.8768107186952445,size-standard_swap-glorb-S150-V125-small_to_large-mborderline-t1,False,borderline,Qwen/Qwen2.5-3B,qwen_qwen2_5_3b,standard_span,small,,cf_gate_pred_small_expected_large,-8.48692536913056,-7.901631631846236,base,0.5852937372843243,150,125
standard_swap:t1,-8.879150366178303,-9.77844235054148,,100,glorb,,,,large,standard_swap,True,-1.1278720681458285,bias_corrected,small,0.44722140579413683,1.5750934739399653,size-standard_swap-glorb-S150-V125-small_to_large-mborderline-t1,False,borderline,Qwen/Qwen2.5-3B,qwen_qwen2_5_3b,standard_span,small,,cf_gate_pred_small_expected_large,-8.431928960384166,-8.203348876601515,cf,-0.22858008378265104,150,125
standard_swap:t1,-8.879150366178303,-9.77844235054148,,100,glorb,,,,small,standard_swap,True,1.1291690392939753,bias_corrected,small,0.5722252550941871,1.7013942943881624,size-standard_swap-glorb-S200-V150-small_to_large-mclear-t1,False,clear,Qwen/Qwen2.5-3B,qwen_qwen2_5_3b,standard_span,small,,cf_gate_pred_small_expected_large,-8.306925111084116,-8.077048056153318,base,0.2298770549307978,200,150
standard_swap:t1,-8.879150366178303,-9.77844235054148,,100,glorb,,,,large,standard_swap,True,-0.6408426566731418,bias_corrected,small,0.547272057938704,1.1881147146118458,size-standard_swap-glorb-S200-V150-small_to_large-mclear-t1,False,clear,Qwen/Qwen2.5-3B,qwen_qwen2_5_3b,standard_span,large,,cf_gate_pred_small_expected_large,-8.331878308239599,-8.590327635929635,cf,0.2584493276900357,200,150
standard_swap:t1,-8.879150366178303,-9.77844235054148,,10,glorb,,,,small,standard_swap,True,1.5610104067727875,bias_corrected,small,0.7193838385337852,2.2803942453065726,size-standard_swap-glorb-S90-V30-small_to_large-mclear-t1,False,clear,Qwen/Qwen2.5-3B,qwen_qwen2_5_3b,standard_span,small,,cf_gate_pred_small_expected_large,-8.159766527644518,-7.498048105234908,base,0.66171842240961,90,30
standard_swap:t1,-8.879150366178303,-9.77844235054148,,10,glorb,,,,large,standard_swap,True,-1.0788688265817745,bias_corrected,small,0.9555251750865814,2.034394001668356,size-standard_swap-glorb-S90-V30-small_to_large-mclear-t1,False,clear,Qwen/Qwen2.5-3B,qwen_qwen2_5_3b,standard_span,small,,cf_gate_pred_small_expected_large,-7.9236251910917215,-7.744048348873124,cf,-0.17957684221859704,90,30
standard_swap:t1,-8.879150366178303,-9.77844235054148,,100,glorb,,,,small,standard_swap,True,0.8525371632476109,bias_corrected,small,0.6040682392491519,1.4566054024967627,size-standard_swap-glorb-S900-V300-small_to_large-mclear-t1,False,clear,Qwen/Qwen2.5-3B,qwen_qwen2_5_3b,standard_span,large,,cf_gate_pred_small_expected_large,-8.275082126929151,-8.321836948044718,base,-0.046754821115566614,900,300
standard_swap:t1,-8.879150366178303,-9.77844235054148,,100,glorb,,,,large,standard_swap,True,-0.5439465179313245,bias_corrected,small,0.49806039278956327,1.0420069107208878,size-standard_swap-glorb-S900-V300-small_to_large-mclear-t1,False,clear,Qwen/Qwen2.5-3B,qwen_qwen2_5_3b,standard_span,large,,cf_gate_pred_small_expected_large,-8.38108997338874,-8.736435439820593,cf,0.35534546643185294,900,300
standard_swap:t1,-8.879150366178303,-9.77844235054148,,100,glorb,,,,small,standard_swap,True,1.0638906682188125,bias_corrected,small,0.4961074011414741,1.5599980693602866,size-standard_swap-glorb-S999-V150-small_to_large-mextreme-t1,False,extreme,Qwen/Qwen2.5-3B,qwen_qwen2_5_3b,standard_span,small,,cf_gate_pred_small_expected_large,-8.383042965036829,-8.218444281181194,base,0.16459868385563503,999,150
standard_swap:t1,-8.879150366178303,-9.77844235054148,,100,glorb,,,,large,standard_swap,True,-0.6408426566731418,bias_corrected,small,0.547272057938704,1.1881147146118458,size-standard_swap-glorb-S999-V150-small_to_large-mextreme-t1,False,extreme,Qwen/Qwen2.5-3B,qwen_qwen2_5_3b,standard_span,large,,cf_gate_pred_small_expected_large,-8.331878308239599,-8.590327635929635,cf,0.2584493276900357,999,150
standard_swap:t1,-8.879150366178303,-9.77844235054148,,100,dax,,,,small,standard_swap,True,2.24587698275053,bias_corrected,small,-0.1951917365067235,2.0506852462438063,size-standard_swap-dax-S102-V101-small_to_large-mborderline-t1,False,borderline,Qwen/Qwen2.5-3B,qwen_qwen2_5_3b,standard_span,small,,cf_gate_pred_small_expected_large,-9.074342102685026,-7.727757104297674,base,1.3465849983873523,102,101
standard_swap:t1,-8.879150366178303,-9.77844235054148,,100,dax,,,,large,standard_swap,True,-1.7890995282271476,bias_corrected,small,0.025817620332338365,1.814917148559486,size-standard_swap-dax-S102-V101-small_to_large-mborderline-t1,False,borderline,Qwen/Qwen2.5-3B,qwen_qwen2_5_3b,standard_span,small,,cf_gate_pred_small_expected_large,-8.853332745845965,-7.963525201981994,cf,-0.8898075438639701,102,101
standard_swap:t1,-8.879150366178303,-9.77844235054148,,100,dax,,,,small,standard_swap,True,1.5113152895244655,bias_corrected,small,0.31090568314420075,1.8222209726686662,size-standard_swap-dax-S120-V110-small_to_large-mborderline-t1,False,borderline,Qwen/Qwen2.5-3B,qwen_qwen2_5_3b,standard_span,small,,cf_gate_pred_small_expected_large,-8.568244683034102,-7.956221377872814,base,0.612023305161288,120,110
standard_swap:t1,-8.879150366178303,-9.77844235054148,,100,dax,,,,large,standard_swap,True,-1.1666132812074164,bias_corrected,small,0.381968478027094,1.5485817592345104,size-standard_swap-dax-S120-V110-small_to_large-mborderline-t1,False,borderline,Qwen/Qwen2.5-3B,qwen_qwen2_5_3b,standard_span,small,,cf_gate_pred_small_expected_large,-8.497181888151209,-8.22986059130697,cf,-0.2673212968442389,120,110
standard_swap:t1,-8.879150366178303,-9.77844235054148,,50,dax,,,,small,standard_swap,True,1.2386746197601743,bias_corrected,small,0.878171650577098,2.1168462703372724,size-standard_swap-dax-S75-V61-small_to_large-mborderline-t1,False,borderline,Qwen/Qwen2.5-3B,qwen_qwen2_5_3b,standard_span,small,,cf_gate_pred_small_expected_large,-8.000978715601205,-7.661596080204208,base,0.33938263539699687,75,61
standard_swap:t1,-8.879150366178303,-9.77844235054148,,50,dax,,,,large,standard_swap,True,-1.0762727275209416,bias_corrected,small,0.9066877686089114,1.982960496129853,size-standard_swap-dax-S75-V61-small_to_large-mborderline-t1,False,borderline,Qwen/Qwen2.5-3B,qwen_qwen2_5_3b,standard_span,small,,cf_gate_pred_small_expected_large,-7.9724625975693915,-7.795481854411627,cf,-0.17698074315776413,75,61
standard_swap:t1,-8.879150366178303,-9.77844235054148,,100,dax,,,,small,standard_swap,True,1.2512760950009554,bias_corrected,small,0.5255476244730115,1.776823719473967,size-standard_swap-dax-S150-V125-small_to_large-mborderline-t1,False,borderline,Qwen/Qwen2.5-3B,qwen_qwen2_5_3b,standard_span,small,,cf_gate_pred_small_expected_large,-8.353602741705291,-8.001618631067513,base,0.3519841106377779,150,125
standard_swap:t1,-8.879150366178303,-9.77844235054148,,100,dax,,,,large,standard_swap,True,-1.043507294850608,bias_corrected,small,0.461035538865735,1.504542833716343,size-standard_swap-dax-S150-V125-small_to_large-mborderline-t1,False,borderline,Qwen/Qwen2.5-3B,qwen_qwen2_5_3b,standard_span,small,,cf_gate_pred_small_expected_large,-8.418114827312568,-8.273899516825137,cf,-0.14421531048743041,150,125
standard_swap:t1,-8.879150366178303,-9.77844235054148,,100,dax,,,,small,standard_swap,True,0.9007699740636479,bias_corrected,small,0.5977314006821413,1.4985013747457891,size-standard_swap-dax-S200-V150-small_to_large-mclear-t1,False,clear,Qwen/Qwen2.5-3B,qwen_qwen2_5_3b,standard_span,small,,cf_gate_pred_small_expected_large,-8.281418965496162,-8.279940975795691,base,0.0014779897004704168,200,150
standard_swap:t1,-8.879150366178303,-9.77844235054148,,100,dax,,,,large,standard_swap,True,-0.587860676381716,bias_corrected,small,0.5591238914251537,1.1469845678068697,size-standard_swap-dax-S200-V150-small_to_large-mclear-t1,False,clear,Qwen/Qwen2.5-3B,qwen_qwen2_5_3b,standard_span,large,,cf_gate_pred_small_expected_large,-8.32002647475315,-8.63145778273461,cf,0.31143130798146146,200,150
standard_swap:t1,-8.879150366178303,-9.77844235054148,,10,dax,,,,small,standard_swap,True,1.261704056384425,bias_corrected,small,0.9706603416377355,2.2323643980221606,size-standard_swap-dax-S90-V30-small_to_large-mclear-t1,False,clear,Qwen/Qwen2.5-3B,qwen_qwen2_5_3b,standard_span,small,,cf_gate_pred_small_expected_large,-7.908490024540567,-7.54607795251932,base,0.3624120720212476,90,30
standard_swap:t1,-8.879150366178303,-9.77844235054148,,10,dax,,,,large,standard_swap,True,-1.0131840267322394,bias_corrected,small,0.9302873659553699,1.9434713926876093,size-standard_swap-dax-S90-V30-small_to_large-mclear-t1,False,clear,Qwen/Qwen2.5-3B,qwen_qwen2_5_3b,standard_span,small,,cf_gate_pred_small_expected_large,-7.948863000222933,-7.834970957853871,cf,-0.11389204236906192,90,30
standard_swap:t1,-8.879150366178303,-9.77844235054148,,100,dax,,,,small,standard_swap,True,0.6624238908969051,bias_corrected,small,0.6669097972800344,1.3293336881769395,size-standard_swap-dax-S900-V300-small_to_large-mclear-t1,False,clear,Qwen/Qwen2.5-3B,qwen_qwen2_5_3b,standard_span,large,,cf_gate_pred_small_expected_large,-8.212240568898268,-8.44910866236454,base,-0.23686809346627236,900,300
standard_swap:t1,-8.879150366178303,-9.77844235054148,,100,dax,,,,large,standard_swap,True,-0.4977459762943184,bias_corrected,small,0.6032632832214606,1.101009259515779,size-standard_swap-dax-S900-V300-small_to_large-mclear-t1,False,clear,Qwen/Qwen2.5-3B,qwen_qwen2_5_3b,standard_span,large,,cf_gate_pred_small_expected_large,-8.275887082956842,-8.677433091025701,cf,0.4015460080688591,900,300
standard_swap:t1,-8.879150366178303,-9.77844235054148,,100,dax,,,,small,standard_swap,True,0.973271253707388,bias_corrected,small,0.48237821270025805,1.455649466407646,size-standard_swap-dax-S999-V150-small_to_large-mextreme-t1,False,extreme,Qwen/Qwen2.5-3B,qwen_qwen2_5_3b,standard_span,small,,cf_gate_pred_small_expected_large,-8.396772153478045,-8.322792884133834,base,0.07397926934421051,999,150
standard_swap:t1,-8.879150366178303,-9.77844235054148,,100,dax,,,,large,standard_swap,True,-0.587860676381716,bias_corrected,small,0.5591238914251537,1.1469845678068697,size-standard_swap-dax-S999-V150-small_to_large-mextreme-t1,False,extreme,Qwen/Qwen2.5-3B,qwen_qwen2_5_3b,standard_span,large,,cf_gate_pred_small_expected_large,-8.32002647475315,-8.63145778273461,cf,0.31143130798146146,999,150
standard_swap:t1,-8.879150366178303,-9.77844235054148,,100,fenzel,,,,small,standard_swap,True,2.5214494551198516,bias_corrected,small,-0.44506639998978414,2.0763830551300675,size-standard_swap-fenzel-S102-V101-small_to_large-mborderline-t1,False,borderline,Qwen/Qwen2.5-3B,qwen_qwen2_5_3b,standard_span,small,,cf_gate_pred_small_expected_large,-9.324216766168087,-7.702059295411413,base,1.6221574707566742,102,101
standard_swap:t1,-8.879150366178303,-9.77844235054148,,100,fenzel,,,,large,standard_swap,True,-1.918352257239408,bias_corrected,small,0.04807927726409211,1.9664315345035002,size-standard_swap-fenzel-S102-V101-small_to_large-mborderline-t1,False,borderline,Qwen/Qwen2.5-3B,qwen_qwen2_5_3b,standard_span,small,,cf_gate_pred_small_expected_large,-8.83107108891421,-7.81201081603798,cf,-1.0190602728762306,102,101
standard_swap:t1,-8.879150366178303,-9.77844235054148,,100,fenzel,,,,small,standard_swap,True,2.1142747541441524,bias_corrected,small,-0.09065000001655221,2.0236247541276002,size-standard_swap-fenzel-S120-V110-small_to_large-mborderline-t1,False,borderline,Qwen/Qwen2.5-3B,qwen_qwen2_5_3b,standard_span,small,,cf_gate_pred_small_expected_large,-8.969800366194855,-7.75481759641388,base,1.214982769780975,120,110
standard_swap:t1,-8.879150366178303,-9.77844235054148,,100,fenzel,,,,large,standard_swap,True,-1.4106925794136043,bias_corrected,small,0.27682994702902697,1.6875225264426312,size-standard_swap-fenzel-S120-V110-small_to_large-mborderline-t1,False,borderline,Qwen/Qwen2.5-3B,qwen_qwen2_5_3b,standard_span,small,,cf_gate_pred_small_expected_large,-8.602320419149276,-8.09091982409885,cf,-0.5114005950504268,120,110
standard_swap:t1,-8.879150366178303,-9.77844235054148,,50,fenzel,,,,small,standard_swap,True,1.5995562747132634,bias_corrected,small,0.5924241736575926,2.191980448370856,size-standard_swap-fenzel-S75-V61-small_to_large-mborderline-t1,False,borderline,Qwen/Qwen2.5-3B,qwen_qwen2_5_3b,standard_span,small,,cf_gate_pred_small_expected_large,-8.28672619252071,-7.586461902170624,base,0.700264290350086,75,61
standard_swap:t1,-8.879150366178303,-9.77844235054148,,50,fenzel,,,,large,standard_swap,True,-1.3607704229088737,bias_corrected,small,0.7291345596313477,2.0899049825402214,size-standard_swap-fenzel-S75-V61-small_to_large-mborderline-t1,False,borderline,Qwen/Qwen2.5-3B,qwen_qwen2_5_3b,standard_span,small,,cf_gate_pred_small_expected_large,-8.150015806546955,-7.688537368001259,cf,-0.46147843854569626,75,61
standard_swap:t1,-8.879150366178303,-9.77844235054148,,100,fenzel,,,,small,standard_swap,True,1.6985834888896596,bias_corrected,small,0.2827673036494467,1.9813507925391063,size-standard_swap-fenzel-S150-V125-small_to_large-mborderline-t1,False,borderline,Qwen/Qwen2.5-3B,qwen_qwen2_5_3b,standard_span,small,,cf_gate_pred_small_expected_large,-8.596383062528856,-7.797091558002374,base,0.7992915045264821,150,125
standard_swap:t1,-8.879150366178303,-9.77844235054148,,100,fenzel,,,,large,standard_swap,True,-1.2325692154783887,bias_corrected,small,0.3268676933908914,1.55943690886928,size-standard_swap-fenzel-S150-V125-small_to_large-mborderline-t1,False,borderline,Qwen/Qwen2.5-3B,qwen_qwen2_5_3b,standard_span,small,,cf_gate_pred_small_expected_large,-8.552282672787411,-8.2190054416722,cf,-0.33327723111521124,150,125
standard_swap:t1,-8.879150366178303,-9.77844235054148,,100,fenzel,,,,small,standard_swap,True,1.2197303022929518,bias_corrected,small,0.4313697056431369,1.6511000079360887,size-standard_swap-fenzel-S200-V150-small_to_large-mclear-t1,False,clear,Qwen/Qwen2.5-3B,qwen_qwen2_5_3b,standard_span,small,,cf_gate_pred_small_expected_large,-8.447780660535166,-8.127342342605392,base,0.3204383179297743,200,150
standard_swap:t1,-8.879150366178303,-9.77844235054148,,100,fenzel,,,,large,standard_swap,True,-0.6781920398660937,bias_corrected,small,0.40579959991491954,1.0839916397810132,size-standard_swap-fenzel-S200-V150-small_to_large-mclear-t1,False,clear,Qwen/Qwen2.5-3B,qwen_qwen2_5_3b,standard_span,large,,cf_gate_pred_small_expected_large,-8.473350766263383,-8.694450710760467,cf,0.2210999444970838,200,150
standard_swap:t1,-8.879150366178303,-9.77844235054148,,10,fenzel,,,,small,standard_swap,True,1.5101328400273148,bias_corrected,small,0.5260535756183753,2.03618641564569,size-standard_swap-fenzel-S90-V30-small_to_large-mclear-t1,False,clear,Qwen/Qwen2.5-3B,qwen_qwen2_5_3b,standard_span,small,,cf_gate_pred_small_expected_large,-8.353096790559928,-7.74225593489579,base,0.6108408556641374,90,30
standard_swap:t1,-8.879150366178303,-9.77844235054148,,10,fenzel,,,,large,standard_swap,True,-1.2323770547585893,bias_corrected,small,0.6672654298412333,1.8996424845998225,size-standard_swap-fenzel-S90-V30-small_to_large-mclear-t1,False,clear,Qwen/Qwen2.5-3B,qwen_qwen2_5_3b,standard_span,small,,cf_gate_pred_small_expected_large,-8.21188493633707,-7.878799865941658,cf,-0.3330850703954118,90,30
standard_swap:t1,-8.879150366178303,-9.77844235054148,,100,fenzel,,,,small,standard_swap,True,0.9869284581150044,bias_corrected,small,0.47148897199440576,1.4584174301094102,size-standard_swap-fenzel-S900-V300-small_to_large-mclear-t1,False,clear,Qwen/Qwen2.5-3B,qwen_qwen2_5_3b,standard_span,small,,cf_gate_pred_small_expected_large,-8.407661394183897,-8.32002492043207,base,0.08763647375182693,900,300
standard_swap:t1,-8.879150366178303,-9.77844235054148,,100,fenzel,,,,large,standard_swap,True,-0.5374963840892573,bias_corrected,small,0.4052945931938421,0.9427909772830994,size-standard_swap-fenzel-S900-V300-small_to_large-mclear-t1,False,clear,Qwen/Qwen2.5-3B,qwen_qwen2_5_3b,standard_span,large,,cf_gate_pred_small_expected_large,-8.47385577298446,-8.835651373258381,cf,0.3617956002739202,900,300
standard_swap:t1,-8.879150366178303,-9.77844235054148,,100,fenzel,,,,small,standard_swap,True,1.1271484477953084,bias_corrected,small,0.4007784421282121,1.5279268899235205,size-standard_swap-fenzel-S999-V150-small_to_large-mextreme-t1,False,extreme,Qwen/Qwen2.5-3B,qwen_qwen2_5_3b,standard_span,small,,cf_gate_pred_small_expected_large,-8.47837192405009,-8.25051546061796,base,0.22785646343213095,999,150
standard_swap:t1,-8.879150366178303,-9.77844235054148,,100,fenzel,,,,large,standard_swap,True,-0.6781920398660937,bias_corrected,small,0.40579959991491954,1.0839916397810132,size-standard_swap-fenzel-S999-V150-small_to_large-mextreme-t1,False,extreme,Qwen/Qwen2.5-3B,qwen_qwen2_5_3b,standard_span,large,,cf_gate_pred_small_expected_large,-8.473350766263383,-8.694450710760467,cf,0.2210999444970838,999,150
standard_swap:t2,-12.177554537138954,-12.759988690548127,,100,ant,,,,small,standard_swap,True,1.9012594187145115,bias_corrected,small,2.20624132553597,4.107500744250482,size-standard_swap-ant-S102-V101-small_to_large-mborderline-t2,False,borderline,Qwen/Qwen2.5-3B,qwen_qwen2_5_3b,standard_span,small,,cf_gate_pred_small_expected_large,-9.971313211602984,-8.652487946297645,base,1.318825265305339,102,101
standard_swap:t2,-12.177554537138954,-12.759988690548127,,100,ant,,,,large,standard_swap,True,-0.13327002273662636,bias_corrected,small,2.886849109257975,3.0201191319946012,size-standard_swap-ant-S102-V101-small_to_large-mborderline-t2,False,borderline,Qwen/Qwen2.5-3B,qwen_qwen2_5_3b,standard_span,large,,cf_gate_pred_small_expected_large,-9.29070542788098,-9.739869558553526,cf,0.44916413067254624,102,101
standard_swap:t2,-12.177554537138954,-12.759988690548127,,100,ant,,,,small,standard_swap,True,1.7217913040214565,bias_corrected,small,2.6519223470160664,4.373713651037523,size-standard_swap-ant-S120-V110-small_to_large-mborderline-t2,True,borderline,Qwen/Qwen2.5-3B,qwen_qwen2_5_3b,standard_span,small,,,-9.525632190122888,-8.386275039510604,base,1.139357150612284,120,110
standard_swap:t2,-12.177554537138954,-12.759988690548127,,100,ant,,,,large,standard_swap,True,0.48867523328739537,bias_corrected,large,3.7260546765587677,3.2373794432713723,size-standard_swap-ant-S120-V110-small_to_large-mborderline-t2,True,borderline,Qwen/Qwen2.5-3B,qwen_qwen2_5_3b,standard_span,large,,,-8.451499860580187,-9.522609247276755,cf,1.071109386696568,120,110
standard_swap:t2,-12.177554537138954,-12.759988690548127,,50,ant,,,,small,standard_swap,True,1.8995031100671547,bias_corrected,small,2.3851868440588344,4.284689954125989,size-standard_swap-ant-S75-V61-small_to_large-mborderline-t2,True,borderline,Qwen/Qwen2.5-3B,qwen_qwen2_5_3b,standard_span,small,,,-9.79236769308012,-8.475298736422138,base,1.317068956657982,75,61
standard_swap:t2,-12.177554537138954,-12.759988690548127,,50,ant,,,,large,standard_swap,True,0.41642743876295896,bias_corrected,large,3.4163777316833457,2.9999502929203867,size-standard_swap-ant-S75-V61-small_to_large-mborderline-t2,True,borderline,Qwen/Qwen2.5-3B,qwen_qwen2_5_3b,standard_span,large,,,-8.761176805455609,-9.76003839762774,cf,0.9988615921721316,75,61
standard_swap:t2,-12.177554537138954,-12.759988690548127,,100,ant,,,,small,standard_swap,True,1.9232473198394562,bias_corrected,small,2.59415625567409,4.517403575513546,size-standard_swap-ant-S150-V125-small_to_large-mborderline-t2,True,borderline,Qwen/Qwen2.5-3B,qwen_qwen2_5_3b,standard_span,small,,,-9.583398281464865,-8.242585115034581,base,1.3408131664302836,150,125
standard_swap:t2,-12.177554537138954,-12.759988690548127,,100,ant,,,,large,standard_swap,True,0.3722194912074226,bias_corrected,large,3.598738631951445,3.2265191407440224,size-standard_swap-ant-S150-V125-small_to_large-mborderline-t2,True,borderline,Qwen/Qwen2.5-3B,qwen_qwen2_5_3b,standard_span,large,,,-8.57881590518751,-9.533469549804105,cf,0.9546536446165952,150,125
standard_swap:t2,-12.177554537138954,-12.759988690548127,,100,ant,,,,small,standard_swap,True,1.682548395978996,bias_corrected,small,2.992419718144262,4.674968114123258,size-standard_swap-ant-S200-V150-small_to_large-mclear-t2,True,clear,Qwen/Qwen2.5-3B,qwen_qwen2_5_3b,standard_span,small,,,-9.185134818994692,-8.085020576424869,base,1.1001142425698234,200,150
standard_swap:t2,-12.177554537138954,-12.759988690548127,,100,ant,,,,large,standard_swap,True,0.6601864963131536,bias_corrected,large,3.7297610111165316,3.069574514803378,size-standard_swap-ant-S200-V150-small_to_large-mclear-t2,True,clear,Qwen/Qwen2.5-3B,qwen_qwen2_5_3b,standard_span,large,,,-8.447793526022423,-9.690414175744749,cf,1.2426206497223262,200,150
standard_swap:t2,-12.177554537138954,-12.759988690548127,,10,ant,,,,small,standard_swap,True,0.9979513728344731,bias_corrected,small,2.999987576758395,3.997938949592868,size-standard_swap-ant-S90-V30-small_to_large-mclear-t2,True,clear,Qwen/Qwen2.5-3B,qwen_qwen2_5_3b,standard_span,small,,,-9.17756696038056,-8.76204974095526,base,0.4155172194253005,90,30
standard_swap:t2,-12.177554537138954,-12.759988690548127,,10,ant,,,,large,standard_swap,True,0.7958885714699253,bias_corrected,large,3.270507253981057,2.4746186825111316,size-standard_swap-ant-S90-V30-small_to_large-mclear-t2,True,clear,Qwen/Qwen2.5-3B,qwen_qwen2_5_3b,standard_span,large,,,-8.907047283157898,-10.285370008036995,cf,1.378322724879098,90,30
standard_swap:t2,-12.177554537138954,-12.759988690548127,,100,ant,,,,small,standard_swap,True,1.0760196343624635,bias_corrected,small,2.9066905342865965,3.98271016864906,size-standard_swap-ant-S900-V300-small_to_large-mclear-t2,True,clear,Qwen/Qwen2.5-3B,qwen_qwen2_5_3b,standard_span,small,,,-9.270864002852358,-8.777278521899067,base,0.4935854809532909,900,300
standard_swap:t2,-12.177554537138954,-12.759988690548127,,100,ant,,,,large,standard_swap,True,0.6858668012110627,bias_corrected,large,3.445233287160951,2.7593664859498883,size-standard_swap-ant-S900-V300-small_to_large-mclear-t2,True,clear,Qwen/Qwen2.5-3B,qwen_qwen2_5_3b,standard_span,large,,,-8.732321249978003,-10.000622204598239,cf,1.2683009546202353,900,300
standard_swap:t2,-12.177554537138954,-12.759988690548127,,100,ant,,,,small,standard_swap,True,0.1772495754784682,bias_corrected,small,3.8216344653619583,3.9988840408404265,size-standard_swap-ant-S999-V150-small_to_large-mextreme-t2,True,extreme,Qwen/Qwen2.5-3B,qwen_qwen2_5_3b,standard_span,large,,,-8.355920071776996,-8.7611046497077,base,-0.4051845779307044,999,150
standard_swap:t2,-12.177554537138954,-12.759988690548127,,100,ant,,,,large,standard_swap,True,0.6601864963131536,bias_corrected,large,3.7297610111165316,3.069574514803378,size-standard_swap-ant-S999-V150-small_to_large-mextreme-t2,True,extreme,Qwen/Qwen2.5-3B,qwen_qwen2_5_3b,standard_span,large,,,-8.447793526022423,-9.690414175744749,cf,1.2426206497223262,999,150
standard_swap:t2,-12.177554537138954,-12.759988690548127,,100,human,,,,small,standard_swap,True,2.559165734929662,bias_corrected,small,1.822753340577238,4.3819190755069,size-standard_swap-human-S102-V101-small_to_large-mborderline-t2,True,borderline,Qwen/Qwen2.5-3B,qwen_qwen2_5_3b,standard_span,small,,,-10.354801196561716,-8.378069615041227,base,1.9767315815204896,102,101
standard_swap:t2,-12.177554537138954,-12.759988690548127,,100,human,,,,large,standard_swap,True,0.1838435693089977,bias_corrected,large,2.756808977922354,2.5729654086133564,size-standard_swap-human-S102-V101-small_to_large-mborderline-t2,True,borderline,Qwen/Qwen2.5-3B,qwen_qwen2_5_3b,standard_span,large,,,-9.4207455592166,-10.18702328193477,cf,0.7662777227181703,102,101
standard_swap:t2,-12.177554537138954,-12.759988690548127,,100,human,,,,small,standard_swap,True,3.148013369456428,bias_corrected,small,1.7688806817671523,4.91689405122358,size-standard_swap-human-S120-V110-small_to_large-mborderline-t2,True,borderline,Qwen/Qwen2.5-3B,qwen_qwen2_5_3b,standard_span,small,,,-10.408673855371802,-7.843094639324547,base,2.5655792160472553,120,110
standard_swap:t2,-12.177554537138954,-12.759988690548127,,100,human,,,,large,standard_swap,True,0.6797913972763556,bias_corrected,large,3.243535322724844,2.563743925448488,size-standard_swap-human-S120-V110-small_to_large-mborderline-t2,True,borderline,Qwen/Qwen2.5-3B,qwen_qwen2_5_3b,standard_span,large,,,-8.93401921441411,-10.196244765099639,cf,1.2622255506855282,120,110
standard_swap:t2,-12.177554537138954,-12.759988690548127,,50,human,,,,small,standard_swap,True,3.3550181124642275,bias_corrected,small,1.7087377323649182,5.063755844829146,size-standard_swap-human-S75-V61-small_to_large-mborderline-t2,True,borderline,Qwen/Qwen2.5-3B,qwen_qwen2_5_3b,standard_span,small,,,-10.468816804774036,-7.696232845718981,base,2.772583959055055,75,61
standard_swap:t2,-12.177554537138954,-12.759988690548127,,50,human,,,,large,standard_swap,True,0.9185382789289971,bias_corrected,large,3.3283977335033015,2.4098594545743044,size-standard_swap-human-S75-V61-small_to_large-mborderline-t2,True,borderline,Qwen/Qwen2.5-3B,qwen_qwen2_5_3b,standard_span,large,,,-8.849156803635653,-10.350129235973823,cf,1.5009724323381697,75,61
standard_swap:t2,-12.177554537138954,-12.759988690548127,,100,human,,,,small,standard_swap,True,3.3654971348175957,bias_corrected,small,1.567427756256789,4.932924891074385,size-standard_swap-human-S150-V125-small_to_large-mborderline-t2,True,borderline,Qwen/Qwen2.5-3B,qwen_qwen2_5_3b,standard_span,small,,,-10.610126780882165,-7.827063799473742,base,2.783062981408423,150,125
standard_swap:t2,-12.177554537138954,-12.759988690548127,,100,human,,,,large,standard_swap,True,0.727137735610988,bias_corrected,large,3.138379721583185,2.4112419859721967,size-standard_swap-human-S150-V125-small_to_large-mborderline-t2,True,borderline,Qwen/Qwen2.5-3B,qwen_qwen2_5_3b,standard_span,large,,,-9.03917481555577,-10.34874670457593,cf,1.3095718890201606,150,125
standard_swap:t2,-12.177554537138954,-12.759988690548127,,100,human,,,,small,standard_swap,True,3.1708789918064486,bias_corrected,small,1.719029151290199,4.889908143096648,size-standard_swap-human-S200-V150-small_to_large-mclear-t2,True,clear,Qwen/Qwen2.5-3B,qwen_qwen2_5_3b,standard_span,small,,,-10.458525385848755,-7.8700805474514794,base,2.588444838397276,200,150
standard_swap:t2,-12.177554537138954,-12.759988690548127,,100,human,,,,large,standard_swap,True,0.8937553149139923,bias_corrected,large,3.1918399743451857,2.2980846594311934,size-standard_swap-human-S200-V150-small_to_large-mclear-t2,True,clear,Qwen/Qwen2.5-3B,qwen_qwen2_5_3b,standard_span,large,,,-8.985714562793769,-10.461904031116934,cf,1.4761894683231649,200,150
standard_swap:t2,-12.177554537138954,-12.759988690548127,,10,human,,,,small,standard_swap,True,2.6381692270370003,bias_corrected,small,2.5818517617597365,5.220020988796737,size-standard_swap-human-S90-V30-small_to_large-mclear-t2,True,clear,Qwen/Qwen2.5-3B,qwen_qwen2_5_3b,standard_span,small,,,-9.595702775379218,-7.53996770175139,base,2.0557350736278277,90,30
standard_swap:t2,-12.177554537138954,-12.759988690548127,,10,human,,,,large,standard_swap,True,1.0597849691560128,bias_corrected,large,2.989296681116622,1.9295117119606093,size-standard_swap-human-S90-V30-small_to_large-mclear-t2,True,clear,Qwen/Qwen2.5-3B,qwen_qwen2_5_3b,standard_span,large,,,-9.188257856022332,-10.830476978587518,cf,1.6422191225651854,90,30
standard_swap:t2,-12.177554537138954,-12.759988690548127,,100,human,,,,small,standard_swap,True,1.8965764678544819,bias_corrected,small,2.512917993901098,4.40949446175558,size-standard_swap-human-S900-V300-small_to_large-mclear-t2,True,clear,Qwen/Qwen2.5-3B,qwen_qwen2_5_3b,standard_span,small,,,-9.664636543237856,-8.350494228792547,base,1.3141423144453093,900,300
standard_swap:t2,-12.177554537138954,-12.759988690548127,,100,human,,,,large,standard_swap,True,0.9816943359162202,bias_corrected,large,3.1710033146104895,2.189308978694269,size-standard_swap-human-S900-V300-small_to_large-mclear-t2,True,clear,Qwen/Qwen2.5-3B,qwen_qwen2_5_3b,standard_span,large,,,-9.006551222528465,-10.570679711853858,cf,1.5641284893253928,900,300
standard_swap:t2,-12.177554537138954,-12.759988690548127,,100,human,,,,small,standard_swap,True,1.0701404315686869,bias_corrected,small,3.1420105920693384,4.212151023638025,size-standard_swap-human-S999-V150-small_to_large-mextreme-t2,True,extreme,Qwen/Qwen2.5-3B,qwen_qwen2_5_3b,standard_span,small,,,-9.035543945069616,-8.547837666910102,base,0.4877062781595143,999,150
standard_swap:t2,-12.177554537138954,-12.759988690548127,,100,human,,,,large,standard_swap,True,0.8937553149139923,bias_corrected,large,3.1918399743451857,2.2980846594311934,size-standard_swap-human-S999-V150-small_to_large-mextreme-t2,True,extreme,Qwen/Qwen2.5-3B,qwen_qwen2_5_3b,standard_span,large,,,-8.985714562793769,-10.461904031116934,cf,1.4761894683231649,999,150
standard_swap:t2,-12.177554537138954,-12.759988690548127,,100,elephant,,,,small,standard_swap,True,1.4736051936134142,bias_corrected,small,3.6792586792098234,5.152863872823238,size-standard_swap-elephant-S102-V101-small_to_large-mborderline-t2,False,borderline,Qwen/Qwen2.5-3B,qwen_qwen2_5_3b,standard_span,small,,cf_gate_margin_below_0.1,-8.498295857929131,-7.607124817724889,base,0.8911710402042416,102,101
standard_swap:t2,-12.177554537138954,-12.759988690548127,,100,elephant,,,,large,standard_swap,True,0.029669491462926523,bias_corrected,large,4.520117176916686,4.490447685453759,size-standard_swap-elephant-S102-V101-small_to_large-mborderline-t2,False,borderline,Qwen/Qwen2.5-3B,qwen_qwen2_5_3b,standard_span,large,,cf_gate_margin_below_0.1,-7.657437360222269,-8.269541005094368,cf,0.6121036448720991,102,101
standard_swap:t2,-12.177554537138954,-12.759988690548127,,100,elephant,,,,small,standard_swap,True,1.8309540509532036,bias_corrected,small,3.5321409786561,5.363095029609304,size-standard_swap-elephant-S120-V110-small_to_large-mborderline-t2,True,borderline,Qwen/Qwen2.5-3B,qwen_qwen2_5_3b,standard_span,small,,,-8.645413558482854,-7.396893660938823,base,1.248519897544031,120,110
standard_swap:t2,-12.177554537138954,-12.759988690548127,,100,elephant,,,,large,standard_swap,True,0.4966101754519139,bias_corrected,large,4.922923725109393,4.426313549657479,size-standard_swap-elephant-S120-V110-small_to_large-mborderline-t2,True,borderline,Qwen/Qwen2.5-3B,qwen_qwen2_5_3b,standard_span,large,,,-7.2546308120295615,-8.333675140890648,cf,1.0790443288610865,120,110
standard_swap:t2,-12.177554537138954,-12.759988690548127,,50,elephant,,,,small,standard_swap,True,2.174693780216203,bias_corrected,small,3.5115868352828237,5.686280615499027,size-standard_swap-elephant-S75-V61-small_to_large-mborderline-t2,True,borderline,Qwen/Qwen2.5-3B,qwen_qwen2_5_3b,standard_span,small,,,-8.66596770185613,-7.0737080750491,base,1.5922596268070306,75,61
standard_swap:t2,-12.177554537138954,-12.759988690548127,,50,elephant,,,,large,standard_swap,True,0.5525067025621517,bias_corrected,large,4.799890154377829,4.2473834518156774,size-standard_swap-elephant-S75-V61-small_to_large-mborderline-t2,True,borderline,Qwen/Qwen2.5-3B,qwen_qwen2_5_3b,standard_span,large,,,-7.377664382761125,-8.51260523873245,cf,1.1349408559713243,75,61
standard_swap:t2,-12.177554537138954,-12.759988690548127,,100,elephant,,,,small,standard_swap,True,2.195204537166423,bias_corrected,small,3.3602730915851975,5.55547762875162,size-standard_swap-elephant-S150-V125-small_to_large-mborderline-t2,True,borderline,Qwen/Qwen2.5-3B,qwen_qwen2_5_3b,standard_span,small,,,-8.817281445553757,-7.204511061796507,base,1.6127703837572502,150,125
standard_swap:t2,-12.177554537138954,-12.759988690548127,,100,elephant,,,,large,standard_swap,True,0.5928383535840869,bias_corrected,large,4.794923406674242,4.202085053090155,size-standard_swap-elephant-S150-V125-small_to_large-mborderline-t2,True,borderline,Qwen/Qwen2.5-3B,qwen_qwen2_5_3b,standard_span,large,,,-7.382631130464713,-8.557903637457972,cf,1.1752725069932595,150,125
standard_swap:t2,-12.177554537138954,-12.759988690548127,,100,elephant,,,,small,standard_swap,True,2.4019466776676826,bias_corrected,small,3.433908519439342,5.8358551971070245,size-standard_swap-elephant-S200-V150-small_to_large-mclear-t2,True,clear,Qwen/Qwen2.5-3B,qwen_qwen2_5_3b,standard_span,small,,,-8.743646017699612,-6.9241334934411025,base,1.81951252425851,200,150
standard_swap:t2,-12.177554537138954,-12.759988690548127,,100,elephant,,,,large,standard_swap,True,0.6451466668389942,bias_corrected,large,4.964259238799541,4.319112571960547,size-standard_swap-elephant-S200-V150-small_to_large-mclear-t2,True,clear,Qwen/Qwen2.5-3B,qwen_qwen2_5_3b,standard_span,large,,,-7.213295298339413,-8.44087611858758,cf,1.2275808202481668,200,150
standard_swap:t2,-12.177554537138954,-12.759988690548127,,10,elephant,,,,small,standard_swap,True,2.436352273333271,bias_corrected,small,3.9135767221576874,6.349928995490958,size-standard_swap-elephant-S90-V30-small_to_large-mclear-t2,True,clear,Qwen/Qwen2.5-3B,qwen_qwen2_5_3b,standard_span,small,,,-8.263977814981267,-6.410059695057169,base,1.8539181199240984,90,30
standard_swap:t2,-12.177554537138954,-12.759988690548127,,10,elephant,,,,large,standard_swap,True,0.4764564007245866,bias_corrected,large,4.968497344425044,4.492040943700458,size-standard_swap-elephant-S90-V30-small_to_large-mclear-t2,True,clear,Qwen/Qwen2.5-3B,qwen_qwen2_5_3b,standard_span,large,,,-7.20905719271391,-8.26794774684767,cf,1.0588905541337592,90,30
standard_swap:t2,-12.177554537138954,-12.759988690548127,,100,elephant,,,,small,standard_swap,True,2.4072213417234254,bias_corrected,small,3.4280288594893573,5.835250201212783,size-standard_swap-elephant-S900-V300-small_to_large-mclear-t2,True,clear,Qwen/Qwen2.5-3B,qwen_qwen2_5_3b,standard_span,small,,,-8.749525677649597,-6.924738489335344,base,1.8247871883142528,900,300
standard_swap:t2,-12.177554537138954,-12.759988690548127,,100,elephant,,,,large,standard_swap,True,0.6690764330500629,bias_corrected,large,5.0164558975874,4.347379464537337,size-standard_swap-elephant-S900-V300-small_to_large-mclear-t2,True,clear,Qwen/Qwen2.5-3B,qwen_qwen2_5_3b,standard_span,large,,,-7.161098639551555,-8.41260922601079,cf,1.2515105864592355,900,300
standard_swap:t2,-12.177554537138954,-12.759988690548127,,100,elephant,,,,small,standard_swap,True,1.8321560227913496,bias_corrected,small,3.6124323264373253,5.444588349228675,size-standard_swap-elephant-S999-V150-small_to_large-mextreme-t2,True,extreme,Qwen/Qwen2.5-3B,qwen_qwen2_5_3b,standard_span,small,,,-8.56512221070163,-7.315400341319452,base,1.249721869382177,999,150
standard_swap:t2,-12.177554537138954,-12.759988690548127,,100,elephant,,,,large,standard_swap,True,0.6451466668389942,bias_corrected,large,4.964259238799541,4.319112571960547,size-standard_swap-elephant-S999-V150-small_to_large-mextreme-t2,True,extreme,Qwen/Qwen2.5-3B,qwen_qwen2_5_3b,standard_span,large,,,-7.213295298339413,-8.44087611858758,cf,1.2275808202481668,999,150
standard_swap:t2,-12.177554537138954,-12.759988690548127,,100,glorb,,,,small,standard_swap,True,0.5438539640766784,bias_corrected,small,3.1847418539540033,3.7285958180306817,size-standard_swap-glorb-S102-V101-small_to_large-mborderline-t2,True,borderline,Qwen/Qwen2.5-3B,qwen_qwen2_5_3b,standard_span,large,,,-8.992812683184951,-9.031392872517445,base,-0.038580189332494186,102,101
standard_swap:t2,-12.177554537138954,-12.759988690548127,,100,glorb,,,,large,standard_swap,True,0.6315313327682084,bias_corrected,large,3.9978477313782115,3.366316398610003,size-standard_swap-glorb-S102-V101-small_to_large-mborderline-t2,True,borderline,Qwen/Qwen2.5-3B,qwen_qwen2_5_3b,standard_span,large,,,-8.179706805760743,-9.393672291938124,cf,1.213965486177381,102,101
standard_swap:t2,-12.177554537138954,-12.759988690548127,,100,glorb,,,,small,standard_swap,True,0.3286118636952313,bias_corrected,small,3.6470814666545888,3.97569333034982,size-standard_swap-glorb-S120-V110-small_to_large-mborderline-t2,True,borderline,Qwen/Qwen2.5-3B,qwen_qwen2_5_3b,standard_span,large,,,-8.530473070484366,-8.784295360198307,base,-0.2538222897139413,120,110
standard_swap:t2,-12.177554537138954,-12.759988690548127,,100,glorb,,,,large,standard_swap,True,1.2649933950845202,bias_corrected,large,4.621409444075624,3.356416048991104,size-standard_swap-glorb-S120-V110-small_to_large-mborderline-t2,True,borderline,Qwen/Qwen2.5-3B,qwen_qwen2_5_3b,standard_span,large,,,-7.55614509306333,-9.403572641557023,cf,1.8474275484936928,120,110
standard_swap:t2,-12.177554537138954,-12.759988690548127,,50,glorb,,,,small,standard_swap,True,0.48449438138979595,bias_corrected,small,3.748233424508678,4.232727805898474,size-standard_swap-glorb-S75-V61-small_to_large-mborderline-t2,True,borderline,Qwen/Qwen2.5-3B,qwen_qwen2_5_3b,standard_span,large,,,-8.429321112630277,-8.527260884649653,base,-0.09793977201937665,75,61
standard_swap:t2,-12.177554537138954,-12.759988690548127,,50,glorb,,,,large,standard_swap,True,1.3250028541728405,bias_corrected,large,4.584954008864061,3.2599511546912208,size-standard_swap-glorb-S75-V61-small_to_large-mborderline-t2,True,borderline,Qwen/Qwen2.5-3B,qwen_qwen2_5_3b,standard_span,large,,,-7.592600528274893,-9.500037535856906,cf,1.907437007582013,75,61
standard_swap:t2,-12.177554537138954,-12.759988690548127,,100,glorb,,,,small,standard_swap,True,0.30305205604898333,bias_corrected,small,3.83588803820232,4.1389400942513035,size-standard_swap-glorb-S150-V125-small_to_large-mborderline-t2,True,borderline,Qwen/Qwen2.5-3B,qwen_qwen2_5_3b,standard_span,large,,,-8.341666498936634,-8.621048596296824,base,-0.27938209736018926,150,125
standard_swap:t2,-12.177554537138954,-12.759988690548127,,100,glorb,,,,large,standard_swap,True,1.4512517297114336,bias_corrected,large,4.696281789686575,3.245030059975141,size-standard_swap-glorb-S150-V125-small_to_large-mborderline-t2,True,borderline,Qwen/Qwen2.5-3B,qwen_qwen2_5_3b,standard_span,large,,,-7.48127274745238,-9.514958630572986,cf,2.033685883120606,150,125
standard_swap:t2,-12.177554537138954,-12.759988690548127,,100,glorb,,,,small,standard_swap,True,0.38181504997496063,bias_corrected,small,3.9232025798681214,4.305017629843082,size-standard_swap-glorb-S200-V150-small_to_large-mclear-t2,True,clear,Qwen/Qwen2.5-3B,qwen_qwen2_5_3b,standard_span,large,,,-8.254351957270833,-8.454971060705045,base,-0.20061910343421197,200,150
standard_swap:t2,-12.177554537138954,-12.759988690548127,,100,glorb,,,,large,standard_swap,True,1.5212024195032257,bias_corrected,large,4.808928273605803,3.287725854102577,size-standard_swap-glorb-S200-V150-small_to_large-mclear-t2,True,clear,Qwen/Qwen2.5-3B,qwen_qwen2_5_3b,standard_span,large,,,-7.368626263533152,-9.47226283644555,cf,2.1036365729123983,200,150
standard_swap:t2,-12.177554537138954,-12.759988690548127,,10,glorb,,,,small,standard_swap,True,0.5661428848751031,bias_corrected,small,4.424757070955546,4.990899955830649,size-standard_swap-glorb-S90-V30-small_to_large-mclear-t2,True,clear,Qwen/Qwen2.5-3B,qwen_qwen2_5_3b,standard_span,large,,,-7.7527974661834085,-7.769088734717478,base,-0.01629126853406948,90,30
standard_swap:t2,-12.177554537138954,-12.759988690548127,,10,glorb,,,,large,standard_swap,True,1.370370145891684,bias_corrected,large,4.669056485538631,3.298686339646947,size-standard_swap-glorb-S90-V30-small_to_large-mclear-t2,True,clear,Qwen/Qwen2.5-3B,qwen_qwen2_5_3b,standard_span,large,,,-7.5084980516003235,-9.46130235090118,cf,1.9528042993008565,90,30
standard_swap:t2,-12.177554537138954,-12.759988690548127,,100,glorb,,,,small,standard_swap,True,0.22715203758269809,bias_corrected,small,4.02355289845473,4.250704936037428,size-standard_swap-glorb-S900-V300-small_to_large-mclear-t2,True,clear,Qwen/Qwen2.5-3B,qwen_qwen2_5_3b,standard_span,large,,,-8.154001638684225,-8.5092837545107,base,-0.3552821158264745,900,300
standard_swap:t2,-12.177554537138954,-12.759988690548127,,100,glorb,,,,large,standard_swap,True,1.491515535137669,bias_corrected,large,4.714374983842163,3.2228594487044937,size-standard_swap-glorb-S900-V300-small_to_large-mclear-t2,True,clear,Qwen/Qwen2.5-3B,qwen_qwen2_5_3b,standard_span,large,,,-7.463179553296792,-9.537129241843633,cf,2.0739496885468416,900,300
standard_swap:t2,-12.177554537138954,-12.759988690548127,,100,glorb,,,,small,standard_swap,True,-0.581603791017403,bias_corrected,large,4.379000697290862,3.797396906273459,size-standard_swap-glorb-S999-V150-small_to_large-mextreme-t2,False,extreme,Qwen/Qwen2.5-3B,qwen_qwen2_5_3b,standard_span,large,,base_gate_pred_large_expected_small,-7.7985538398480925,-8.962591784274668,base,-1.1640379444265756,999,150
standard_swap:t2,-12.177554537138954,-12.759988690548127,,100,glorb,,,,large,standard_swap,True,1.5212024195032257,bias_corrected,large,4.808928273605803,3.287725854102577,size-standard_swap-glorb-S999-V150-small_to_large-mextreme-t2,False,extreme,Qwen/Qwen2.5-3B,qwen_qwen2_5_3b,standard_span,large,,base_gate_pred_large_expected_small,-7.368626263533152,-9.47226283644555,cf,2.1036365729123983,999,150
standard_swap:t2,-12.177554537138954,-12.759988690548127,,100,dax,,,,small,standard_swap,True,0.3235171823041121,bias_corrected,small,3.1339165127419797,3.4574336950460918,size-standard_swap-dax-S102-V101-small_to_large-mborderline-t2,True,borderline,Qwen/Qwen2.5-3B,qwen_qwen2_5_3b,standard_span,large,,,-9.043638024396975,-9.302554995502035,base,-0.2589169711050605,102,101
standard_swap:t2,-12.177554537138954,-12.759988690548127,,100,dax,,,,large,standard_swap,True,1.1690633302420927,bias_corrected,large,3.5053056697779628,2.33624233953587,size-standard_swap-dax-S102-V101-small_to_large-mborderline-t2,True,borderline,Qwen/Qwen2.5-3B,qwen_qwen2_5_3b,standard_span,large,,,-8.672248867360992,-10.423746351012257,cf,1.7514974836512653,102,101
standard_swap:t2,-12.177554537138954,-12.759988690548127,,100,dax,,,,small,standard_swap,True,0.26748433380789116,bias_corrected,small,3.438909740477877,3.706394074285768,size-standard_swap-dax-S120-V110-small_to_large-mborderline-t2,True,borderline,Qwen/Qwen2.5-3B,qwen_qwen2_5_3b,standard_span,large,,,-8.738644796661077,-9.053594616262359,base,-0.31494981960128143,120,110
standard_swap:t2,-12.177554537138954,-12.759988690548127,,100,dax,,,,large,standard_swap,True,1.7402514123762085,bias_corrected,large,4.271127960457317,2.5308765480811086,size-standard_swap-dax-S120-V110-small_to_large-mborderline-t2,True,borderline,Qwen/Qwen2.5-3B,qwen_qwen2_5_3b,standard_span,large,,,-7.906426576681637,-10.229112142467018,cf,2.322685565785381,120,110
standard_swap:t2,-12.177554537138954,-12.759988690548127,,50,dax,,,,small,standard_swap,True,0.4602459361121287,bias_corrected,small,4.0756379782226375,4.535883914334766,size-standard_swap-dax-S75-V61-small_to_large-mborderline-t2,True,borderline,Qwen/Qwen2.5-3B,qwen_qwen2_5_3b,standard_span,large,,,-8.101916558916317,-8.22410477621336,base,-0.12218821729704388,75,61
standard_swap:t2,-12.177554537138954,-12.759988690548127,,50,dax,,,,large,standard_swap,True,1.8704516679522207,bias_corrected,large,4.677139023293293,2.8066873553410723,size-standard_swap-dax-S75-V61-small_to_large-mborderline-t2,True,borderline,Qwen/Qwen2.5-3B,qwen_qwen2_5_3b,standard_span,large,,,-7.500415513845661,-9.953301335207055,cf,2.4528858213613933,75,61
standard_swap:t2,-12.177554537138954,-12.759988690548127,,100,dax,,,,small,standard_swap,True,0.39766866582480276,bias_corrected,small,3.787362594005085,4.185031259829888,size-standard_swap-dax-S150-V125-small_to_large-mborderline-t2,True,borderline,Qwen/Qwen2.5-3B,qwen_qwen2_5_3b,standard_span,large,,,-8.39019194313387,-8.57495743071824,base,-0.18476548758436984,150,125
standard_swap:t2,-12.177554537138954,-12.759988690548127,,100,dax,,,,large,standard_swap,True,1.8664435571320492,bias_corrected,large,4.6555551689230565,2.7891116117910073,size-standard_swap-dax-S150-V125-small_to_large-mborderline-t2,True,borderline,Qwen/Qwen2.5-3B,qwen_qwen2_5_3b,standard_span,large,,,-7.521999368215898,-9.97087707875712,cf,2.448877710541222,150,125
standard_swap:t2,-12.177554537138954,-12.759988690548127,,100,dax,,,,small,standard_swap,True,0.30592784269581763,bias_corrected,small,3.723154969881472,4.02908281257729,size-standard_swap-dax-S200-V150-small_to_large-mclear-t2,True,clear,Qwen/Qwen2.5-3B,qwen_qwen2_5_3b,standard_span,large,,,-8.454399567257482,-8.730905877970837,base,-0.27650631071335496,200,150
standard_swap:t2,-12.177554537138954,-12.759988690548127,,100,dax,,,,large,standard_swap,True,1.9619055653882835,bias_corrected,large,4.7355909709551405,2.773685405566857,size-standard_swap-dax-S200-V150-small_to_large-mclear-t2,True,clear,Qwen/Qwen2.5-3B,qwen_qwen2_5_3b,standard_span,large,,,-7.441963566183814,-9.98630328498127,cf,2.544339718797456,200,150
standard_swap:t2,-12.177554537138954,-12.759988690548127,,10,dax,,,,small,standard_swap,True,0.5271812109139784,bias_corrected,small,4.780277167575308,5.307458378489287,size-standard_swap-dax-S90-V30-small_to_large-mclear-t2,True,clear,Qwen/Qwen2.5-3B,qwen_qwen2_5_3b,standard_span,large,,,-7.397277369563646,-7.45253031205884,base,-0.05525294249519419,90,30
standard_swap:t2,-12.177554537138954,-12.759988690548127,,10,dax,,,,large,standard_swap,True,1.8223636153141154,bias_corrected,large,4.860685928621901,3.038322313307786,size-standard_swap-dax-S90-V30-small_to_large-mclear-t2,True,clear,Qwen/Qwen2.5-3B,qwen_qwen2_5_3b,standard_span,large,,,-7.316868608517053,-9.721666377240341,cf,2.404797768723288,90,30
standard_swap:t2,-12.177554537138954,-12.759988690548127,,100,dax,,,,small,standard_swap,True,-0.020502388660307957,bias_corrected,large,4.1217139636874425,4.1012115750271345,size-standard_swap-dax-S900-V300-small_to_large-mclear-t2,False,clear,Qwen/Qwen2.5-3B,qwen_qwen2_5_3b,standard_span,large,,base_gate_pred_large_expected_small,-8.055840573451512,-8.658777115520992,base,-0.6029365420694806,900,300
standard_swap:t2,-12.177554537138954,-12.759988690548127,,100,dax,,,,large,standard_swap,True,2.0151733666785114,bias_corrected,large,4.7935601240868975,2.778386757408386,size-standard_swap-dax-S900-V300-small_to_large-mclear-t2,False,clear,Qwen/Qwen2.5-3B,qwen_qwen2_5_3b,standard_span,large,,base_gate_pred_large_expected_small,-7.383994413052057,-9.981601933139741,cf,2.597607520087684,900,300
standard_swap:t2,-12.177554537138954,-12.759988690548127,,100,dax,,,,small,standard_swap,True,-1.1933339948928827,bias_corrected,large,4.492764952586005,3.2994309576931222,size-standard_swap-dax-S999-V150-small_to_large-mextreme-t2,False,extreme,Qwen/Qwen2.5-3B,qwen_qwen2_5_3b,standard_span,large,,base_gate_pred_large_expected_small,-7.6847895845529495,-9.460557732855005,base,-1.7757681483020553,999,150
standard_swap:t2,-12.177554537138954,-12.759988690548127,,100,dax,,,,large,standard_swap,True,1.9619055653882835,bias_corrected,large,4.7355909709551405,2.773685405566857,size-standard_swap-dax-S999-V150-small_to_large-mextreme-t2,False,extreme,Qwen/Qwen2.5-3B,qwen_qwen2_5_3b,standard_span,large,,base_gate_pred_large_expected_small,-7.441963566183814,-9.98630328498127,cf,2.544339718797456,999,150
standard_swap:t2,-12.177554537138954,-12.759988690548127,,100,fenzel,,,,small,standard_swap,True,0.5219769792382571,bias_corrected,small,2.244268420836761,2.766245400075018,size-standard_swap-fenzel-S102-V101-small_to_large-mborderline-t2,True,borderline,Qwen/Qwen2.5-3B,qwen_qwen2_5_3b,standard_span,large,,,-9.933286116302193,-9.993743290473109,base,-0.06045717417091545,102,101
standard_swap:t2,-12.177554537138954,-12.759988690548127,,100,fenzel,,,,large,standard_swap,True,0.8774220190570805,bias_corrected,large,2.3943958149353914,1.516973795878311,size-standard_swap-fenzel-S102-V101-small_to_large-mborderline-t2,True,borderline,Qwen/Qwen2.5-3B,qwen_qwen2_5_3b,standard_span,large,,,-9.783158722203563,-11.243014894669816,cf,1.459856172466253,102,101
standard_swap:t2,-12.177554537138954,-12.759988690548127,,100,fenzel,,,,small,standard_swap,True,0.21198743015723487,bias_corrected,small,2.736382960703983,2.9483703908612178,size-standard_swap-fenzel-S120-V110-small_to_large-mborderline-t2,True,borderline,Qwen/Qwen2.5-3B,qwen_qwen2_5_3b,standard_span,large,,,-9.441171576434972,-9.81161829968691,base,-0.3704467232519377,120,110
standard_swap:t2,-12.177554537138954,-12.759988690548127,,100,fenzel,,,,large,standard_swap,True,1.578721212526279,bias_corrected,large,3.2726434967403826,1.6939222842141035,size-standard_swap-fenzel-S120-V110-small_to_large-mborderline-t2,True,borderline,Qwen/Qwen2.5-3B,qwen_qwen2_5_3b,standard_span,large,,,-8.904911040398572,-11.066066406334023,cf,2.1611553659354517,120,110
standard_swap:t2,-12.177554537138954,-12.759988690548127,,50,fenzel,,,,small,standard_swap,True,0.44770425476971276,bias_corrected,small,3.2664242299663115,3.7141284847360243,size-standard_swap-fenzel-S75-V61-small_to_large-mborderline-t2,True,borderline,Qwen/Qwen2.5-3B,qwen_qwen2_5_3b,standard_span,large,,,-8.911130307172643,-9.045860205812103,base,-0.13472989863945983,75,61
standard_swap:t2,-12.177554537138954,-12.759988690548127,,50,fenzel,,,,large,standard_swap,True,1.6597534524650541,bias_corrected,large,3.5926532723014404,1.9328998198363863,size-standard_swap-fenzel-S75-V61-small_to_large-mborderline-t2,True,borderline,Qwen/Qwen2.5-3B,qwen_qwen2_5_3b,standard_span,large,,,-8.584901264837514,-10.82708887071174,cf,2.2421876058742267,75,61
standard_swap:t2,-12.177554537138954,-12.759988690548127,,100,fenzel,,,,small,standard_swap,True,0.1039507980047123,bias_corrected,small,3.1393305246600036,3.243281322664716,size-standard_swap-fenzel-S150-V125-small_to_large-mborderline-t2,True,borderline,Qwen/Qwen2.5-3B,qwen_qwen2_5_3b,standard_span,large,,,-9.03822401247895,-9.516707367883411,base,-0.4784833554044603,150,125
standard_swap:t2,-12.177554537138954,-12.759988690548127,,100,fenzel,,,,large,standard_swap,True,1.7981307472838512,bias_corrected,large,3.653222483335755,1.8550917360519037,size-standard_swap-fenzel-S150-V125-small_to_large-mborderline-t2,True,borderline,Qwen/Qwen2.5-3B,qwen_qwen2_5_3b,standard_span,large,,,-8.5243320538032,-10.904896954496223,cf,2.380564900693024,150,125
standard_swap:t2,-12.177554537138954,-12.759988690548127,,100,fenzel,,,,small,standard_swap,True,0.08752841996464333,bias_corrected,small,3.0720991838351246,3.159627603799768,size-standard_swap-fenzel-S200-V150-small_to_large-mclear-t2,False,clear,Qwen/Qwen2.5-3B,qwen_qwen2_5_3b,standard_span,large,,base_gate_margin_below_0.1,-9.10545535330383,-9.600361086748359,base,-0.49490573344452926,200,150
standard_swap:t2,-12.177554537138954,-12.759988690548127,,100,fenzel,,,,large,standard_swap,True,1.843941177832205,bias_corrected,large,3.572529779259229,1.728588601427024,size-standard_swap-fenzel-S200-V150-small_to_large-mclear-t2,False,clear,Qwen/Qwen2.5-3B,qwen_qwen2_5_3b,standard_span,large,,base_gate_margin_below_0.1,-8.605024757879725,-11.031400089121103,cf,2.4263753312413776,200,150
standard_swap:t2,-12.177554537138954,-12.759988690548127,,10,fenzel,,,,small,standard_swap,True,0.15977856001406643,bias_corrected,small,3.7547170159347925,3.914495575948859,size-standard_swap-fenzel-S90-V30-small_to_large-mclear-t2,True,clear,Qwen/Qwen2.5-3B,qwen_qwen2_5_3b,standard_span,large,,,-8.422837521204162,-8.845493114599268,base,-0.42265559339510617,90,30
standard_swap:t2,-12.177554537138954,-12.759988690548127,,10,fenzel,,,,large,standard_swap,True,1.4578396644603586,bias_corrected,large,3.2834762392351315,1.825636574774773,size-standard_swap-fenzel-S90-V30-small_to_large-mclear-t2,True,clear,Qwen/Qwen2.5-3B,qwen_qwen2_5_3b,standard_span,large,,,-8.894078297903823,-10.934352115773354,cf,2.040273817869531,90,30
standard_swap:t2,-12.177554537138954,-12.759988690548127,,100,fenzel,,,,small,standard_swap,True,-0.38372380637548176,bias_corrected,large,3.362440820493388,2.9787170141179065,size-standard_swap-fenzel-S900-V300-small_to_large-mclear-t2,False,clear,Qwen/Qwen2.5-3B,qwen_qwen2_5_3b,standard_span,large,,base_gate_pred_large_expected_small,-8.815113716645566,-9.78127167643022,base,-0.9661579597846544,900,300
standard_swap:t2,-12.177554537138954,-12.759988690548127,,100,fenzel,,,,large,standard_swap,True,1.7257534502095861,bias_corrected,large,3.317817225613961,1.592063775404375,size-standard_swap-fenzel-S900-V300-small_to_large-mclear-t2,False,clear,Qwen/Qwen2.5-3B,qwen_qwen2_5_3b,standard_span,large,,base_gate_pred_large_expected_small,-8.859737311524993,-11.167924915143752,cf,2.3081876036187587,900,300
standard_swap:t2,-12.177554537138954,-12.759988690548127,,100,fenzel,,,,small,standard_swap,True,-0.9931704960047885,bias_corrected,large,3.3425760942462617,2.349405598241473,size-standard_swap-fenzel-S999-V150-small_to_large-mextreme-t2,False,extreme,Qwen/Qwen2.5-3B,qwen_qwen2_5_3b,standard_span,large,,base_gate_pred_large_expected_small,-8.834978442892693,-10.410583092306654,base,-1.575604649413961,999,150
standard_swap:t2,-12.177554537138954,-12.759988690548127,,100,fenzel,,,,large,standard_swap,True,1.843941177832205,bias_corrected,large,3.572529779259229,1.728588601427024,size-standard_swap-fenzel-S999-V150-small_to_large-mextreme-t2,False,extreme,Qwen/Qwen2.5-3B,qwen_qwen2_5_3b,standard_span,large,,base_gate_pred_large_expected_small,-8.605024757879725,-11.031400089121103,cf,2.4263753312413776,999,150
standard_swap:t3,-8.273313522830861,-8.612314633768012,,100,ant,,,,small,standard_swap,True,0.9672465229367937,bias_corrected,small,-0.7847394834320269,0.18250703950476677,size-standard_swap-ant-S102-V101-small_to_large-mborderline-t3,True,borderline,Qwen/Qwen2.5-3B,qwen_qwen2_5_3b,standard_span,small,,,-9.058053006262888,-8.429807594263245,base,0.628245411999643,102,101
standard_swap:t3,-8.273313522830861,-8.612314633768012,,100,ant,,,,large,standard_swap,True,0.889508651486155,bias_corrected,large,0.002976164646444346,-0.8865324868397106,size-standard_swap-ant-S102-V101-small_to_large-mborderline-t3,True,borderline,Qwen/Qwen2.5-3B,qwen_qwen2_5_3b,standard_span,large,,,-8.270337358184417,-9.498847120607723,cf,1.2285097624233057,102,101
standard_swap:t3,-8.273313522830861,-8.612314633768012,,100,ant,,,,small,standard_swap,True,1.8486484530562821,bias_corrected,small,-1.0252585540357373,0.8233898990205448,size-standard_swap-ant-S120-V110-small_to_large-mborderline-t3,True,borderline,Qwen/Qwen2.5-3B,qwen_qwen2_5_3b,standard_span,small,,,-9.298572076866598,-7.788924734747467,base,1.5096473421191314,120,110
standard_swap:t3,-8.273313522830861,-8.612314633768012,,100,ant,,,,large,standard_swap,True,0.948941609834586,bias_corrected,large,0.05606951114360825,-0.8928720986909777,size-standard_swap-ant-S120-V110-small_to_large-mborderline-t3,True,borderline,Qwen/Qwen2.5-3B,qwen_qwen2_5_3b,standard_span,large,,,-8.217244011687253,-9.50518673245899,cf,1.2879427207717367,120,110
standard_swap:t3,-8.273313522830861,-8.612314633768012,,50,ant,,,,small,standard_swap,True,1.7472805054484661,bias_corrected,small,-0.9409765832080161,0.80630392224045,size-standard_swap-ant-S75-V61-small_to_large-mborderline-t3,True,borderline,Qwen/Qwen2.5-3B,qwen_qwen2_5_3b,standard_span,small,,,-9.214290106038877,-7.806010711527562,base,1.4082793945113155,75,61
standard_swap:t3,-8.273313522830861,-8.612314633768012,,50,ant,,,,large,standard_swap,True,0.9467138657515104,bias_corrected,large,-0.019568620229396316,-0.9662824859809067,size-standard_swap-ant-S75-V61-small_to_large-mborderline-t3,True,borderline,Qwen/Qwen2.5-3B,qwen_qwen2_5_3b,standard_span,large,,,-8.292882143060258,-9.578597119748919,cf,1.285714976688661,75,61
standard_swap:t3,-8.273313522830861,-8.612314633768012,,100,ant,,,,small,standard_swap,True,2.1216749883256405,bias_corrected,small,-1.1112075397616294,1.010467448564011,size-standard_swap-ant-S150-V125-small_to_large-mborderline-t3,True,borderline,Qwen/Qwen2.5-3B,qwen_qwen2_5_3b,standard_span,small,,,-9.38452106259249,-7.601847185204001,base,1.7826738773884898,150,125
standard_swap:t3,-8.273313522830861,-8.612314633768012,,100,ant,,,,large,standard_swap,True,0.8931302379941535,bias_corrected,large,-0.028774837800382258,-0.9219050757945357,size-standard_swap-ant-S150-V125-small_to_large-mborderline-t3,True,borderline,Qwen/Qwen2.5-3B,qwen_qwen2_5_3b,standard_span,large,,,-8.302088360631243,-9.534219709562548,cf,1.2321313489313042,150,125
standard_swap:t3,-8.273313522830861,-8.612314633768012,,100,ant,,,,small,standard_swap,True,1.811450318608741,bias_corrected,small,-0.710513467090685,1.100936851518056,size-standard_swap-ant-S200-V150-small_to_large-mclear-t3,True,clear,Qwen/Qwen2.5-3B,qwen_qwen2_5_3b,standard_span,small,,,-8.983826989921546,-7.511377782249956,base,1.4724492076715903,200,150
standard_swap:t3,-8.273313522830861,-8.612314633768012,,100,ant,,,,large,standard_swap,True,1.0343098299383087,bias_corrected,large,0.30770328300288874,-0.7266065469354199,size-standard_swap-ant-S200-V150-small_to_large-mclear-t3,True,clear,Qwen/Qwen2.5-3B,qwen_qwen2_5_3b,standard_span,large,,,-7.9656102398279724,-9.338921180703432,cf,1.3733109408754594,200,150
standard_swap:t3,-8.273313522830861,-8.612314633768012,,10,ant,,,,small,standard_swap,True,3.275134605753358,bias_corrected,small,-1.157667000233456,2.117467605519902,size-standard_swap-ant-S90-V30-small_to_large-mclear-t3,True,clear,Qwen/Qwen2.5-3B,qwen_qwen2_5_3b,standard_span,small,,,-9.430980523064317,-6.49484702824811,base,2.9361334948162074,90,30
standard_swap:t3,-8.273313522830861,-8.612314633768012,,10,ant,,,,large,standard_swap,True,0.6709525527344731,bias_corrected,large,0.5734650093161697,-0.09748754341830335,size-standard_swap-ant-S90-V30-small_to_large-mclear-t3,True,clear,Qwen/Qwen2.5-3B,qwen_qwen2_5_3b,standard_span,large,,,-7.6998485135146915,-8.709802177186315,cf,1.0099536636716238,90,30
standard_swap:t3,-8.273313522830861,-8.612314633768012,,100,ant,,,,small,standard_swap,True,2.6255157023676476,bias_corrected,small,-0.6102980717817346,2.015217630585913,size-standard_swap-ant-S900-V300-small_to_large-mclear-t3,True,clear,Qwen/Qwen2.5-3B,qwen_qwen2_5_3b,standard_span,small,,,-8.883611594612596,-6.597097003182099,base,2.286514591430497,900,300
standard_swap:t3,-8.273313522830861,-8.612314633768012,,100,ant,,,,large,standard_swap,True,0.8753568562590095,bias_corrected,large,0.6619803097085404,-0.21337654655046912,size-standard_swap-ant-S900-V300-small_to_large-mclear-t3,True,clear,Qwen/Qwen2.5-3B,qwen_qwen2_5_3b,standard_span,large,,,-7.611333213122321,-8.825691180318481,cf,1.2143579671961602,900,300
standard_swap:t3,-8.273313522830861,-8.612314633768012,,100,ant,,,,small,standard_swap,True,1.5517005126612045,bias_corrected,small,-0.09486777177430028,1.4568327408869042,size-standard_swap-ant-S999-V150-small_to_large-mextreme-t3,True,extreme,Qwen/Qwen2.5-3B,qwen_qwen2_5_3b,standard_span,small,,,-8.368181294605161,-7.155481892881108,base,1.2126994017240538,999,150
standard_swap:t3,-8.273313522830861,-8.612314633768012,,100,ant,,,,large,standard_swap,True,1.0343098299383087,bias_corrected,large,0.30770328300288874,-0.7266065469354199,size-standard_swap-ant-S999-V150-small_to_large-mextreme-t3,True,extreme,Qwen/Qwen2.5-3B,qwen_qwen2_5_3b,standard_span,large,,,-7.9656102398279724,-9.338921180703432,cf,1.3733109408754594,999,150
standard_swap:t3,-8.273313522830861,-8.612314633768012,,100,human,,,,small,standard_swap,True,2.2886866629183533,bias_corrected,small,-1.7451862351203715,0.5435004277979818,size-standard_swap-human-S102-V101-small_to_large-mborderline-t3,True,borderline,Qwen/Qwen2.5-3B,qwen_qwen2_5_3b,standard_span,small,,,-10.018499757951233,-8.06881420597003,base,1.9496855519812026,102,101
standard_swap:t3,-8.273313522830861,-8.612314633768012,,100,human,,,,large,standard_swap,True,0.16803149411909146,bias_corrected,large,-0.3205397172864739,-0.48857121140556536,size-standard_swap-human-S102-V101-small_to_large-mborderline-t3,True,borderline,Qwen/Qwen2.5-3B,qwen_qwen2_5_3b,standard_span,large,,,-8.593853240117335,-9.100885845173577,cf,0.5070326050562421,102,101
standard_swap:t3,-8.273313522830861,-8.612314633768012,,100,human,,,,small,standard_swap,True,2.548463430847791,bias_corrected,small,-1.8060528589811558,0.7424105718666354,size-standard_swap-human-S120-V110-small_to_large-mborderline-t3,True,borderline,Qwen/Qwen2.5-3B,qwen_qwen2_5_3b,standard_span,small,,,-10.079366381812017,-7.8699040619013765,base,2.2094623199106405,120,110
standard_swap:t3,-8.273313522830861,-8.612314633768012,,100,human,,,,large,standard_swap,True,0.3910455616190802,bias_corrected,large,0.23459606228761665,-0.15644949933146357,size-standard_swap-human-S120-V110-small_to_large-mborderline-t3,True,borderline,Qwen/Qwen2.5-3B,qwen_qwen2_5_3b,standard_span,large,,,-8.038717460543245,-8.768764133099475,cf,0.7300466725562309,120,110
standard_swap:t3,-8.273313522830861,-8.612314633768012,,50,human,,,,small,standard_swap,True,2.5517843584276543,bias_corrected,small,-0.5289701626522323,2.022814195775422,size-standard_swap-human-S75-V61-small_to_large-mborderline-t3,False,borderline,Qwen/Qwen2.5-3B,qwen_qwen2_5_3b,standard_span,small,,cf_gate_pred_small_expected_large,-8.802283685483093,-6.58950043799259,base,2.2127832474905036,75,61
standard_swap:t3,-8.273313522830861,-8.612314633768012,,50,human,,,,large,standard_swap,True,-0.12742335446407171,bias_corrected,small,0.6775828448061576,0.8050061992702293,size-standard_swap-human-S75-V61-small_to_large-mborderline-t3,False,borderline,Qwen/Qwen2.5-3B,qwen_qwen2_5_3b,standard_span,large,,cf_gate_pred_small_expected_large,-7.595730678024704,-7.807308434497783,cf,0.21157775647307897,75,61
standard_swap:t3,-8.273313522830861,-8.612314633768012,,100,human,,,,small,standard_swap,True,2.7791286308700407,bias_corrected,small,-2.0395722496638573,0.7395563812061834,size-standard_swap-human-S150-V125-small_to_large-mborderline-t3,True,borderline,Qwen/Qwen2.5-3B,qwen_qwen2_5_3b,standard_span,small,,,-10.312885772494718,-7.8727582525618285,base,2.44012751993289,150,125
standard_swap:t3,-8.273313522830861,-8.612314633768012,,100,human,,,,large,standard_swap,True,0.9690530787328129,bias_corrected,large,-0.07968017051300968,-1.0487332492458226,size-standard_swap-human-S150-V125-small_to_large-mborderline-t3,True,borderline,Qwen/Qwen2.5-3B,qwen_qwen2_5_3b,standard_span,large,,,-8.35299369334387,-9.661047883013834,cf,1.3080541896699636,150,125
standard_swap:t3,-8.273313522830861,-8.612314633768012,,100,human,,,,small,standard_swap,True,2.9952977121837616,bias_corrected,small,-2.2847713044975677,0.7105264076861939,size-standard_swap-human-S200-V150-small_to_large-mclear-t3,True,clear,Qwen/Qwen2.5-3B,qwen_qwen2_5_3b,standard_span,small,,,-10.558084827328429,-7.901788226081818,base,2.656296601246611,200,150
standard_swap:t3,-8.273313522830861,-8.612314633768012,,100,human,,,,large,standard_swap,True,1.3435732173343506,bias_corrected,large,0.22025792635800734,-1.1233152909763433,size-standard_swap-human-S200-V150-small_to_large-mclear-t3,True,clear,Qwen/Qwen2.5-3B,qwen_qwen2_5_3b,standard_span,large,,,-8.053055596472854,-9.735629924744355,cf,1.6825743282715013,200,150
standard_swap:t3,-8.273313522830861,-8.612314633768012,,10,human,,,,small,standard_swap,True,3.3569827373936123,bias_corrected,small,-1.1236630410932165,2.233319696300396,size-standard_swap-human-S90-V30-small_to_large-mclear-t3,True,clear,Qwen/Qwen2.5-3B,qwen_qwen2_5_3b,standard_span,small,,,-9.396976563924078,-6.378994937467616,base,3.0179816264564616,90,30
standard_swap:t3,-8.273313522830861,-8.612314633768012,,10,human,,,,large,standard_swap,True,0.47691506392530325,bias_corrected,large,0.741971382654774,0.2650563187294708,size-standard_swap-human-S90-V30-small_to_large-mclear-t3,True,clear,Qwen/Qwen2.5-3B,qwen_qwen2_5_3b,standard_span,large,,,-7.531342140176087,-8.347258315038541,cf,0.8159161748624539,90,30
standard_swap:t3,-8.273313522830861,-8.612314633768012,,100,human,,,,small,standard_swap,True,2.8039897195932246,bias_corrected,small,-1.553744629279958,1.2502450903132667,size-standard_swap-human-S900-V300-small_to_large-mclear-t3,True,clear,Qwen/Qwen2.5-3B,qwen_qwen2_5_3b,standard_span,small,,,-9.82705815211082,-7.362069543454745,base,2.464988608656074,900,300
standard_swap:t3,-8.273313522830861,-8.612314633768012,,100,human,,,,large,standard_swap,True,2.442915483868801,bias_corrected,large,0.37988206622736786,-2.0630334176414333,size-standard_swap-human-S900-V300-small_to_large-mclear-t3,True,clear,Qwen/Qwen2.5-3B,qwen_qwen2_5_3b,standard_span,large,,,-7.893431456603493,-10.675348051409445,cf,2.781916594805952,900,300
standard_swap:t3,-8.273313522830861,-8.612314633768012,,100,human,,,,small,standard_swap,True,2.58334366180061,bias_corrected,small,-1.0052942440731307,1.5780494177274793,size-standard_swap-human-S999-V150-small_to_large-mextreme-t3,True,extreme,Qwen/Qwen2.5-3B,qwen_qwen2_5_3b,standard_span,small,,,-9.278607766903992,-7.034265216040533,base,2.2443425508634594,999,150
standard_swap:t3,-8.273313522830861,-8.612314633768012,,100,human,,,,large,standard_swap,True,1.3435732173343506,bias_corrected,large,0.22025792635800734,-1.1233152909763433,size-standard_swap-human-S999-V150-small_to_large-mextreme-t3,True,extreme,Qwen/Qwen2.5-3B,qwen_qwen2_5_3b,standard_span,large,,,-8.053055596472854,-9.735629924744355,cf,1.6825743282715013,999,150
standard_swap:t3,-8.273313522830861,-8.612314633768012,,100,elephant,,,,small,standard_swap,True,0.3548299163026698,bias_corrected,small,-0.4374590429167071,-0.08262912661403732,size-standard_swap-elephant-S102-V101-small_to_large-mborderline-t3,True,borderline,Qwen/Qwen2.5-3B,qwen_qwen2_5_3b,standard_span,small,,,-8.710772565747568,-8.69494376038205,base,0.015828805365519116,102,101
standard_swap:t3,-8.273313522830861,-8.612314633768012,,100,elephant,,,,large,standard_swap,True,0.9225854670537466,bias_corrected,large,0.30063605734471643,-0.6219494097090301,size-standard_swap-elephant-S102-V101-small_to_large-mborderline-t3,True,borderline,Qwen/Qwen2.5-3B,qwen_qwen2_5_3b,standard_span,large,,,-7.972677465486145,-9.234264043477042,cf,1.2615865779908972,102,101
standard_swap:t3,-8.273313522830861,-8.612314633768012,,100,elephant,,,,small,standard_swap,True,0.6805768791419631,bias_corrected,small,-0.19792657221358212,0.48265030692838096,size-standard_swap-elephant-S120-V110-small_to_large-mborderline-t3,True,borderline,Qwen/Qwen2.5-3B,qwen_qwen2_5_3b,standard_span,small,,,-8.471240095044443,-8.129664326839631,base,0.3415757682048124,120,110
standard_swap:t3,-8.273313522830861,-8.612314633768012,,100,elephant,,,,large,standard_swap,True,1.2938901637389817,bias_corrected,large,0.5119352904206584,-0.7819548733183233,size-standard_swap-elephant-S120-V110-small_to_large-mborderline-t3,True,borderline,Qwen/Qwen2.5-3B,qwen_qwen2_5_3b,standard_span,large,,,-7.761378232410203,-9.394269507086335,cf,1.6328912746761324,120,110
standard_swap:t3,-8.273313522830861,-8.612314633768012,,50,elephant,,,,small,standard_swap,True,0.6609514088327959,bias_corrected,small,0.8867026493114007,1.5476540581441967,size-standard_swap-elephant-S75-V61-small_to_large-mborderline-t3,True,borderline,Qwen/Qwen2.5-3B,qwen_qwen2_5_3b,standard_span,small,,,-7.38661087351946,-7.064660575623815,base,0.3219502978956452,75,61
standard_swap:t3,-8.273313522830861,-8.612314633768012,,50,elephant,,,,large,standard_swap,True,0.9885108841451915,bias_corrected,large,1.188739176205421,0.2002282920602294,size-standard_swap-elephant-S75-V61-small_to_large-mborderline-t3,True,borderline,Qwen/Qwen2.5-3B,qwen_qwen2_5_3b,standard_span,large,,,-7.08457434662544,-8.412086341707782,cf,1.3275119950823422,75,61
standard_swap:t3,-8.273313522830861,-8.612314633768012,,100,elephant,,,,small,standard_swap,True,0.47919352665453196,bias_corrected,small,-0.2246737381129833,0.25451978854154866,size-standard_swap-elephant-S150-V125-small_to_large-mborderline-t3,True,borderline,Qwen/Qwen2.5-3B,qwen_qwen2_5_3b,standard_span,small,,,-8.497987260943844,-8.357794845226463,base,0.14019241571738128,150,125
standard_swap:t3,-8.273313522830861,-8.612314633768012,,100,elephant,,,,large,standard_swap,True,1.8974304624103429,bias_corrected,large,0.4113369800445348,-1.486093482365808,size-standard_swap-elephant-S150-V125-small_to_large-mborderline-t3,True,borderline,Qwen/Qwen2.5-3B,qwen_qwen2_5_3b,standard_span,large,,,-7.861976542786326,-10.09840811613382,cf,2.2364315733474935,150,125
standard_swap:t3,-8.273313522830861,-8.612314633768012,,100,elephant,,,,small,standard_swap,True,1.0268594522997674,bias_corrected,small,-0.6369146511776229,0.38994480112214447,size-standard_swap-elephant-S200-V150-small_to_large-mclear-t3,True,clear,Qwen/Qwen2.5-3B,qwen_qwen2_5_3b,standard_span,small,,,-8.910228174008484,-8.222369832645867,base,0.6878583413626167,200,150
standard_swap:t3,-8.273313522830861,-8.612314633768012,,100,elephant,,,,large,standard_swap,True,2.0735882210208194,bias_corrected,large,0.599775097112766,-1.4738131239080534,size-standard_swap-elephant-S200-V150-small_to_large-mclear-t3,True,clear,Qwen/Qwen2.5-3B,qwen_qwen2_5_3b,standard_span,large,,,-7.673538425718095,-10.086127757676065,cf,2.41258933195797,200,150
standard_swap:t3,-8.273313522830861,-8.612314633768012,,10,elephant,,,,small,standard_swap,True,1.494443930416753,bias_corrected,small,-0.07032995999701619,1.4241139704197368,size-standard_swap-elephant-S90-V30-small_to_large-mclear-t3,True,clear,Qwen/Qwen2.5-3B,qwen_qwen2_5_3b,standard_span,small,,,-8.343643482827877,-7.188200663348275,base,1.1554428194796023,90,30
standard_swap:t3,-8.273313522830861,-8.612314633768012,,10,elephant,,,,large,standard_swap,True,1.9263951678372466,bias_corrected,large,0.8402717081480828,-1.0861234596891638,size-standard_swap-elephant-S90-V30-small_to_large-mclear-t3,True,clear,Qwen/Qwen2.5-3B,qwen_qwen2_5_3b,standard_span,large,,,-7.433041814682778,-9.698438093457176,cf,2.2653962787743973,90,30
standard_swap:t3,-8.273313522830861,-8.612314633768012,,100,elephant,,,,small,standard_swap,True,1.350343508938887,bias_corrected,small,-0.15507393092773292,1.1952695780111542,size-standard_swap-elephant-S900-V300-small_to_large-mclear-t3,True,clear,Qwen/Qwen2.5-3B,qwen_qwen2_5_3b,standard_span,small,,,-8.428387453758594,-7.417045055756858,base,1.0113423980017364,900,300
standard_swap:t3,-8.273313522830861,-8.612314633768012,,100,elephant,,,,large,standard_swap,True,2.9861208780236774,bias_corrected,large,1.047265613047757,-1.9388552649759205,size-standard_swap-elephant-S900-V300-small_to_large-mclear-t3,True,clear,Qwen/Qwen2.5-3B,qwen_qwen2_5_3b,standard_span,large,,,-7.226047909783104,-10.551169898743932,cf,3.325121988960828,900,300
standard_swap:t3,-8.273313522830861,-8.612314633768012,,100,elephant,,,,small,standard_swap,True,0.6210430916707477,bias_corrected,small,-0.18560767817874613,0.43543541349200154,size-standard_swap-elephant-S999-V150-small_to_large-mextreme-t3,True,extreme,Qwen/Qwen2.5-3B,qwen_qwen2_5_3b,standard_span,small,,,-8.458921201009607,-8.17687922027601,base,0.282041980733597,999,150
standard_swap:t3,-8.273313522830861,-8.612314633768012,,100,elephant,,,,large,standard_swap,True,2.0735882210208194,bias_corrected,large,0.599775097112766,-1.4738131239080534,size-standard_swap-elephant-S999-V150-small_to_large-mextreme-t3,True,extreme,Qwen/Qwen2.5-3B,qwen_qwen2_5_3b,standard_span,large,,,-7.673538425718095,-10.086127757676065,cf,2.41258933195797,999,150
standard_swap:t3,-8.273313522830861,-8.612314633768012,,100,glorb,,,,small,standard_swap,True,0.686374815113644,bias_corrected,small,1.2124401460232592,1.8988149611369032,size-standard_swap-glorb-S102-V101-small_to_large-mborderline-t3,False,borderline,Qwen/Qwen2.5-3B,qwen_qwen2_5_3b,standard_span,small,,cf_gate_pred_small_expected_large,-7.060873376807602,-6.713499672631109,base,0.34737370417649327,102,101
standard_swap:t3,-8.273313522830861,-8.612314633768012,,100,glorb,,,,large,standard_swap,True,-0.09700255391832702,bias_corrected,small,1.2471691383696282,1.3441716922879552,size-standard_swap-glorb-S102-V101-small_to_large-mborderline-t3,False,borderline,Qwen/Qwen2.5-3B,qwen_qwen2_5_3b,standard_span,large,,cf_gate_pred_small_expected_large,-7.026144384461233,-7.268142941480057,cf,0.24199855701882367,102,101
standard_swap:t3,-8.273313522830861,-8.612314633768012,,100,glorb,,,,small,standard_swap,True,0.40494624438102544,bias_corrected,small,1.6446831463975649,2.0496293907785903,size-standard_swap-glorb-S120-V110-small_to_large-mborderline-t3,False,borderline,Qwen/Qwen2.5-3B,qwen_qwen2_5_3b,standard_span,small,,cf_gate_pred_small_expected_large,-6.628630376433296,-6.562685242989422,base,0.06594513344387476,120,110
standard_swap:t3,-8.273313522830861,-8.612314633768012,,100,glorb,,,,large,standard_swap,True,-0.040980257969756906,bias_corrected,small,1.4886343126273207,1.5296145705970776,size-standard_swap-glorb-S120-V110-small_to_large-mborderline-t3,False,borderline,Qwen/Qwen2.5-3B,qwen_qwen2_5_3b,standard_span,large,,cf_gate_pred_small_expected_large,-6.7846792102035405,-7.082700063170934,cf,0.2980208529673938,120,110
standard_swap:t3,-8.273313522830861,-8.612314633768012,,50,glorb,,,,small,standard_swap,True,0.2782230103090102,bias_corrected,small,2.2417715519551376,2.5199945622641478,size-standard_swap-glorb-S75-V61-small_to_large-mborderline-t3,True,borderline,Qwen/Qwen2.5-3B,qwen_qwen2_5_3b,standard_span,large,,,-6.031541970875724,-6.092320071503864,base,-0.060778100628140486,75,61
standard_swap:t3,-8.273313522830861,-8.612314633768012,,50,glorb,,,,large,standard_swap,True,0.2059860389991588,bias_corrected,large,2.1282071558137616,1.9222211168146028,size-standard_swap-glorb-S75-V61-small_to_large-mborderline-t3,True,borderline,Qwen/Qwen2.5-3B,qwen_qwen2_5_3b,standard_span,large,,,-6.1451063670171,-6.690093516953409,cf,0.5449871499363095,75,61
standard_swap:t3,-8.273313522830861,-8.612314633768012,,100,glorb,,,,small,standard_swap,True,0.28319310186330426,bias_corrected,small,1.7418765669665026,2.025069668829807,size-standard_swap-glorb-S150-V125-small_to_large-mborderline-t3,True,borderline,Qwen/Qwen2.5-3B,qwen_qwen2_5_3b,standard_span,large,,,-6.531436955864359,-6.587244964938205,base,-0.05580800907384642,150,125
standard_swap:t3,-8.273313522830861,-8.612314633768012,,100,glorb,,,,large,standard_swap,True,0.14537388906284932,bias_corrected,large,1.4752923035550856,1.3299184144922362,size-standard_swap-glorb-S150-V125-small_to_large-mborderline-t3,True,borderline,Qwen/Qwen2.5-3B,qwen_qwen2_5_3b,standard_span,large,,,-6.798021219275776,-7.282396219275776,cf,0.484375,150,125
standard_swap:t3,-8.273313522830861,-8.612314633768012,,100,glorb,,,,small,standard_swap,True,0.4546345638323137,bias_corrected,small,1.4458013356087314,1.900435899441045,size-standard_swap-glorb-S200-V150-small_to_large-mclear-t3,True,clear,Qwen/Qwen2.5-3B,qwen_qwen2_5_3b,standard_span,small,,,-6.82751218722213,-6.711878734326967,base,0.11563345289516302,200,150
standard_swap:t3,-8.273313522830861,-8.612314633768012,,100,glorb,,,,large,standard_swap,True,0.22969623498818592,bias_corrected,large,1.5144822573761951,1.2847860223880092,size-standard_swap-glorb-S200-V150-small_to_large-mclear-t3,True,clear,Qwen/Qwen2.5-3B,qwen_qwen2_5_3b,standard_span,large,,,-6.758831265454666,-7.327528611380003,cf,0.5686973459253366,200,150
standard_swap:t3,-8.273313522830861,-8.612314633768012,,10,glorb,,,,small,standard_swap,True,0.5142818071565909,bias_corrected,small,2.273190882704391,2.787472689860982,size-standard_swap-glorb-S90-V30-small_to_large-mclear-t3,True,clear,Qwen/Qwen2.5-3B,qwen_qwen2_5_3b,standard_span,small,,,-6.00012264012647,-5.82484194390703,base,0.1752806962194402,90,30
standard_swap:t3,-8.273313522830861,-8.612314633768012,,10,glorb,,,,large,standard_swap,True,0.26731450529873246,bias_corrected,large,1.7528593616360384,1.485544856337306,size-standard_swap-glorb-S90-V30-small_to_large-mclear-t3,True,clear,Qwen/Qwen2.5-3B,qwen_qwen2_5_3b,standard_span,large,,,-6.520454161194823,-7.126769777430706,cf,0.6063156162358831,90,30
standard_swap:t3,-8.273313522830861,-8.612314633768012,,100,glorb,,,,small,standard_swap,True,0.6265591534820132,bias_corrected,small,1.1442294732385543,1.7707886267205675,size-standard_swap-glorb-S900-V300-small_to_large-mclear-t3,True,clear,Qwen/Qwen2.5-3B,qwen_qwen2_5_3b,standard_span,small,,,-7.129084049592307,-6.841526007047444,base,0.2875580425448625,900,300
standard_swap:t3,-8.273313522830861,-8.612314633768012,,100,glorb,,,,large,standard_swap,True,0.49468280983152013,bias_corrected,large,1.334137584714437,0.8394547748829169,size-standard_swap-glorb-S900-V300-small_to_large-mclear-t3,True,clear,Qwen/Qwen2.5-3B,qwen_qwen2_5_3b,standard_span,large,,,-6.939175938116424,-7.772859858885095,cf,0.8336839207686708,900,300
standard_swap:t3,-8.273313522830861,-8.612314633768012,,100,glorb,,,,small,standard_swap,True,0.3242470028116644,bias_corrected,small,0.6404725916103384,0.9647195944220028,size-standard_swap-glorb-S999-V150-small_to_large-mextreme-t3,True,extreme,Qwen/Qwen2.5-3B,qwen_qwen2_5_3b,standard_span,large,,,-7.632840931220523,-7.647595039346009,base,-0.014754108125486276,999,150
standard_swap:t3,-8.273313522830861,-8.612314633768012,,100,glorb,,,,large,standard_swap,True,0.22969623498818592,bias_corrected,large,1.5144822573761951,1.2847860223880092,size-standard_swap-glorb-S999-V150-small_to_large-mextreme-t3,True,extreme,Qwen/Qwen2.5-3B,qwen_qwen2_5_3b,standard_span,large,,,-6.758831265454666,-7.327528611380003,cf,0.5686973459253366,999,150
standard_swap:t3,-8.273313522830861,-8.612314633768012,,100,dax,,,,small,standard_swap,True,1.1052529328267413,bias_corrected,small,0.36146089642450185,1.4667138292512432,size-standard_swap-dax-S102-V101-small_to_large-mborderline-t3,False,borderline,Qwen/Qwen2.5-3B,qwen_qwen2_5_3b,standard_span,small,,cf_gate_pred_small_expected_large,-7.911852626406359,-7.145600804516769,base,0.7662518218895906,102,101
standard_swap:t3,-8.273313522830861,-8.612314633768012,,100,dax,,,,large,standard_swap,True,-0.4118274262320929,bias_corrected,small,0.3596217730176594,0.7714491992497523,size-standard_swap-dax-S102-V101-small_to_large-mborderline-t3,False,borderline,Qwen/Qwen2.5-3B,qwen_qwen2_5_3b,standard_span,small,,cf_gate_pred_small_expected_large,-7.913691749813202,-7.84086543451826,cf,-0.07282631529494221,102,101
standard_swap:t3,-8.273313522830861,-8.612314633768012,,100,dax,,,,small,standard_swap,True,0.6788856031415609,bias_corrected,small,0.7604679062360988,1.4393535093776597,size-standard_swap-dax-S120-V110-small_to_large-mborderline-t3,False,borderline,Qwen/Qwen2.5-3B,qwen_qwen2_5_3b,standard_span,small,,cf_gate_pred_small_expected_large,-7.512845616594762,-7.172961124390352,base,0.3398844922044102,120,110
standard_swap:t3,-8.273313522830861,-8.612314633768012,,100,dax,,,,large,standard_swap,True,-0.21895610607304494,bias_corrected,small,0.4968281359438871,0.715784242016932,size-standard_swap-dax-S120-V110-small_to_large-mborderline-t3,False,borderline,Qwen/Qwen2.5-3B,qwen_qwen2_5_3b,standard_span,large,,cf_gate_pred_small_expected_large,-7.776485386886974,-7.89653039175108,cf,0.12004500486410574,120,110
standard_swap:t3,-8.273313522830861,-8.612314633768012,,50,dax,,,,small,standard_swap,True,0.780046388358735,bias_corrected,small,1.2665744536444041,2.046620842003139,size-standard_swap-dax-S75-V61-small_to_large-mborderline-t3,False,borderline,Qwen/Qwen2.5-3B,qwen_qwen2_5_3b,standard_span,small,,cf_gate_pred_small_expected_large,-7.006739069186457,-6.565693791764873,base,0.4410452774215843,75,61
standard_swap:t3,-8.273313522830861,-8.612314633768012,,50,dax,,,,large,standard_swap,True,-0.043900939811166495,bias_corrected,small,1.2718305818184374,1.315731521629604,size-standard_swap-dax-S75-V61-small_to_large-mborderline-t3,False,borderline,Qwen/Qwen2.5-3B,qwen_qwen2_5_3b,standard_span,large,,cf_gate_pred_small_expected_large,-7.001482941012424,-7.296583112138408,cf,0.2951001711259842,75,61
standard_swap:t3,-8.273313522830861,-8.612314633768012,,100,dax,,,,small,standard_swap,True,0.5056028497880707,bias_corrected,small,0.7972879079565525,1.3028907577446232,size-standard_swap-dax-S150-V125-small_to_large-mborderline-t3,False,borderline,Qwen/Qwen2.5-3B,qwen_qwen2_5_3b,standard_span,small,,cf_gate_pred_small_expected_large,-7.476025614874309,-7.309423876023389,base,0.16660173885092,150,125
standard_swap:t3,-8.273313522830861,-8.612314633768012,,100,dax,,,,large,standard_swap,True,-0.1276019028986335,bias_corrected,small,0.4040065291316912,0.5316084320303247,size-standard_swap-dax-S150-V125-small_to_large-mborderline-t3,False,borderline,Qwen/Qwen2.5-3B,qwen_qwen2_5_3b,standard_span,large,,cf_gate_pred_small_expected_large,-7.86930699369917,-8.080706201737687,cf,0.2113992080385172,150,125
standard_swap:t3,-8.273313522830861,-8.612314633768012,,100,dax,,,,small,standard_swap,True,0.7156143577938483,bias_corrected,small,0.36853485335024505,1.0841492111440933,size-standard_swap-dax-S200-V150-small_to_large-mclear-t3,False,clear,Qwen/Qwen2.5-3B,qwen_qwen2_5_3b,standard_span,small,,cf_gate_margin_below_0.1,-7.904778669480616,-7.5281654226239185,base,0.3766132468566976,200,150
standard_swap:t3,-8.273313522830861,-8.612314633768012,,100,dax,,,,large,standard_swap,True,0.07489414837037156,bias_corrected,large,0.49597981851166306,0.4210856701412915,size-standard_swap-dax-S200-V150-small_to_large-mclear-t3,False,clear,Qwen/Qwen2.5-3B,qwen_qwen2_5_3b,standard_span,large,,cf_gate_margin_below_0.1,-7.777333704319198,-8.19122896362672,cf,0.41389525930752225,200,150
standard_swap:t3,-8.273313522830861,-8.612314633768012,,10,dax,,,,small,standard_swap,True,0.884782534342138,bias_corrected,small,1.225234653501058,2.110017187843196,size-standard_swap-dax-S90-V30-small_to_large-mclear-t3,False,clear,Qwen/Qwen2.5-3B,qwen_qwen2_5_3b,standard_span,small,,cf_gate_margin_below_0.1,-7.048078869329803,-6.502297445924816,base,0.5457814234049874,90,30
standard_swap:t3,-8.273313522830861,-8.612314633768012,,10,dax,,,,large,standard_swap,True,0.09111264247768602,bias_corrected,large,0.5987979776577017,0.5076853351800157,size-standard_swap-dax-S90-V30-small_to_large-mclear-t3,False,clear,Qwen/Qwen2.5-3B,qwen_qwen2_5_3b,standard_span,large,,cf_gate_margin_below_0.1,-7.6745155451731595,-8.104629298587996,cf,0.4301137534148367,90,30
standard_swap:t3,-8.273313522830861,-8.612314633768012,,100,dax,,,,small,standard_swap,True,0.8853387091432285,bias_corrected,small,-0.12225512219283097,0.7630835869503976,size-standard_swap-dax-S900-V300-small_to_large-mclear-t3,True,clear,Qwen/Qwen2.5-3B,qwen_qwen2_5_3b,standard_span,small,,,-8.395568645023692,-7.849231046817614,base,0.5463375982060779,900,300
standard_swap:t3,-8.273313522830861,-8.612314633768012,,100,dax,,,,large,standard_swap,True,0.29411061846386843,bias_corrected,large,0.20227311147866622,-0.09183750698520221,size-standard_swap-dax-S900-V300-small_to_large-mclear-t3,True,clear,Qwen/Qwen2.5-3B,qwen_qwen2_5_3b,standard_span,large,,,-8.071040411352195,-8.704152140753214,cf,0.6331117294010191,900,300
standard_swap:t3,-8.273313522830861,-8.612314633768012,,100,dax,,,,small,standard_swap,True,0.5423594502025146,bias_corrected,small,-0.5255527705421379,0.016806679660376744,size-standard_swap-dax-S999-V150-small_to_large-mextreme-t3,False,extreme,Qwen/Qwen2.5-3B,qwen_qwen2_5_3b,standard_span,small,,cf_gate_margin_below_0.1,-8.798866293372999,-8.595507954107635,base,0.20335833926536395,999,150
standard_swap:t3,-8.273313522830861,-8.612314633768012,,100,dax,,,,large,standard_swap,True,0.07489414837037156,bias_corrected,large,0.49597981851166306,0.4210856701412915,size-standard_swap-dax-S999-V150-small_to_large-mextreme-t3,False,extreme,Qwen/Qwen2.5-3B,qwen_qwen2_5_3b,standard_span,large,,cf_gate_margin_below_0.1,-7.777333704319198,-8.19122896362672,cf,0.41389525930752225,999,150
standard_swap:t3,-8.273313522830861,-8.612314633768012,,100,fenzel,,,,small,standard_swap,True,1.2258428663362455,bias_corrected,small,0.5722888040683634,1.7981316704046089,size-standard_swap-fenzel-S102-V101-small_to_large-mborderline-t3,False,borderline,Qwen/Qwen2.5-3B,qwen_qwen2_5_3b,standard_span,small,,cf_gate_pred_small_expected_large,-7.701024718762498,-6.814182963363403,base,0.8868417553990948,102,101
standard_swap:t3,-8.273313522830861,-8.612314633768012,,100,fenzel,,,,large,standard_swap,True,-0.5156435203306708,bias_corrected,small,0.7011864709995157,1.2168299913301865,size-standard_swap-fenzel-S102-V101-small_to_large-mborderline-t3,False,borderline,Qwen/Qwen2.5-3B,qwen_qwen2_5_3b,standard_span,small,,cf_gate_pred_small_expected_large,-7.5721270518313455,-7.395484642437825,cf,-0.17664240939352016,102,101
standard_swap:t3,-8.273313522830861,-8.612314633768012,,100,fenzel,,,,small,standard_swap,True,0.8095478376878003,bias_corrected,small,0.9947819583603179,1.8043297960481182,size-standard_swap-fenzel-S120-V110-small_to_large-mborderline-t3,False,borderline,Qwen/Qwen2.5-3B,qwen_qwen2_5_3b,standard_span,small,,cf_gate_pred_small_expected_large,-7.278531564470543,-6.807984837719894,base,0.47054672675064957,120,110
standard_swap:t3,-8.273313522830861,-8.612314633768012,,100,fenzel,,,,large,standard_swap,True,-0.34092321576961737,bias_corrected,small,0.761222642715162,1.1021458584847794,size-standard_swap-fenzel-S120-V110-small_to_large-mborderline-t3,False,borderline,Qwen/Qwen2.5-3B,qwen_qwen2_5_3b,standard_span,small,,cf_gate_pred_small_expected_large,-7.512090880115699,-7.5101687752832325,cf,-0.0019221048324666867,120,110
standard_swap:t3,-8.273313522830861,-8.612314633768012,,50,fenzel,,,,small,standard_swap,True,0.8443529588780789,bias_corrected,small,1.4616827552464944,2.3060357141245733,size-standard_swap-fenzel-S75-V61-small_to_large-mborderline-t3,False,borderline,Qwen/Qwen2.5-3B,qwen_qwen2_5_3b,standard_span,small,,cf_gate_pred_small_expected_large,-6.811630767584367,-6.306278919643439,base,0.5053518479409282,75,61
standard_swap:t3,-8.273313522830861,-8.612314633768012,,50,fenzel,,,,large,standard_swap,True,-0.24418482981939604,bias_corrected,small,1.477651707165431,1.721836536984827,size-standard_swap-fenzel-S75-V61-small_to_large-mborderline-t3,False,borderline,Qwen/Qwen2.5-3B,qwen_qwen2_5_3b,standard_span,large,,cf_gate_pred_small_expected_large,-6.79566181566543,-6.890478096783185,cf,0.09481628111775464,75,61
standard_swap:t3,-8.273313522830861,-8.612314633768012,,100,fenzel,,,,small,standard_swap,True,0.692955765730316,bias_corrected,small,1.0686149644526006,1.7615707301829167,size-standard_swap-fenzel-S150-V125-small_to_large-mborderline-t3,False,borderline,Qwen/Qwen2.5-3B,qwen_qwen2_5_3b,standard_span,small,,cf_gate_pred_small_expected_large,-7.204698558378261,-6.850743903585095,base,0.35395465479316535,150,125
standard_swap:t3,-8.273313522830861,-8.612314633768012,,100,fenzel,,,,large,standard_swap,True,-0.1297573793608544,bias_corrected,small,0.8786589035090717,1.0084162828699261,size-standard_swap-fenzel-S150-V125-small_to_large-mborderline-t3,False,borderline,Qwen/Qwen2.5-3B,qwen_qwen2_5_3b,standard_span,large,,cf_gate_pred_small_expected_large,-7.3946546193217895,-7.603898350898086,cf,0.20924373157629628,150,125
standard_swap:t3,-8.273313522830861,-8.612314633768012,,100,fenzel,,,,small,standard_swap,True,0.9148606957102139,bias_corrected,small,0.633727106420169,1.548587802130383,size-standard_swap-fenzel-S200-V150-small_to_large-mclear-t3,False,clear,Qwen/Qwen2.5-3B,qwen_qwen2_5_3b,standard_span,small,,cf_gate_pred_small_expected_large,-7.639586416410692,-7.063726831637629,base,0.5758595847730632,200,150
standard_swap:t3,-8.273313522830861,-8.612314633768012,,100,fenzel,,,,large,standard_swap,True,-0.04438596139358797,bias_corrected,small,0.8719061487364002,0.9162921101299881,size-standard_swap-fenzel-S200-V150-small_to_large-mclear-t3,False,clear,Qwen/Qwen2.5-3B,qwen_qwen2_5_3b,standard_span,large,,cf_gate_pred_small_expected_large,-7.401407374094461,-7.696022523638024,cf,0.2946151495435627,200,150
standard_swap:t3,-8.273313522830861,-8.612314633768012,,10,fenzel,,,,small,standard_swap,True,1.0291079197629491,bias_corrected,small,1.4024976416777184,2.4316055614406675,size-standard_swap-fenzel-S90-V30-small_to_large-mclear-t3,False,clear,Qwen/Qwen2.5-3B,qwen_qwen2_5_3b,standard_span,small,,cf_gate_margin_below_0.1,-6.870815881153143,-6.180709072327344,base,0.6901068088257984,90,30
standard_swap:t3,-8.273313522830861,-8.612314633768012,,10,fenzel,,,,large,standard_swap,True,0.006972944467166009,bias_corrected,large,1.1115667077058093,1.1045937632386433,size-standard_swap-fenzel-S90-V30-small_to_large-mclear-t3,False,clear,Qwen/Qwen2.5-3B,qwen_qwen2_5_3b,standard_span,large,,cf_gate_margin_below_0.1,-7.161746815125052,-7.5077208705293685,cf,0.3459740554043167,90,30
standard_swap:t3,-8.273313522830861,-8.612314633768012,,100,fenzel,,,,small,standard_swap,True,1.2547460009684448,bias_corrected,small,0.1541552696313584,1.4089012705998032,size-standard_swap-fenzel-S900-V300-small_to_large-mclear-t3,True,clear,Qwen/Qwen2.5-3B,qwen_qwen2_5_3b,standard_span,small,,,-8.119158253199503,-7.203413363168209,base,0.9157448900312941,900,300
standard_swap:t3,-8.273313522830861,-8.612314633768012,,100,fenzel,,,,large,standard_swap,True,0.44105326734021144,bias_corrected,large,0.820666121982641,0.37961285464242955,size-standard_swap-fenzel-S900-V300-small_to_large-mclear-t3,True,clear,Qwen/Qwen2.5-3B,qwen_qwen2_5_3b,standard_span,large,,,-7.45264740084822,-8.232701779125582,cf,0.7800543782773621,900,300
standard_swap:t3,-8.273313522830861,-8.612314633768012,,100,fenzel,,,,small,standard_swap,True,0.7444606531516493,bias_corrected,small,-0.02405632131422486,0.7204043318374245,size-standard_swap-fenzel-S999-V150-small_to_large-mextreme-t3,False,extreme,Qwen/Qwen2.5-3B,qwen_qwen2_5_3b,standard_span,small,,cf_gate_pred_small_expected_large,-8.297369844145086,-7.891910301930587,base,0.40545954221449865,999,150
standard_swap:t3,-8.273313522830861,-8.612314633768012,,100,fenzel,,,,large,standard_swap,True,-0.04438596139358797,bias_corrected,small,0.8719061487364002,0.9162921101299881,size-standard_swap-fenzel-S999-V150-small_to_large-mextreme-t3,False,extreme,Qwen/Qwen2.5-3B,qwen_qwen2_5_3b,standard_span,large,,cf_gate_pred_small_expected_large,-7.401407374094461,-7.696022523638024,cf,0.2946151495435627,999,150
class_swap:t1,-10.378433167920447,-10.716191987404342,ant,,elephant,,,,small,class_swap,True,-0.9645797233454054,bias_corrected,large,1.1350852193097545,0.17050549596434905,size-class_swap-elephant_to_ant-V2-small_to_large-mprior_only-t1,False,prior_only,Qwen/Qwen2.5-3B,qwen_qwen2_5_3b,class_span,large,,base_gate_pred_large_expected_small,-9.243347948610692,-10.545686491439993,base,-1.3023385428293004,,2
class_swap:t1,-10.378433167920447,-10.716191987404342,ant,,elephant,,,,large,class_swap,True,1.6900337549198268,bias_corrected,large,4.906140836344481,3.2161070814246546,size-class_swap-elephant_to_ant-V2-small_to_large-mprior_only-t1,False,prior_only,Qwen/Qwen2.5-3B,qwen_qwen2_5_3b,class_span,large,,base_gate_pred_large_expected_small,-5.472292331575965,-7.500084905979687,cf,2.0277925744037217,,2
class_swap:t1,-10.378433167920447,-10.716191987404342,ant,,elephant,,,,small,class_swap,True,-0.8231557992745051,bias_corrected,large,2.492499078389687,1.669343279115182,size-class_swap-elephant_to_ant-V5-small_to_large-mprior_only-t1,False,prior_only,Qwen/Qwen2.5-3B,qwen_qwen2_5_3b,class_span,large,,base_gate_pred_large_expected_small,-7.8859340895307595,-9.04684870828916,base,-1.1609146187584,,5
class_swap:t1,-10.378433167920447,-10.716191987404342,ant,,elephant,,,,large,class_swap,True,2.375915339469614,bias_corrected,large,4.680919865066885,2.305004525597271,size-class_swap-elephant_to_ant-V5-small_to_large-mprior_only-t1,False,prior_only,Qwen/Qwen2.5-3B,qwen_qwen2_5_3b,class_span,large,,base_gate_pred_large_expected_small,-5.697513302853562,-8.41118746180707,cf,2.713674158953509,,5
class_swap:t1,-10.378433167920447,-10.716191987404342,ant,,elephant,,,,small,class_swap,True,-0.7420399513983824,bias_corrected,large,0.683051155344657,-0.05898879605372542,size-class_swap-elephant_to_ant-V12-small_to_large-mprior_only-t1,False,prior_only,Qwen/Qwen2.5-3B,qwen_qwen2_5_3b,class_span,large,,base_gate_pred_large_expected_small,-9.69538201257579,-10.775180783458067,base,-1.0797987708822774,,12
class_swap:t1,-10.378433167920447,-10.716191987404342,ant,,elephant,,,,large,class_swap,True,1.3274654705230953,bias_corrected,large,2.952608073348588,1.625142602825493,size-class_swap-elephant_to_ant-V12-small_to_large-mprior_only-t1,False,prior_only,Qwen/Qwen2.5-3B,qwen_qwen2_5_3b,class_span,large,,base_gate_pred_large_expected_small,-7.4258250945718585,-9.091049384578849,cf,1.6652242900069902,,12
class_swap:t1,-10.378433167920447,-10.716191987404342,ant,,elephant,,,,small,class_swap,True,-0.7292568113019691,bias_corrected,large,1.6888367555500476,0.9595799442480786,size-class_swap-elephant_to_ant-V32-small_to_large-mprior_only-t1,False,prior_only,Qwen/Qwen2.5-3B,qwen_qwen2_5_3b,class_span,large,,base_gate_pred_large_expected_small,-8.689596412370399,-9.756612043156263,base,-1.067015630785864,,32
class_swap:t1,-10.378433167920447,-10.716191987404342,ant,,elephant,,,,large,class_swap,True,1.4717385565383365,bias_corrected,large,2.8683122557309266,1.3965736991925901,size-class_swap-elephant_to_ant-V32-small_to_large-mprior_only-t1,False,prior_only,Qwen/Qwen2.5-3B,qwen_qwen2_5_3b,class_span,large,,base_gate_pred_large_expected_small,-7.51012091218952,-9.319618288211752,cf,1.8094973760222315,,32
class_swap:t1,-10.378433167920447,-10.716191987404342,ant,,elephant,,,,small,class_swap,True,0.05187098607749174,bias_corrected,small,2.5399613973947703,2.591832383472262,size-class_swap-elephant_to_ant-V83-small_to_large-mprior_only-t1,False,prior_only,Qwen/Qwen2.5-3B,qwen_qwen2_5_3b,class_span,large,,base_gate_margin_below_0.1,-7.838471770525676,-8.12435960393208,base,-0.2858878334064032,,83
class_swap:t1,-10.378433167920447,-10.716191987404342,ant,,elephant,,,,large,class_swap,True,1.294753115541881,bias_corrected,large,3.490946360425913,2.1961932448840322,size-class_swap-elephant_to_ant-V83-small_to_large-mprior_only-t1,False,prior_only,Qwen/Qwen2.5-3B,qwen_qwen2_5_3b,class_span,large,,base_gate_margin_below_0.1,-6.8874868074945335,-8.51999874252031,cf,1.632511935025776,,83
class_swap:t1,-10.378433167920447,-10.716191987404342,ant,,human,,,,small,class_swap,True,1.8572429061996596,bias_corrected,small,2.808594874417466,4.665837780617125,size-class_swap-human_to_ant-V2-small_to_large-mprior_only-t1,True,prior_only,Qwen/Qwen2.5-3B,qwen_qwen2_5_3b,class_span,small,,,-7.569838293502981,-6.050354206787216,base,1.5194840867157646,,2
class_swap:t1,-10.378433167920447,-10.716191987404342,ant,,human,,,,large,class_swap,True,1.6900337549198268,bias_corrected,large,4.906140836344481,3.2161070814246546,size-class_swap-human_to_ant-V2-small_to_large-mprior_only-t1,True,prior_only,Qwen/Qwen2.5-3B,qwen_qwen2_5_3b,class_span,large,,,-5.472292331575965,-7.500084905979687,cf,2.0277925744037217,,2
class_swap:t1,-10.378433167920447,-10.716191987404342,ant,,human,,,,small,class_swap,True,2.050921563005353,bias_corrected,small,2.9140095683629577,4.964931131368311,size-class_swap-human_to_ant-V4-small_to_large-mprior_only-t1,True,prior_only,Qwen/Qwen2.5-3B,qwen_qwen2_5_3b,class_span,small,,,-7.464423599557489,-5.751260856036031,base,1.7131627435214583,,4
class_swap:t1,-10.378433167920447,-10.716191987404342,ant,,human,,,,large,class_swap,True,1.195614418729793,bias_corrected,large,3.454101678831412,2.258487260101619,size-class_swap-human_to_ant-V4-small_to_large-mprior_only-t1,True,prior_only,Qwen/Qwen2.5-3B,qwen_qwen2_5_3b,class_span,large,,,-6.924331489089035,-8.457704727302723,cf,1.533373238213688,,4
class_swap:t1,-10.378433167920447,-10.716191987404342,ant,,human,,,,small,class_swap,True,1.9859995792471308,bias_corrected,small,2.4541836314252468,4.4401832106723775,size-class_swap-human_to_ant-V9-small_to_large-mprior_only-t1,True,prior_only,Qwen/Qwen2.5-3B,qwen_qwen2_5_3b,class_span,small,,,-7.9242495364952,-6.276008776731964,base,1.6482407597632358,,9
class_swap:t1,-10.378433167920447,-10.716191987404342,ant,,human,,,,large,class_swap,True,1.8930933907207468,bias_corrected,large,3.450810065691023,1.5577166749702762,size-class_swap-human_to_ant-V9-small_to_large-mprior_only-t1,True,prior_only,Qwen/Qwen2.5-3B,qwen_qwen2_5_3b,class_span,large,,,-6.927623102229424,-9.158475312434065,cf,2.2308522102046418,,9
class_swap:t1,-10.378433167920447,-10.716191987404342,ant,,human,,,,small,class_swap,True,1.2778336714788807,bias_corrected,small,1.232316487458224,2.5101501589371047,size-class_swap-human_to_ant-V22-small_to_large-mprior_only-t1,True,prior_only,Qwen/Qwen2.5-3B,qwen_qwen2_5_3b,class_span,small,,,-9.146116680462223,-8.206041828467237,base,0.9400748519949857,,22
class_swap:t1,-10.378433167920447,-10.716191987404342,ant,,human,,,,large,class_swap,True,1.122877687487419,bias_corrected,large,2.887709733946158,1.7648320464587393,size-class_swap-human_to_ant-V22-small_to_large-mprior_only-t1,True,prior_only,Qwen/Qwen2.5-3B,qwen_qwen2_5_3b,class_span,large,,,-7.4907234339742885,-8.951359940945602,cf,1.4606365069713139,,22
class_swap:t1,-10.378433167920447,-10.716191987404342,ant,,human,,,,small,class_swap,True,1.3758625075248032,bias_corrected,small,1.4752865357706053,2.8511490432954085,size-class_swap-human_to_ant-V53-small_to_large-mprior_only-t1,True,prior_only,Qwen/Qwen2.5-3B,qwen_qwen2_5_3b,class_span,small,,,-8.903146632149841,-7.865042944108933,base,1.0381036880409082,,53
class_swap:t1,-10.378433167920447,-10.716191987404342,ant,,human,,,,large,class_swap,True,1.2431399092880602,bias_corrected,large,3.416497818015622,2.173357908727562,size-class_swap-human_to_ant-V53-small_to_large-mprior_only-t1,True,prior_only,Qwen/Qwen2.5-3B,qwen_qwen2_5_3b,class_span,large,,,-6.961935349904825,-8.54283407867678,cf,1.5808987287719551,,53
class_swap:t1,-10.378433167920447,-10.716191987404342,human,,elephant,,,,small,class_swap,True,-0.09724387869325568,bias_corrected,large,2.0549118479478725,1.9576679692546168,size-class_swap-elephant_to_human-V190-small_to_large-mprior_only-t1,False,prior_only,Qwen/Qwen2.5-3B,qwen_qwen2_5_3b,class_span,large,,base_gate_pred_large_expected_small;cf_gate_pred_small_expected_large,-8.323521319972574,-8.758524018149725,base,-0.43500269817715065,,190
class_swap:t1,-10.378433167920447,-10.716191987404342,human,,elephant,,,,large,class_swap,True,-0.6804634811218957,bias_corrected,small,1.1879961871967062,1.8684596683186019,size-class_swap-elephant_to_human-V190-small_to_large-mprior_only-t1,False,prior_only,Qwen/Qwen2.5-3B,qwen_qwen2_5_3b,class_span,small,,base_gate_pred_large_expected_small;cf_gate_pred_small_expected_large,-9.19043698072374,-8.84773231908574,cf,-0.34270466163800073,,190
class_swap:t1,-10.378433167920447,-10.716191987404342,human,,elephant,,,,small,class_swap,True,-0.3626257598549678,bias_corrected,large,2.059030981243133,1.696405221388165,size-class_swap-elephant_to_human-V207-small_to_large-mprior_only-t1,False,prior_only,Qwen/Qwen2.5-3B,qwen_qwen2_5_3b,class_span,large,,base_gate_pred_large_expected_small;cf_gate_pred_small_expected_large,-8.319402186677314,-9.019786766016177,base,-0.7003845793388628,,207
class_swap:t1,-10.378433167920447,-10.716191987404342,human,,elephant,,,,large,class_swap,True,-0.4147189808573817,bias_corrected,small,1.5768561921240316,1.9915751729814133,size-class_swap-elephant_to_human-V207-small_to_large-mprior_only-t1,False,prior_only,Qwen/Qwen2.5-3B,qwen_qwen2_5_3b,class_span,small,,base_gate_pred_large_expected_small;cf_gate_pred_small_expected_large,-8.801576975796415,-8.724616814422928,cf,-0.07696016137348671,,207
class_swap:t1,-10.378433167920447,-10.716191987404342,human,,elephant,,,,small,class_swap,True,-0.5384196040576033,bias_corrected,large,1.988579644790665,1.4501600407330617,size-class_swap-elephant_to_human-V226-small_to_large-mprior_only-t1,False,prior_only,Qwen/Qwen2.5-3B,qwen_qwen2_5_3b,class_span,large,,base_gate_pred_large_expected_small;cf_gate_pred_small_expected_large,-8.389853523129782,-9.26603194667128,base,-0.8761784235414982,,226
class_swap:t1,-10.378433167920447,-10.716191987404342,human,,elephant,,,,large,class_swap,True,-0.6901518524976105,bias_corrected,small,1.7202618029039325,2.410413655401543,size-class_swap-elephant_to_human-V226-small_to_large-mprior_only-t1,False,prior_only,Qwen/Qwen2.5-3B,qwen_qwen2_5_3b,class_span,small,,base_gate_pred_large_expected_small;cf_gate_pred_small_expected_large,-8.658171365016514,-8.305778332002799,cf,-0.3523930330137155,,226
class_swap:t1,-10.378433167920447,-10.716191987404342,human,,elephant,,,,small,class_swap,True,-0.30737441086437656,bias_corrected,large,1.91646022762537,1.6090858167609934,size-class_swap-elephant_to_human-V246-small_to_large-mprior_only-t1,False,prior_only,Qwen/Qwen2.5-3B,qwen_qwen2_5_3b,class_span,large,,base_gate_pred_large_expected_small;cf_gate_pred_small_expected_large,-8.461972940295077,-9.107106170643348,base,-0.6451332303482715,,246
class_swap:t1,-10.378433167920447,-10.716191987404342,human,,elephant,,,,large,class_swap,True,-1.2951282049731176,bias_corrected,small,0.9376243934799966,2.2327525984531142,size-class_swap-elephant_to_human-V246-small_to_large-mprior_only-t1,False,prior_only,Qwen/Qwen2.5-3B,qwen_qwen2_5_3b,class_span,small,,base_gate_pred_large_expected_small;cf_gate_pred_small_expected_large,-9.44080877444045,-8.483439388951227,cf,-0.9573693854892227,,246
class_swap:t1,-10.378433167920447,-10.716191987404342,human,,elephant,,,,small,class_swap,True,-0.24792113675504623,bias_corrected,large,2.021753472104807,1.773832335349761,size-class_swap-elephant_to_human-V268-small_to_large-mprior_only-t1,False,prior_only,Qwen/Qwen2.5-3B,qwen_qwen2_5_3b,class_span,large,,base_gate_pred_large_expected_small;cf_gate_pred_small_expected_large,-8.35667969581564,-8.94235965205458,base,-0.5856799562389412,,268
class_swap:t1,-10.378433167920447,-10.716191987404342,human,,elephant,,,,large,class_swap,True,-0.6553690368454124,bias_corrected,small,1.4284368894195723,2.0838059262649846,size-class_swap-elephant_to_human-V268-small_to_large-mprior_only-t1,False,prior_only,Qwen/Qwen2.5-3B,qwen_qwen2_5_3b,class_span,small,,base_gate_pred_large_expected_small;cf_gate_pred_small_expected_large,-8.949996278500874,-8.632386061139357,cf,-0.3176102173615174,,268
class_swap:t2,-4.276613235473633,-3.0768022084313573,ant,,elephant,,,,small,class_swap,True,5.075463956934739,bias_corrected,small,-4.116120336708191,0.9593436202265484,size-class_swap-elephant_to_ant-V2-small_to_large-mprior_only-t2,True,prior_only,Qwen/Qwen2.5-3B,qwen_qwen2_5_3b,class_span,small,,,-8.392733572181823,-2.117458588204809,base,6.275274983977015,,2
class_swap:t2,-4.276613235473633,-3.0768022084313573,ant,,elephant,,,,large,class_swap,True,3.279528540565838,bias_corrected,large,1.449538332341779,-1.829990208224059,size-class_swap-elephant_to_ant-V2-small_to_large-mprior_only-t2,True,prior_only,Qwen/Qwen2.5-3B,qwen_qwen2_5_3b,class_span,large,,,-2.827074903131854,-4.906792416655416,cf,2.0797175135235624,,2
class_swap:t2,-4.276613235473633,-3.0768022084313573,ant,,elephant,,,,small,class_swap,True,5.149161851373283,bias_corrected,small,-4.145788914285131,1.0033729370881526,size-class_swap-elephant_to_ant-V5-small_to_large-mprior_only-t2,True,prior_only,Qwen/Qwen2.5-3B,qwen_qwen2_5_3b,class_span,small,,,-8.422402149758764,-2.0734292713432048,base,6.348972878415559,,5
class_swap:t2,-4.276613235473633,-3.0768022084313573,ant,,elephant,,,,large,class_swap,True,4.0868076536812,bias_corrected,large,1.3859816149366564,-2.7008260387445437,size-class_swap-elephant_to_ant-V5-small_to_large-mprior_only-t2,True,prior_only,Qwen/Qwen2.5-3B,qwen_qwen2_5_3b,class_span,large,,,-2.8906316205369764,-5.777628247175901,cf,2.8869966266389246,,5
class_swap:t2,-4.276613235473633,-3.0768022084313573,ant,,elephant,,,,small,class_swap,True,5.16218188589466,bias_corrected,small,-4.092762547183762,1.0694193387108983,size-class_swap-elephant_to_ant-V12-small_to_large-mprior_only-t2,True,prior_only,Qwen/Qwen2.5-3B,qwen_qwen2_5_3b,class_span,small,,,-8.369375782657395,-2.007382869720459,base,6.361992912936936,,12
class_swap:t2,-4.276613235473633,-3.0768022084313573,ant,,elephant,,,,large,class_swap,True,3.855636249068317,bias_corrected,large,1.3957501618704575,-2.4598860871978596,size-class_swap-elephant_to_ant-V12-small_to_large-mprior_only-t2,True,prior_only,Qwen/Qwen2.5-3B,qwen_qwen2_5_3b,class_span,large,,,-2.8808630736031753,-5.536688295629217,cf,2.6558252220260417,,12
class_swap:t2,-4.276613235473633,-3.0768022084313573,ant,,elephant,,,,small,class_swap,True,4.870214650698243,bias_corrected,small,-3.7438716904143217,1.1263429602839214,size-class_swap-elephant_to_ant-V32-small_to_large-mprior_only-t2,True,prior_only,Qwen/Qwen2.5-3B,qwen_qwen2_5_3b,class_span,small,,,-8.020484925887954,-1.9504592481474359,base,6.070025677740519,,32
class_swap:t2,-4.276613235473633,-3.0768022084313573,ant,,elephant,,,,large,class_swap,True,3.3567777762381192,bias_corrected,large,1.3262835255375762,-2.030494250700543,size-class_swap-elephant_to_ant-V32-small_to_large-mprior_only-t2,True,prior_only,Qwen/Qwen2.5-3B,qwen_qwen2_5_3b,class_span,large,,,-2.9503297099360566,-5.1072964591319,cf,2.1569667491958437,,32
class_swap:t2,-4.276613235473633,-3.0768022084313573,ant,,elephant,,,,small,class_swap,True,4.027641120350568,bias_corrected,small,-2.9972729698637854,1.0303681504867819,size-class_swap-elephant_to_ant-V83-small_to_large-mprior_only-t2,True,prior_only,Qwen/Qwen2.5-3B,qwen_qwen2_5_3b,class_span,small,,,-7.273886205337418,-2.0464340579445754,base,5.227452147392842,,83
class_swap:t2,-4.276613235473633,-3.0768022084313573,ant,,elephant,,,,large,class_swap,True,3.0404832407693045,bias_corrected,large,1.2275502644798189,-1.8129329762894857,size-class_swap-elephant_to_ant-V83-small_to_large-mprior_only-t2,True,prior_only,Qwen/Qwen2.5-3B,qwen_qwen2_5_3b,class_span,large,,,-3.049062970993814,-4.889735184720843,cf,1.840672213727029,,83
class_swap:t2,-4.276613235473633,-3.0768022084313573,ant,,human,,,,small,class_swap,True,5.0307834355208465,bias_corrected,small,-4.1953218271545705,0.835461608366276,size-class_swap-human_to_ant-V2-small_to_large-mprior_only-t2,True,prior_only,Qwen/Qwen2.5-3B,qwen_qwen2_5_3b,class_span,small,,,-8.471935062628203,-2.2413406000650813,base,6.230594462563122,,2
class_swap:t2,-4.276613235473633,-3.0768022084313573,ant,,human,,,,large,class_swap,True,3.279528540565838,bias_corrected,large,1.449538332341779,-1.829990208224059,size-class_swap-human_to_ant-V2-small_to_large-mprior_only-t2,True,prior_only,Qwen/Qwen2.5-3B,qwen_qwen2_5_3b,class_span,large,,,-2.827074903131854,-4.906792416655416,cf,2.0797175135235624,,2
class_swap:t2,-4.276613235473633,-3.0768022084313573,ant,,human,,,,small,class_swap,True,5.304930924535116,bias_corrected,small,-4.378057879822695,0.9268730447124214,size-class_swap-human_to_ant-V4-small_to_large-mprior_only-t2,True,prior_only,Qwen/Qwen2.5-3B,qwen_qwen2_5_3b,class_span,small,,,-8.654671115296328,-2.149929163718936,base,6.504741951577392,,4
class_swap:t2,-4.276613235473633,-3.0768022084313573,ant,,human,,,,large,class_swap,True,3.8363009905685654,bias_corrected,large,1.4686003228427964,-2.367700667725769,size-class_swap-human_to_ant-V4-small_to_large-mprior_only-t2,True,prior_only,Qwen/Qwen2.5-3B,qwen_qwen2_5_3b,class_span,large,,,-2.8080129126308364,-5.444502876157126,cf,2.63648996352629,,4
class_swap:t2,-4.276613235473633,-3.0768022084313573,ant,,human,,,,small,class_swap,True,4.737097258340269,bias_corrected,small,-3.9730921257388427,0.7640051326014263,size-class_swap-human_to_ant-V9-small_to_large-mprior_only-t2,True,prior_only,Qwen/Qwen2.5-3B,qwen_qwen2_5_3b,class_span,small,,,-8.249705361212476,-2.312797075829931,base,5.936908285382545,,9
class_swap:t2,-4.276613235473633,-3.0768022084313573,ant,,human,,,,large,class_swap,True,4.089315992113169,bias_corrected,large,1.3537750741245347,-2.7355409179886347,size-class_swap-human_to_ant-V9-small_to_large-mprior_only-t2,True,prior_only,Qwen/Qwen2.5-3B,qwen_qwen2_5_3b,class_span,large,,,-2.922838161349098,-5.812343126419992,cf,2.889504965070894,,9
class_swap:t2,-4.276613235473633,-3.0768022084313573,ant,,human,,,,small,class_swap,True,3.529348648376401,bias_corrected,small,-2.9959293181188213,0.5334193302575798,size-class_swap-human_to_ant-V22-small_to_large-mprior_only-t2,True,prior_only,Qwen/Qwen2.5-3B,qwen_qwen2_5_3b,class_span,small,,,-7.272542553592454,-2.5433828781737775,base,4.729159675418677,,22
class_swap:t2,-4.276613235473633,-3.0768022084313573,ant,,human,,,,large,class_swap,True,3.7152730003674046,bias_corrected,large,1.295150087893509,-2.4201229124738957,size-class_swap-human_to_ant-V22-small_to_large-mprior_only-t2,True,prior_only,Qwen/Qwen2.5-3B,qwen_qwen2_5_3b,class_span,large,,,-2.981463147580124,-5.496925120905253,cf,2.515461973325129,,22
class_swap:t2,-4.276613235473633,-3.0768022084313573,ant,,human,,,,small,class_swap,True,3.4655572361507883,bias_corrected,small,-3.1160493362796142,0.34950789987117403,size-class_swap-human_to_ant-V53-small_to_large-mprior_only-t2,True,prior_only,Qwen/Qwen2.5-3B,qwen_qwen2_5_3b,class_span,small,,,-7.392662571753247,-2.7272943085601833,base,4.665368263193064,,53
class_swap:t2,-4.276613235473633,-3.0768022084313573,ant,,human,,,,large,class_swap,True,2.850964742916921,bias_corrected,large,1.25127298743638,-1.5996917554805412,size-class_swap-human_to_ant-V53-small_to_large-mprior_only-t2,True,prior_only,Qwen/Qwen2.5-3B,qwen_qwen2_5_3b,class_span,large,,,-3.025340248037253,-4.6764939639118985,cf,1.6511537158746457,,53
class_swap:t2,-4.276613235473633,-3.0768022084313573,human,,elephant,,,,small,class_swap,True,0.8766734747232388,bias_corrected,small,-0.4277530294618419,0.44892044526139685,size-class_swap-elephant_to_human-V190-small_to_large-mprior_only-t2,True,prior_only,Qwen/Qwen2.5-3B,qwen_qwen2_5_3b,class_span,small,,,-4.704366264935475,-2.6278817631699605,base,2.0764845017655142,,190
class_swap:t2,-4.276613235473633,-3.0768022084313573,human,,elephant,,,,large,class_swap,True,0.6380118900724607,bias_corrected,large,-1.3589778405106028,-1.9969897305830635,size-class_swap-elephant_to_human-V190-small_to_large-mprior_only-t2,True,prior_only,Qwen/Qwen2.5-3B,qwen_qwen2_5_3b,class_span,small,,,-5.635591075984236,-5.073791939014421,cf,-0.5617991369698148,,190
class_swap:t2,-4.276613235473633,-3.0768022084313573,human,,elephant,,,,small,class_swap,True,0.18112892610941866,bias_corrected,small,-0.053126322762427236,0.12800260334699143,size-class_swap-elephant_to_human-V207-small_to_large-mprior_only-t2,True,prior_only,Qwen/Qwen2.5-3B,qwen_qwen2_5_3b,class_span,small,,,-4.32973955823606,-2.948799605084366,base,1.3809399531516942,,207
class_swap:t2,-4.276613235473633,-3.0768022084313573,human,,elephant,,,,large,class_swap,True,1.3803105475413178,bias_corrected,large,-0.6832618990195076,-2.0635724465608254,size-class_swap-elephant_to_human-V207-small_to_large-mprior_only-t2,True,prior_only,Qwen/Qwen2.5-3B,qwen_qwen2_5_3b,class_span,large,,,-4.95987513449314,-5.140374654992183,cf,0.18049952049904228,,207
class_swap:t2,-4.276613235473633,-3.0768022084313573,human,,elephant,,,,small,class_swap,True,0.031673822810481145,bias_corrected,small,0.04425890625521589,0.07593272906569704,size-class_swap-elephant_to_human-V226-small_to_large-mprior_only-t2,False,prior_only,Qwen/Qwen2.5-3B,qwen_qwen2_5_3b,class_span,small,,base_gate_margin_below_0.1,-4.232354329218417,-3.0008694793656603,base,1.2314848498527566,,226
class_swap:t2,-4.276613235473633,-3.0768022084313573,human,,elephant,,,,large,class_swap,True,0.8648151970888742,bias_corrected,large,-0.7799498315791036,-1.6447650286679778,size-class_swap-elephant_to_human-V226-small_to_large-mprior_only-t2,False,prior_only,Qwen/Qwen2.5-3B,qwen_qwen2_5_3b,class_span,small,,base_gate_margin_below_0.1,-5.056563067052736,-4.721567237099335,cf,-0.33499582995340127,,226
class_swap:t2,-4.276613235473633,-3.0768022084313573,human,,elephant,,,,small,class_swap,True,0.5728694727855963,bias_corrected,small,-0.2701127220758739,0.3027567507097224,size-class_swap-elephant_to_human-V246-small_to_large-mprior_only-t2,True,prior_only,Qwen/Qwen2.5-3B,qwen_qwen2_5_3b,class_span,small,,,-4.546725957549507,-2.774045457721635,base,1.7726804998278718,,246
class_swap:t2,-4.276613235473633,-3.0768022084313573,human,,elephant,,,,large,class_swap,True,0.4063061102914416,bias_corrected,large,-1.091310944995624,-1.4976170552870656,size-class_swap-elephant_to_human-V246-small_to_large-mprior_only-t2,True,prior_only,Qwen/Qwen2.5-3B,qwen_qwen2_5_3b,class_span,small,,,-5.367924180469257,-4.574419263718423,cf,-0.7935049167508339,,246
class_swap:t2,-4.276613235473633,-3.0768022084313573,human,,elephant,,,,small,class_swap,True,-0.5773275176310362,bias_corrected,large,0.3601060290331075,-0.21722148859792867,size-class_swap-elephant_to_human-V268-small_to_large-mprior_only-t2,False,prior_only,Qwen/Qwen2.5-3B,qwen_qwen2_5_3b,class_span,small,,base_gate_pred_large_expected_small,-3.9165072064405253,-3.294023697029286,base,0.6224835094112393,,268
class_swap:t2,-4.276613235473633,-3.0768022084313573,human,,elephant,,,,large,class_swap,True,1.768322384910812,bias_corrected,large,-0.46260261566688143,-2.2309250005776935,size-class_swap-elephant_to_human-V268-small_to_large-mprior_only-t2,False,prior_only,Qwen/Qwen2.5-3B,qwen_qwen2_5_3b,class_span,large,,base_gate_pred_large_expected_small,-4.739215851140514,-5.307727209009051,cf,0.5685113578685366,,268
class_swap:t3,-9.195744990952432,-9.100182495106239,ant,,elephant,,,,small,class_swap,True,1.247509152330256,bias_corrected,small,1.4895825332879484,2.7370916856182044,size-class_swap-elephant_to_ant-V2-small_to_large-mprior_only-t3,False,prior_only,Qwen/Qwen2.5-3B,qwen_qwen2_5_3b,class_span,small,,cf_gate_margin_below_0.1,-7.706162457664484,-6.3630908094880345,base,1.3430716481764495,,2
class_swap:t3,-9.195744990952432,-9.100182495106239,ant,,elephant,,,,large,class_swap,True,0.052566154920042685,bias_corrected,large,1.3135869211220808,1.261020766202038,size-class_swap-elephant_to_ant-V2-small_to_large-mprior_only-t3,False,prior_only,Qwen/Qwen2.5-3B,qwen_qwen2_5_3b,class_span,small,,cf_gate_margin_below_0.1,-7.882158069830352,-7.839161728904201,cf,-0.0429963409261509,,2
class_swap:t3,-9.195744990952432,-9.100182495106239,ant,,elephant,,,,small,class_swap,True,1.5684020915178092,bias_corrected,small,1.70272803761386,3.2711301291316692,size-class_swap-elephant_to_ant-V5-small_to_large-mprior_only-t3,True,prior_only,Qwen/Qwen2.5-3B,qwen_qwen2_5_3b,class_span,small,,,-7.493016953338572,-5.82905236597457,base,1.6639645873640028,,5
class_swap:t3,-9.195744990952432,-9.100182495106239,ant,,elephant,,,,large,class_swap,True,0.11126990621082467,bias_corrected,large,1.7814026204807343,1.6701327142699096,size-class_swap-elephant_to_ant-V5-small_to_large-mprior_only-t3,True,prior_only,Qwen/Qwen2.5-3B,qwen_qwen2_5_3b,class_span,large,,,-7.414342370471698,-7.430049780836329,cf,0.01570741036463108,,5
class_swap:t3,-9.195744990952432,-9.100182495106239,ant,,elephant,,,,small,class_swap,True,1.5951410272652495,bias_corrected,small,1.3045168660179343,2.899657893283184,size-class_swap-elephant_to_ant-V12-small_to_large-mprior_only-t3,True,prior_only,Qwen/Qwen2.5-3B,qwen_qwen2_5_3b,class_span,small,,,-7.891228124934498,-6.200524601823055,base,1.6907035231114431,,12
class_swap:t3,-9.195744990952432,-9.100182495106239,ant,,elephant,,,,large,class_swap,True,0.5859819590742781,bias_corrected,large,1.8034292389420958,1.2174472798678178,size-class_swap-elephant_to_ant-V12-small_to_large-mprior_only-t3,True,prior_only,Qwen/Qwen2.5-3B,qwen_qwen2_5_3b,class_span,large,,,-7.392315752010337,-7.882735215238421,cf,0.4904194632280845,,12
class_swap:t3,-9.195744990952432,-9.100182495106239,ant,,elephant,,,,small,class_swap,True,1.6658625615276792,bias_corrected,small,1.44994271255905,3.1158052740867292,size-class_swap-elephant_to_ant-V32-small_to_large-mprior_only-t3,True,prior_only,Qwen/Qwen2.5-3B,qwen_qwen2_5_3b,class_span,small,,,-7.745802278393382,-5.98437722101951,base,1.7614250573738728,,32
class_swap:t3,-9.195744990952432,-9.100182495106239,ant,,elephant,,,,large,class_swap,True,0.629474644149731,bias_corrected,large,1.9480515352098555,1.3185768910601245,size-class_swap-elephant_to_ant-V32-small_to_large-mprior_only-t3,True,prior_only,Qwen/Qwen2.5-3B,qwen_qwen2_5_3b,class_span,large,,,-7.247693455742577,-7.781605604046114,cf,0.5339121483035374,,32
class_swap:t3,-9.195744990952432,-9.100182495106239,ant,,elephant,,,,small,class_swap,True,1.65961939157369,bias_corrected,small,1.6280962745305647,3.287715666104255,size-class_swap-elephant_to_ant-V83-small_to_large-mprior_only-t3,False,prior_only,Qwen/Qwen2.5-3B,qwen_qwen2_5_3b,class_span,small,,cf_gate_margin_below_0.1,-7.567648716421868,-5.812466829001984,base,1.7551818874198837,,83
class_swap:t3,-9.195744990952432,-9.100182495106239,ant,,elephant,,,,large,class_swap,True,0.03198561455553506,bias_corrected,large,1.936103464700765,1.90411785014523,size-class_swap-elephant_to_ant-V83-small_to_large-mprior_only-t3,False,prior_only,Qwen/Qwen2.5-3B,qwen_qwen2_5_3b,class_span,small,,cf_gate_margin_below_0.1,-7.259641526251667,-7.196064644961009,cf,-0.06357688129065853,,83
class_swap:t3,-9.195744990952432,-9.100182495106239,ant,,human,,,,small,class_swap,True,0.9658400444998758,bias_corrected,small,-0.2499075520177172,0.7159324924821586,size-class_swap-human_to_ant-V2-small_to_large-mprior_only-t3,False,prior_only,Qwen/Qwen2.5-3B,qwen_qwen2_5_3b,class_span,small,,cf_gate_margin_below_0.1,-9.44565254297015,-8.38425000262408,base,1.0614025403460694,,2
class_swap:t3,-9.195744990952432,-9.100182495106239,ant,,human,,,,large,class_swap,True,0.052566154920042685,bias_corrected,large,1.3135869211220808,1.261020766202038,size-class_swap-human_to_ant-V2-small_to_large-mprior_only-t3,False,prior_only,Qwen/Qwen2.5-3B,qwen_qwen2_5_3b,class_span,small,,cf_gate_margin_below_0.1,-7.882158069830352,-7.839161728904201,cf,-0.0429963409261509,,2
class_swap:t3,-9.195744990952432,-9.100182495106239,ant,,human,,,,small,class_swap,True,0.9726256705546756,bias_corrected,small,0.16776987958944467,1.1403955501441203,size-class_swap-human_to_ant-V4-small_to_large-mprior_only-t3,True,prior_only,Qwen/Qwen2.5-3B,qwen_qwen2_5_3b,class_span,small,,,-9.027975111362988,-7.959786944962119,base,1.0681881664008692,,4
class_swap:t3,-9.195744990952432,-9.100182495106239,ant,,human,,,,large,class_swap,True,0.14002569083100447,bias_corrected,large,1.9132095074650088,1.7731838166340044,size-class_swap-human_to_ant-V4-small_to_large-mprior_only-t3,True,prior_only,Qwen/Qwen2.5-3B,qwen_qwen2_5_3b,class_span,large,,,-7.282535483487424,-7.3269986784722345,cf,0.04446319498481088,,4
class_swap:t3,-9.195744990952432,-9.100182495106239,ant,,human,,,,small,class_swap,True,0.4967054058075586,bias_corrected,small,-1.2282639134068774,-0.7315585075993187,size-class_swap-human_to_ant-V9-small_to_large-mprior_only-t3,True,prior_only,Qwen/Qwen2.5-3B,qwen_qwen2_5_3b,class_span,small,,,-10.42400890435931,-9.831741002705558,base,0.5922679016537522,,9
class_swap:t3,-9.195744990952432,-9.100182495106239,ant,,human,,,,large,class_swap,True,0.3768392786427226,bias_corrected,large,2.040449693013784,1.6636104143710613,size-class_swap-human_to_ant-V9-small_to_large-mprior_only-t3,True,prior_only,Qwen/Qwen2.5-3B,qwen_qwen2_5_3b,class_span,large,,,-7.155295297938649,-7.436572080735178,cf,0.281276782796529,,9
class_swap:t3,-9.195744990952432,-9.100182495106239,ant,,human,,,,small,class_swap,True,0.3276862707174697,bias_corrected,small,-1.8500552130394041,-1.5223689423219344,size-class_swap-human_to_ant-V22-small_to_large-mprior_only-t3,True,prior_only,Qwen/Qwen2.5-3B,qwen_qwen2_5_3b,class_span,small,,,-11.045800203991837,-10.622551437428173,base,0.4232487665636633,,22
class_swap:t3,-9.195744990952432,-9.100182495106239,ant,,human,,,,large,class_swap,True,0.5287936922686107,bias_corrected,large,2.0362178637716486,1.5074241715030379,size-class_swap-human_to_ant-V22-small_to_large-mprior_only-t3,True,prior_only,Qwen/Qwen2.5-3B,qwen_qwen2_5_3b,class_span,large,,,-7.159527127180784,-7.592758323603201,cf,0.43323119642241714,,22
class_swap:t3,-9.195744990952432,-9.100182495106239,ant,,human,,,,small,class_swap,True,0.06801429197259523,bias_corrected,small,-1.2727265699336279,-1.2047122779610326,size-class_swap-human_to_ant-V53-small_to_large-mprior_only-t3,False,prior_only,Qwen/Qwen2.5-3B,qwen_qwen2_5_3b,class_span,small,,base_gate_margin_below_0.1,-10.46847156088606,-10.304894773067272,base,0.16357678781878882,,53
class_swap:t3,-9.195744990952432,-9.100182495106239,ant,,human,,,,large,class_swap,True,0.2199549377689589,bias_corrected,large,2.140009986356141,1.920055048587182,size-class_swap-human_to_ant-V53-small_to_large-mprior_only-t3,False,prior_only,Qwen/Qwen2.5-3B,qwen_qwen2_5_3b,class_span,large,,base_gate_margin_below_0.1,-7.055735004596292,-7.180127446519057,cf,0.12439244192276533,,53
class_swap:t3,-9.195744990952432,-9.100182495106239,human,,elephant,,,,small,class_swap,True,0.7043351405483627,bias_corrected,small,0.9035268279312323,1.607861968479595,size-class_swap-elephant_to_human-V190-small_to_large-mprior_only-t3,True,prior_only,Qwen/Qwen2.5-3B,qwen_qwen2_5_3b,class_span,small,,,-8.2922181630212,-7.492320526626644,base,0.7998976363945562,,190
class_swap:t3,-9.195744990952432,-9.100182495106239,human,,elephant,,,,large,class_swap,True,0.5634246836479839,bias_corrected,large,0.01808713525988459,-0.5453375483880993,size-class_swap-elephant_to_human-V190-small_to_large-mprior_only-t3,True,prior_only,Qwen/Qwen2.5-3B,qwen_qwen2_5_3b,class_span,large,,,-9.177657855692548,-9.645520043494338,cf,0.46786218780179034,,190
class_swap:t3,-9.195744990952432,-9.100182495106239,human,,elephant,,,,small,class_swap,True,0.6500738640037564,bias_corrected,small,1.2874768258560056,1.937550689859762,size-class_swap-elephant_to_human-V207-small_to_large-mprior_only-t3,True,prior_only,Qwen/Qwen2.5-3B,qwen_qwen2_5_3b,class_span,small,,,-7.908268165096427,-7.162631805246477,base,0.74563635984995,,207
class_swap:t3,-9.195744990952432,-9.100182495106239,human,,elephant,,,,large,class_swap,True,0.636564405157376,bias_corrected,large,0.11280323199280318,-0.5237611731645728,size-class_swap-elephant_to_human-V207-small_to_large-mprior_only-t3,True,prior_only,Qwen/Qwen2.5-3B,qwen_qwen2_5_3b,class_span,large,,,-9.08294175895963,-9.623943668270812,cf,0.5410019093111824,,207
class_swap:t3,-9.195744990952432,-9.100182495106239,human,,elephant,,,,small,class_swap,True,0.8221638219542502,bias_corrected,small,1.3003880029539934,2.1225518249082436,size-class_swap-elephant_to_human-V226-small_to_large-mprior_only-t3,True,prior_only,Qwen/Qwen2.5-3B,qwen_qwen2_5_3b,class_span,small,,,-7.895356987998439,-6.977630670197995,base,0.9177263178004438,,226
class_swap:t3,-9.195744990952432,-9.100182495106239,human,,elephant,,,,large,class_swap,True,0.16844257131089968,bias_corrected,large,-0.3410287130841354,-0.5094712843950351,size-class_swap-elephant_to_human-V226-small_to_large-mprior_only-t3,True,prior_only,Qwen/Qwen2.5-3B,qwen_qwen2_5_3b,class_span,large,,,-9.536773704036568,-9.609653779501274,cf,0.0728800754647061,,226
class_swap:t3,-9.195744990952432,-9.100182495106239,human,,elephant,,,,small,class_swap,True,0.9772473059766558,bias_corrected,small,1.124389465352417,2.1016367713290727,size-class_swap-elephant_to_human-V246-small_to_large-mprior_only-t3,True,prior_only,Qwen/Qwen2.5-3B,qwen_qwen2_5_3b,class_span,small,,,-8.071355525600016,-6.998545723777166,base,1.0728098018228494,,246
class_swap:t3,-9.195744990952432,-9.100182495106239,human,,elephant,,,,large,class_swap,True,0.19121141613452508,bias_corrected,large,-0.08824986696552628,-0.27946128310005136,size-class_swap-elephant_to_human-V246-small_to_large-mprior_only-t3,True,prior_only,Qwen/Qwen2.5-3B,qwen_qwen2_5_3b,class_span,large,,,-9.283994857917959,-9.37964377820629,cf,0.0956489202883315,,246
class_swap:t3,-9.195744990952432,-9.100182495106239,human,,elephant,,,,small,class_swap,True,0.6687627812503543,bias_corrected,small,1.3195513150486535,1.9883140962990078,size-class_swap-elephant_to_human-V268-small_to_large-mprior_only-t3,True,prior_only,Qwen/Qwen2.5-3B,qwen_qwen2_5_3b,class_span,small,,,-7.876193675903779,-7.111868398807231,base,0.7643252770965479,,268
class_swap:t3,-9.195744990952432,-9.100182495106239,human,,elephant,,,,large,class_swap,True,0.5446047668781144,bias_corrected,large,0.18355060748108443,-0.36105415939703,size-class_swap-elephant_to_human-V268-small_to_large-mprior_only-t3,True,prior_only,Qwen/Qwen2.5-3B,qwen_qwen2_5_3b,class_span,large,,,-9.012194383471348,-9.461236654503269,cf,0.44904227103192085,,268
conflict_swap:t1,-9.490518919616116,-9.520966855586803,ant,10,elephant,class_small_standard_large,conflict-class_small_standard_large-elephant-S10-V12-t1,class_donor,small,conflict_swap,False,-0.6121028944790874,bias_corrected,large,1.6737893792765322,1.0616864847974448,size-conflict_swap-class_small_standard_large-elephant-S10-V12-class_span-to_large-t1,True,borderline,Qwen/Qwen2.5-3B,qwen_qwen2_5_3b,class_span,large,conflict-class_small_standard_large-elephant-S10-V12-t1,,-7.816729540339584,-8.459280370789358,base,-0.6425508304497738,10,12
conflict_swap:t1,-9.490518919616116,-9.520966855586803,ant,10,elephant,class_small_standard_large,conflict-class_small_standard_large-elephant-S10-V12-t1,class_donor,large,conflict_swap,False,0.5625653990781689,bias_corrected,large,1.3143960652600128,0.7518306661818439,size-conflict_swap-class_small_standard_large-elephant-S10-V12-class_span-to_large-t1,True,borderline,Qwen/Qwen2.5-3B,qwen_qwen2_5_3b,class_span,large,conflict-class_small_standard_large-elephant-S10-V12-t1,,-8.176122854356104,-8.769136189404959,cf,0.5930133350488553,10,12
conflict_swap:t1,-9.490518919616116,-9.520966855586803,ant,10,elephant,class_small_standard_large,conflict-class_small_standard_large-elephant-S10-V12-t1,class_donor,small,conflict_swap,True,1.641739399678265,bias_corrected,small,0.4853366019764582,2.127076001654723,size-conflict_swap-class_small_standard_large-elephant-S10-V12-class_span-to_large-t1,True,borderline,Qwen/Qwen2.5-3B,qwen_qwen2_5_3b,class_span,small,conflict-class_small_standard_large-elephant-S10-V12-t1,,-9.005182317639658,-7.39389085393208,sibling_class,1.6112914637075786,10,12
conflict_swap:t1,-9.490518919616116,-9.520966855586803,ant,10,elephant,class_small_standard_large,conflict-class_small_standard_large-elephant-S10-V12-t1,class_donor,large,conflict_swap,True,0.5625653990781689,bias_corrected,large,1.3143960652600128,0.7518306661818439,size-conflict_swap-class_small_standard_large-elephant-S10-V12-class_span-to_large-t1,True,borderline,Qwen/Qwen2.5-3B,qwen_qwen2_5_3b,class_span,large,conflict-class_small_standard_large-elephant-S10-V12-t1,,-8.176122854356104,-8.769136189404959,sibling_standard,0.5930133350488553,10,12
conflict_swap:t1,-9.490518919616116,-9.520966855586803,elephant,90,elephant,class_small_standard_large,conflict-class_small_standard_large-elephant-S10-V12-t1,standard_donor,large,conflict_swap,False,0.6121028944790874,bias_corrected,large,1.6737893792765322,1.0616864847974448,size-conflict_swap-class_small_standard_large-elephant-S10-V12-standard_span-to_small-t1,True,borderline,Qwen/Qwen2.5-3B,qwen_qwen2_5_3b,standard_span,large,conflict-class_small_standard_large-elephant-S10-V12-t1,,-7.816729540339584,-8.459280370789358,base,0.6425508304497738,10,12
conflict_swap:t1,-9.490518919616116,-9.520966855586803,elephant,90,elephant,class_small_standard_large,conflict-class_small_standard_large-elephant-S10-V12-t1,standard_donor,small,conflict_swap,False,1.641739399678265,bias_corrected,small,0.4853366019764582,2.127076001654723,size-conflict_swap-class_small_standard_large-elephant-S10-V12-standard_span-to_small-t1,True,borderline,Qwen/Qwen2.5-3B,qwen_qwen2_5_3b,standard_span,small,conflict-class_small_standard_large-elephant-S10-V12-t1,,-9.005182317639658,-7.39389085393208,cf,1.6112914637075786,10,12
conflict_swap:t1,-9.490518919616116,-9.520966855586803,elephant,90,elephant,class_small_standard_large,conflict-class_small_standard_large-elephant-S10-V12-t1,standard_donor,small,conflict_swap,True,1.641739399678265,bias_corrected,small,0.4853366019764582,2.127076001654723,size-conflict_swap-class_small_standard_large-elephant-S10-V12-standard_span-to_small-t1,True,borderline,Qwen/Qwen2.5-3B,qwen_qwen2_5_3b,standard_span,small,conflict-class_small_standard_large-elephant-S10-V12-t1,,-9.005182317639658,-7.39389085393208,sibling_class,1.6112914637075786,10,12
conflict_swap:t1,-9.490518919616116,-9.520966855586803,elephant,90,elephant,class_small_standard_large,conflict-class_small_standard_large-elephant-S10-V12-t1,standard_donor,large,conflict_swap,True,0.5625653990781689,bias_corrected,large,1.3143960652600128,0.7518306661818439,size-conflict_swap-class_small_standard_large-elephant-S10-V12-standard_span-to_small-t1,True,borderline,Qwen/Qwen2.5-3B,qwen_qwen2_5_3b,standard_span,large,conflict-class_small_standard_large-elephant-S10-V12-t1,,-8.176122854356104,-8.769136189404959,sibling_standard,0.5930133350488553,10,12
conflict_swap:t1,-9.490518919616116,-9.520966855586803,elephant,90,ant,class_large_standard_small,conflict-class_large_standard_small-ant-S90-V12-t1,class_donor,large,conflict_swap,False,-1.739144978351633,bias_corrected,small,-0.1996985659371049,1.5394464124145282,size-conflict_swap-class_large_standard_small-ant-S90-V12-class_span-to_small-t1,True,extreme,Qwen/Qwen2.5-3B,qwen_qwen2_5_3b,class_span,small,conflict-class_large_standard_small-ant-S90-V12-t1,,-9.690217485553221,-7.981520443172275,base,-1.7086970423809467,90,12
conflict_swap:t1,-9.490518919616116,-9.520966855586803,elephant,90,ant,class_large_standard_small,conflict-class_large_standard_small-ant-S90-V12-t1,class_donor,small,conflict_swap,False,1.641739399678265,bias_corrected,small,0.4853366019764582,2.127076001654723,size-conflict_swap-class_large_standard_small-ant-S90-V12-class_span-to_small-t1,True,extreme,Qwen/Qwen2.5-3B,qwen_qwen2_5_3b,class_span,small,conflict-class_large_standard_small-ant-S90-V12-t1,,-9.005182317639658,-7.39389085393208,cf,1.6112914637075786,90,12
conflict_swap:t1,-9.490518919616116,-9.520966855586803,elephant,90,ant,class_large_standard_small,conflict-class_large_standard_small-ant-S90-V12-t1,class_donor,large,conflict_swap,True,0.5625653990781689,bias_corrected,large,1.3143960652600128,0.7518306661818439,size-conflict_swap-class_large_standard_small-ant-S90-V12-class_span-to_small-t1,True,extreme,Qwen/Qwen2.5-3B,qwen_qwen2_5_3b,class_span,large,conflict-class_large_standard_small-ant-S90-V12-t1,,-8.176122854356104,-8.769136189404959,sibling_class,0.5930133350488553,90,12
conflict_swap:t1,-9.490518919616116,-9.520966855586803,elephant,90,ant,class_large_standard_small,conflict-class_large_standard_small-ant-S90-V12-t1,class_donor,small,conflict_swap,True,1.641739399678265,bias_corrected,small,0.4853366019764582,2.127076001654723,size-conflict_swap-class_large_standard_small-ant-S90-V12-class_span-to_small-t1,True,extreme,Qwen/Qwen2.5-3B,qwen_qwen2_5_3b,class_span,small,conflict-class_large_standard_small-ant-S90-V12-t1,,-9.005182317639658,-7.39389085393208,sibling_standard,1.6112914637075786,90,12
conflict_swap:t1,-9.490518919616116,-9.520966855586803,ant,10,ant,class_large_standard_small,conflict-class_large_standard_small-ant-S90-V12-t1,standard_donor,small,conflict_swap,False,1.739144978351633,bias_corrected,small,-0.1996985659371049,1.5394464124145282,size-conflict_swap-class_large_standard_small-ant-S90-V12-standard_span-to_large-t1,True,extreme,Qwen/Qwen2.5-3B,qwen_qwen2_5_3b,standard_span,small,conflict-class_large_standard_small-ant-S90-V12-t1,,-9.690217485553221,-7.981520443172275,base,1.7086970423809467,90,12
conflict_swap:t1,-9.490518919616116,-9.520966855586803,ant,10,ant,class_large_standard_small,conflict-class_large_standard_small-ant-S90-V12-t1,standard_donor,large,conflict_swap,False,0.5625653990781689,bias_corrected,large,1.3143960652600128,0.7518306661818439,size-conflict_swap-class_large_standard_small-ant-S90-V12-standard_span-to_large-t1,True,extreme,Qwen/Qwen2.5-3B,qwen_qwen2_5_3b,standard_span,large,conflict-class_large_standard_small-ant-S90-V12-t1,,-8.176122854356104,-8.769136189404959,cf,0.5930133350488553,90,12
conflict_swap:t1,-9.490518919616116,-9.520966855586803,ant,10,ant,class_large_standard_small,conflict-class_large_standard_small-ant-S90-V12-t1,standard_donor,large,conflict_swap,True,0.5625653990781689,bias_corrected,large,1.3143960652600128,0.7518306661818439,size-conflict_swap-class_large_standard_small-ant-S90-V12-standard_span-to_large-t1,True,extreme,Qwen/Qwen2.5-3B,qwen_qwen2_5_3b,standard_span,large,conflict-class_large_standard_small-ant-S90-V12-t1,,-8.176122854356104,-8.769136189404959,sibling_class,0.5930133350488553,90,12
conflict_swap:t1,-9.490518919616116,-9.520966855586803,ant,10,ant,class_large_standard_small,conflict-class_large_standard_small-ant-S90-V12-t1,standard_donor,small,conflict_swap,True,1.641739399678265,bias_corrected,small,0.4853366019764582,2.127076001654723,size-conflict_swap-class_large_standard_small-ant-S90-V12-standard_span-to_large-t1,True,extreme,Qwen/Qwen2.5-3B,qwen_qwen2_5_3b,standard_span,small,conflict-class_large_standard_small-ant-S90-V12-t1,,-9.005182317639658,-7.39389085393208,sibling_standard,1.6112914637075786,90,12
conflict_swap:t1,-9.490518919616116,-9.520966855586803,ant,10,elephant,class_small_standard_large,conflict-class_small_standard_large-elephant-S10-V32-t1,class_donor,small,conflict_swap,False,-1.0475235072559848,bias_corrected,large,0.950695532620248,-0.09682797463573678,size-conflict_swap-class_small_standard_large-elephant-S10-V32-class_span-to_large-t1,True,clear,Qwen/Qwen2.5-3B,qwen_qwen2_5_3b,class_span,large,conflict-class_small_standard_large-elephant-S10-V32-t1,,-8.539823386995868,-9.61779483022254,base,-1.0779714432266712,10,32
conflict_swap:t1,-9.490518919616116,-9.520966855586803,ant,10,elephant,class_small_standard_large,conflict-class_small_standard_large-elephant-S10-V32-t1,class_donor,large,conflict_swap,False,0.8196386105118894,bias_corrected,large,0.7522997407448191,-0.06733886976707026,size-conflict_swap-class_small_standard_large-elephant-S10-V32-class_span-to_large-t1,True,clear,Qwen/Qwen2.5-3B,qwen_qwen2_5_3b,class_span,large,conflict-class_small_standard_large-elephant-S10-V32-t1,,-8.738219178871297,-9.588305725353873,cf,0.8500865464825758,10,32
conflict_swap:t1,-9.490518919616116,-9.520966855586803,ant,10,elephant,class_small_standard_large,conflict-class_small_standard_large-elephant-S10-V32-t1,class_donor,small,conflict_swap,True,1.45750090021928,bias_corrected,small,0.22509987069593151,1.6826007709152115,size-conflict_swap-class_small_standard_large-elephant-S10-V32-class_span-to_large-t1,True,clear,Qwen/Qwen2.5-3B,qwen_qwen2_5_3b,class_span,small,conflict-class_small_standard_large-elephant-S10-V32-t1,,-9.265419048920185,-7.838366084671591,sibling_class,1.4270529642485936,10,32
conflict_swap:t1,-9.490518919616116,-9.520966855586803,ant,10,elephant,class_small_standard_large,conflict-class_small_standard_large-elephant-S10-V32-t1,class_donor,large,conflict_swap,True,0.8196386105118894,bias_corrected,large,0.7522997407448191,-0.06733886976707026,size-conflict_swap-class_small_standard_large-elephant-S10-V32-class_span-to_large-t1,True,clear,Qwen/Qwen2.5-3B,qwen_qwen2_5_3b,class_span,large,conflict-class_small_standard_large-elephant-S10-V32-t1,,-8.738219178871297,-9.588305725353873,sibling_standard,0.8500865464825758,10,32
conflict_swap:t1,-9.490518919616116,-9.520966855586803,elephant,90,elephant,class_small_standard_large,conflict-class_small_standard_large-elephant-S10-V32-t1,standard_donor,large,conflict_swap,False,1.0475235072559848,bias_corrected,large,0.950695532620248,-0.09682797463573678,size-conflict_swap-class_small_standard_large-elephant-S10-V32-standard_span-to_small-t1,True,clear,Qwen/Qwen2.5-3B,qwen_qwen2_5_3b,standard_span,large,conflict-class_small_standard_large-elephant-S10-V32-t1,,-8.539823386995868,-9.61779483022254,base,1.0779714432266712,10,32
conflict_swap:t1,-9.490518919616116,-9.520966855586803,elephant,90,elephant,class_small_standard_large,conflict-class_small_standard_large-elephant-S10-V32-t1,standard_donor,small,conflict_swap,False,1.45750090021928,bias_corrected,small,0.22509987069593151,1.6826007709152115,size-conflict_swap-class_small_standard_large-elephant-S10-V32-standard_span-to_small-t1,True,clear,Qwen/Qwen2.5-3B,qwen_qwen2_5_3b,standard_span,small,conflict-class_small_standard_large-elephant-S10-V32-t1,,-9.265419048920185,-7.838366084671591,cf,1.4270529642485936,10,32
conflict_swap:t1,-9.490518919616116,-9.520966855586803,elephant,90,elephant,class_small_standard_large,conflict-class_small_standard_large-elephant-S10-V32-t1,standard_donor,small,conflict_swap,True,1.45750090021928,bias_corrected,small,0.22509987069593151,1.6826007709152115,size-conflict_swap-class_small_standard_large-elephant-S10-V32-standard_span-to_small-t1,True,clear,Qwen/Qwen2.5-3B,qwen_qwen2_5_3b,standard_span,small,conflict-class_small_standard_large-elephant-S10-V32-t1,,-9.265419048920185,-7.838366084671591,sibling_class,1.4270529642485936,10,32
conflict_swap:t1,-9.490518919616116,-9.520966855586803,elephant,90,elephant,class_small_standard_large,conflict-class_small_standard_large-elephant-S10-V32-t1,standard_donor,large,conflict_swap,True,0.8196386105118894,bias_corrected,large,0.7522997407448191,-0.06733886976707026,size-conflict_swap-class_small_standard_large-elephant-S10-V32-standard_span-to_small-t1,True,clear,Qwen/Qwen2.5-3B,qwen_qwen2_5_3b,standard_span,large,conflict-class_small_standard_large-elephant-S10-V32-t1,,-8.738219178871297,-9.588305725353873,sibling_standard,0.8500865464825758,10,32
conflict_swap:t1,-9.490518919616116,-9.520966855586803,elephant,90,ant,class_large_standard_small,conflict-class_large_standard_small-ant-S90-V32-t1,class_donor,large,conflict_swap,False,-1.610203089834929,bias_corrected,small,-0.4519615660989107,1.1582415237360184,size-conflict_swap-class_large_standard_small-ant-S90-V32-class_span-to_small-t1,True,clear,Qwen/Qwen2.5-3B,qwen_qwen2_5_3b,class_span,small,conflict-class_large_standard_small-ant-S90-V32-t1,,-9.942480485715027,-8.362725331850784,base,-1.5797551538642427,90,32
conflict_swap:t1,-9.490518919616116,-9.520966855586803,elephant,90,ant,class_large_standard_small,conflict-class_large_standard_small-ant-S90-V32-t1,class_donor,small,conflict_swap,False,1.45750090021928,bias_corrected,small,0.22509987069593151,1.6826007709152115,size-conflict_swap-class_large_standard_small-ant-S90-V32-class_span-to_small-t1,True,clear,Qwen/Qwen2.5-3B,qwen_qwen2_5_3b,class_span,small,conflict-class_large_standard_small-ant-S90-V32-t1,,-9.265419048920185,-7.838366084671591,cf,1.4270529642485936,90,32
conflict_swap:t1,-9.490518919616116,-9.520966855586803,elephant,90,ant,class_large_standard_small,conflict-class_large_standard_small-ant-S90-V32-t1,class_donor,large,conflict_swap,True,0.8196386105118894,bias_corrected,large,0.7522997407448191,-0.06733886976707026,size-conflict_swap-class_large_standard_small-ant-S90-V32-class_span-to_small-t1,True,clear,Qwen/Qwen2.5-3B,qwen_qwen2_5_3b,class_span,large,conflict-class_large_standard_small-ant-S90-V32-t1,,-8.738219178871297,-9.588305725353873,sibling_class,0.8500865464825758,90,32
conflict_swap:t1,-9.490518919616116,-9.520966855586803,elephant,90,ant,class_large_standard_small,conflict-class_large_standard_small-ant-S90-V32-t1,class_donor,small,conflict_swap,True,1.45750090021928,bias_corrected,small,0.22509987069593151,1.6826007709152115,size-conflict_swap-class_large_standard_small-ant-S90-V32-class_span-to_small-t1,True,clear,Qwen/Qwen2.5-3B,qwen_qwen2_5_3b,class_span,small,conflict-class_large_standard_small-ant-S90-V32-t1,,-9.265419048920185,-7.838366084671591,sibling_standard,1.4270529642485936,90,32
conflict_swap:t1,-9.490518919616116,-9.520966855586803,ant,10,ant,class_large_standard_small,conflict-class_large_standard_small-ant-S90-V32-t1,standard_donor,small,conflict_swap,False,1.610203089834929,bias_corrected,small,-0.4519615660989107,1.1582415237360184,size-conflict_swap-class_large_standard_small-ant-S90-V32-standard_span-to_large-t1,True,clear,Qwen/Qwen2.5-3B,qwen_qwen2_5_3b,standard_span,small,conflict-class_large_standard_small-ant-S90-V32-t1,,-9.942480485715027,-8.362725331850784,base,1.5797551538642427,90,32
conflict_swap:t1,-9.490518919616116,-9.520966855586803,ant,10,ant,class_large_standard_small,conflict-class_large_standard_small-ant-S90-V32-t1,standard_donor,large,conflict_swap,False,0.8196386105118894,bias_corrected,large,0.7522997407448191,-0.06733886976707026,size-conflict_swap-class_large_standard_small-ant-S90-V32-standard_span-to_large-t1,True,clear,Qwen/Qwen2.5-3B,qwen_qwen2_5_3b,standard_span,large,conflict-class_large_standard_small-ant-S90-V32-t1,,-8.738219178871297,-9.588305725353873,cf,0.8500865464825758,90,32
conflict_swap:t1,-9.490518919616116,-9.520966855586803,ant,10,ant,class_large_standard_small,conflict-class_large_standard_small-ant-S90-V32-t1,standard_donor,large,conflict_swap,True,0.8196386105118894,bias_corrected,large,0.7522997407448191,-0.06733886976707026,size-conflict_swap-class_large_standard_small-ant-S90-V32-standard_span-to_large-t1,True,clear,Qwen/Qwen2.5-3B,qwen_qwen2_5_3b,standard_span,large,conflict-class_large_standard_small-ant-S90-V32-t1,,-8.738219178871297,-9.588305725353873,sibling_class,0.8500865464825758,90,32
conflict_swap:t1,-9.490518919616116,-9.520966855586803,ant,10,ant,class_large_standard_small,conflict-class_large_standard_small-ant-S90-V32-t1,standard_donor,small,conflict_swap,True,1.45750090021928,bias_corrected,small,0.22509987069593151,1.6826007709152115,size-conflict_swap-class_large_standard_small-ant-S90-V32-standard_span-to_large-t1,True,clear,Qwen/Qwen2.5-3B,qwen_qwen2_5_3b,standard_span,small,conflict-class_large_standard_small-ant-S90-V32-t1,,-9.265419048920185,-7.838366084671591,sibling_standard,1.4270529642485936,90,32
conflict_swap:t1,-9.490518919616116,-9.520966855586803,ant,10,elephant,class_small_standard_large,conflict-class_small_standard_large-elephant-S10-V83-t1,class_donor,small,conflict_swap,False,-0.9418797677286914,bias_corrected,large,0.9285829907024024,-0.013296777026289064,size-conflict_swap-class_small_standard_large-elephant-S10-V83-class_span-to_large-t1,True,extreme,Qwen/Qwen2.5-3B,qwen_qwen2_5_3b,class_span,large,conflict-class_small_standard_large-elephant-S10-V83-t1,,-8.561935928913714,-9.534263632613092,base,-0.9723277036993778,10,83
conflict_swap:t1,-9.490518919616116,-9.520966855586803,ant,10,elephant,class_small_standard_large,conflict-class_small_standard_large-elephant-S10-V83-t1,class_donor,large,conflict_swap,False,0.6300535356328663,bias_corrected,large,1.0280773158921992,0.39802378025933294,size-conflict_swap-class_small_standard_large-elephant-S10-V83-class_span-to_large-t1,True,extreme,Qwen/Qwen2.5-3B,qwen_qwen2_5_3b,class_span,large,conflict-class_small_standard_large-elephant-S10-V83-t1,,-8.462441603723917,-9.12294307532747,cf,0.6605014716035527,10,83
conflict_swap:t1,-9.490518919616116,-9.520966855586803,ant,10,elephant,class_small_standard_large,conflict-class_small_standard_large-elephant-S10-V83-t1,class_donor,small,conflict_swap,True,1.478651290783139,bias_corrected,small,-0.11902393223235208,1.359627358550787,size-conflict_swap-class_small_standard_large-elephant-S10-V83-class_span-to_large-t1,True,extreme,Qwen/Qwen2.5-3B,qwen_qwen2_5_3b,class_span,small,conflict-class_small_standard_large-elephant-S10-V83-t1,,-9.609542851848468,-8.161339497036016,sibling_class,1.4482033548124527,10,83
conflict_swap:t1,-9.490518919616116,-9.520966855586803,ant,10,elephant,class_small_standard_large,conflict-class_small_standard_large-elephant-S10-V83-t1,class_donor,large,conflict_swap,True,0.6300535356328663,bias_corrected,large,1.0280773158921992,0.39802378025933294,size-conflict_swap-class_small_standard_large-elephant-S10-V83-class_span-to_large-t1,True,extreme,Qwen/Qwen2.5-3B,qwen_qwen2_5_3b,class_span,large,conflict-class_small_standard_large-elephant-S10-V83-t1,,-8.462441603723917,-9.12294307532747,sibling_standard,0.6605014716035527,10,83
conflict_swap:t1,-9.490518919616116,-9.520966855586803,elephant,90,elephant,class_small_standard_large,conflict-class_small_standard_large-elephant-S10-V83-t1,standard_donor,large,conflict_swap,False,0.9418797677286914,bias_corrected,large,0.9285829907024024,-0.013296777026289064,size-conflict_swap-class_small_standard_large-elephant-S10-V83-standard_span-to_small-t1,True,extreme,Qwen/Qwen2.5-3B,qwen_qwen2_5_3b,standard_span,large,conflict-class_small_standard_large-elephant-S10-V83-t1,,-8.561935928913714,-9.534263632613092,base,0.9723277036993778,10,83
conflict_swap:t1,-9.490518919616116,-9.520966855586803,elephant,90,elephant,class_small_standard_large,conflict-class_small_standard_large-elephant-S10-V83-t1,standard_donor,small,conflict_swap,False,1.478651290783139,bias_corrected,small,-0.11902393223235208,1.359627358550787,size-conflict_swap-class_small_standard_large-elephant-S10-V83-standard_span-to_small-t1,True,extreme,Qwen/Qwen2.5-3B,qwen_qwen2_5_3b,standard_span,small,conflict-class_small_standard_large-elephant-S10-V83-t1,,-9.609542851848468,-8.161339497036016,cf,1.4482033548124527,10,83
conflict_swap:t1,-9.490518919616116,-9.520966855586803,elephant,90,elephant,class_small_standard_large,conflict-class_small_standard_large-elephant-S10-V83-t1,standard_donor,small,conflict_swap,True,1.478651290783139,bias_corrected,small,-0.11902393223235208,1.359627358550787,size-conflict_swap-class_small_standard_large-elephant-S10-V83-standard_span-to_small-t1,True,extreme,Qwen/Qwen2.5-3B,qwen_qwen2_5_3b,standard_span,small,conflict-class_small_standard_large-elephant-S10-V83-t1,,-9.609542851848468,-8.161339497036016,sibling_class,1.4482033548124527,10,83
conflict_swap:t1,-9.490518919616116,-9.520966855586803,elephant,90,elephant,class_small_standard_large,conflict-class_small_standard_large-elephant-S10-V83-t1,standard_donor,large,conflict_swap,True,0.6300535356328663,bias_corrected,large,1.0280773158921992,0.39802378025933294,size-conflict_swap-class_small_standard_large-elephant-S10-V83-standard_span-to_small-t1,True,extreme,Qwen/Qwen2.5-3B,qwen_qwen2_5_3b,standard_span,large,conflict-class_small_standard_large-elephant-S10-V83-t1,,-8.462441603723917,-9.12294307532747,sibling_standard,0.6605014716035527,10,83
conflict_swap:t1,-9.490518919616116,-9.520966855586803,elephant,90,ant,class_large_standard_small,conflict-class_large_standard_small-ant-S90-V83-t1,class_donor,large,conflict_swap,False,-1.7379143435948166,bias_corrected,small,-0.6138560025353552,1.1240583410594613,size-conflict_swap-class_large_standard_small-ant-S90-V83-class_span-to_small-t1,True,borderline,Qwen/Qwen2.5-3B,qwen_qwen2_5_3b,class_span,small,conflict-class_large_standard_small-ant-S90-V83-t1,,-10.104374922151472,-8.396908514527341,base,-1.7074664076241302,90,83
conflict_swap:t1,-9.490518919616116,-9.520966855586803,elephant,90,ant,class_large_standard_small,conflict-class_large_standard_small-ant-S90-V83-t1,class_donor,small,conflict_swap,False,1.478651290783139,bias_corrected,small,-0.11902393223235208,1.359627358550787,size-conflict_swap-class_large_standard_small-ant-S90-V83-class_span-to_small-t1,True,borderline,Qwen/Qwen2.5-3B,qwen_qwen2_5_3b,class_span,small,conflict-class_large_standard_small-ant-S90-V83-t1,,-9.609542851848468,-8.161339497036016,cf,1.4482033548124527,90,83
conflict_swap:t1,-9.490518919616116,-9.520966855586803,elephant,90,ant,class_large_standard_small,conflict-class_large_standard_small-ant-S90-V83-t1,class_donor,large,conflict_swap,True,0.6300535356328663,bias_corrected,large,1.0280773158921992,0.39802378025933294,size-conflict_swap-class_large_standard_small-ant-S90-V83-class_span-to_small-t1,True,borderline,Qwen/Qwen2.5-3B,qwen_qwen2_5_3b,class_span,large,conflict-class_large_standard_small-ant-S90-V83-t1,,-8.462441603723917,-9.12294307532747,sibling_class,0.6605014716035527,90,83
conflict_swap:t1,-9.490518919616116,-9.520966855586803,elephant,90,ant,class_large_standard_small,conflict-class_large_standard_small-ant-S90-V83-t1,class_donor,small,conflict_swap,True,1.478651290783139,bias_corrected,small,-0.11902393223235208,1.359627358550787,size-conflict_swap-class_large_standard_small-ant-S90-V83-class_span-to_small-t1,True,borderline,Qwen/Qwen2.5-3B,qwen_qwen2_5_3b,class_span,small,conflict-class_large_standard_small-ant-S90-V83-t1,,-9.609542851848468,-8.161339497036016,sibling_standard,1.4482033548124527,90,83
conflict_swap:t1,-9.490518919616116,-9.520966855586803,ant,10,ant,class_large_standard_small,conflict-class_large_standard_small-ant-S90-V83-t1,standard_donor,small,conflict_swap,False,1.7379143435948166,bias_corrected,small,-0.6138560025353552,1.1240583410594613,size-conflict_swap-class_large_standard_small-ant-S90-V83-standard_span-to_large-t1,True,borderline,Qwen/Qwen2.5-3B,qwen_qwen2_5_3b,standard_span,small,conflict-class_large_standard_small-ant-S90-V83-t1,,-10.104374922151472,-8.396908514527341,base,1.7074664076241302,90,83
conflict_swap:t1,-9.490518919616116,-9.520966855586803,ant,10,ant,class_large_standard_small,conflict-class_large_standard_small-ant-S90-V83-t1,standard_donor,large,conflict_swap,False,0.6300535356328663,bias_corrected,large,1.0280773158921992,0.39802378025933294,size-conflict_swap-class_large_standard_small-ant-S90-V83-standard_span-to_large-t1,True,borderline,Qwen/Qwen2.5-3B,qwen_qwen2_5_3b,standard_span,large,conflict-class_large_standard_small-ant-S90-V83-t1,,-8.462441603723917,-9.12294307532747,cf,0.6605014716035527,90,83
conflict_swap:t1,-9.490518919616116,-9.520966855586803,ant,10,ant,class_large_standard_small,conflict-class_large_standard_small-ant-S90-V83-t1,standard_donor,large,conflict_swap,True,0.6300535356328663,bias_corrected,large,1.0280773158921992,0.39802378025933294,size-conflict_swap-class_large_standard_small-ant-S90-V83-standard_span-to_large-t1,True,borderline,Qwen/Qwen2.5-3B,qwen_qwen2_5_3b,standard_span,large,conflict-class_large_standard_small-ant-S90-V83-t1,,-8.462441603723917,-9.12294307532747,sibling_class,0.6605014716035527,90,83
conflict_swap:t1,-9.490518919616116,-9.520966855586803,ant,10,ant,class_large_standard_small,conflict-class_large_standard_small-ant-S90-V83-t1,standard_donor,small,conflict_swap,True,1.478651290783139,bias_corrected,small,-0.11902393223235208,1.359627358550787,size-conflict_swap-class_large_standard_small-ant-S90-V83-standard_span-to_large-t1,True,borderline,Qwen/Qwen2.5-3B,qwen_qwen2_5_3b,standard_span,small,conflict-class_large_standard_small-ant-S90-V83-t1,,-9.609542851848468,-8.161339497036016,sibling_standard,1.4482033548124527,90,83
conflict_swap:t1,-9.490518919616116,-9.520966855586803,ant,10,human,class_small_standard_large,conflict-class_small_standard_large-human-S10-V22-t1,class_donor,small,conflict_swap,False,-0.9657605892035157,bias_corrected,large,0.9949596032185255,0.029199014015009794,size-conflict_swap-class_small_standard_large-human-S10-V22-class_span-to_large-t1,True,clear,Qwen/Qwen2.5-3B,qwen_qwen2_5_3b,class_span,large,conflict-class_small_standard_large-human-S10-V22-t1,,-8.49555931639759,-9.491767841571793,base,-0.9962085251742021,10,22
conflict_swap:t1,-9.490518919616116,-9.520966855586803,ant,10,human,class_small_standard_large,conflict-class_small_standard_large-human-S10-V22-t1,class_donor,large,conflict_swap,False,0.930703827023363,bias_corrected,large,0.9204098052116994,-0.010294021811663612,size-conflict_swap-class_small_standard_large-human-S10-V22-class_span-to_large-t1,True,clear,Qwen/Qwen2.5-3B,qwen_qwen2_5_3b,class_span,large,conflict-class_small_standard_large-human-S10-V22-t1,,-8.570109114404417,-9.531260877398466,cf,0.9611517629940494,10,22
conflict_swap:t1,-9.490518919616116,-9.520966855586803,ant,10,human,class_small_standard_large,conflict-class_small_standard_large-human-S10-V22-t1,class_donor,small,conflict_swap,True,1.6984902319277184,bias_corrected,small,0.055017465836657564,1.753507697764376,size-conflict_swap-class_small_standard_large-human-S10-V22-class_span-to_large-t1,True,clear,Qwen/Qwen2.5-3B,qwen_qwen2_5_3b,class_span,small,conflict-class_small_standard_large-human-S10-V22-t1,,-9.435501453779459,-7.767459157822427,sibling_class,1.668042295957032,10,22
conflict_swap:t1,-9.490518919616116,-9.520966855586803,ant,10,human,class_small_standard_large,conflict-class_small_standard_large-human-S10-V22-t1,class_donor,large,conflict_swap,True,0.930703827023363,bias_corrected,large,0.9204098052116994,-0.010294021811663612,size-conflict_swap-class_small_standard_large-human-S10-V22-class_span-to_large-t1,True,clear,Qwen/Qwen2.5-3B,qwen_qwen2_5_3b,class_span,large,conflict-class_small_standard_large-human-S10-V22-t1,,-8.570109114404417,-9.531260877398466,sibling_standard,0.9611517629940494,10,22
conflict_swap:t1,-9.490518919616116,-9.520966855586803,human,90,human,class_small_standard_large,conflict-class_small_standard_large-human-S10-V22-t1,standard_donor,large,conflict_swap,False,0.9657605892035157,bias_corrected,large,0.9949596032185255,0.029199014015009794,size-conflict_swap-class_small_standard_large-human-S10-V22-standard_span-to_small-t1,True,clear,Qwen/Qwen2.5-3B,qwen_qwen2_5_3b,standard_span,large,conflict-class_small_standard_large-human-S10-V22-t1,,-8.49555931639759,-9.491767841571793,base,0.9962085251742021,10,22
conflict_swap:t1,-9.490518919616116,-9.520966855586803,human,90,human,class_small_standard_large,conflict-class_small_standard_large-human-S10-V22-t1,standard_donor,small,conflict_swap,False,1.6984902319277184,bias_corrected,small,0.055017465836657564,1.753507697764376,size-conflict_swap-class_small_standard_large-human-S10-V22-standard_span-to_small-t1,True,clear,Qwen/Qwen2.5-3B,qwen_qwen2_5_3b,standard_span,small,conflict-class_small_standard_large-human-S10-V22-t1,,-9.435501453779459,-7.767459157822427,cf,1.668042295957032,10,22
conflict_swap:t1,-9.490518919616116,-9.520966855586803,human,90,human,class_small_standard_large,conflict-class_small_standard_large-human-S10-V22-t1,standard_donor,small,conflict_swap,True,1.6984902319277184,bias_corrected,small,0.055017465836657564,1.753507697764376,size-conflict_swap-class_small_standard_large-human-S10-V22-standard_span-to_small-t1,True,clear,Qwen/Qwen2.5-3B,qwen_qwen2_5_3b,standard_span,small,conflict-class_small_standard_large-human-S10-V22-t1,,-9.435501453779459,-7.767459157822427,sibling_class,1.668042295957032,10,22
conflict_swap:t1,-9.490518919616116,-9.520966855586803,human,90,human,class_small_standard_large,conflict-class_small_standard_large-human-S10-V22-t1,standard_donor,large,conflict_swap,True,0.930703827023363,bias_corrected,large,0.9204098052116994,-0.010294021811663612,size-conflict_swap-class_small_standard_large-human-S10-V22-standard_span-to_small-t1,True,clear,Qwen/Qwen2.5-3B,qwen_qwen2_5_3b,standard_span,large,conflict-class_small_standard_large-human-S10-V22-t1,,-8.570109114404417,-9.531260877398466,sibling_standard,0.9611517629940494,10,22
conflict_swap:t1,-9.490518919616116,-9.520966855586803,human,90,ant,class_large_standard_small,conflict-class_large_standard_small-ant-S90-V22-t1,class_donor,large,conflict_swap,False,-1.6975340476376424,bias_corrected,small,-0.32433252908082366,1.3732015185568187,size-conflict_swap-class_large_standard_small-ant-S90-V22-class_span-to_small-t1,True,clear,Qwen/Qwen2.5-3B,qwen_qwen2_5_3b,class_span,small,conflict-class_large_standard_small-ant-S90-V22-t1,,-9.81485144869694,-8.147765337029984,base,-1.667086111666956,90,22
conflict_swap:t1,-9.490518919616116,-9.520966855586803,human,90,ant,class_large_standard_small,conflict-class_large_standard_small-ant-S90-V22-t1,class_donor,small,conflict_swap,False,1.6984902319277184,bias_corrected,small,0.055017465836657564,1.753507697764376,size-conflict_swap-class_large_standard_small-ant-S90-V22-class_span-to_small-t1,True,clear,Qwen/Qwen2.5-3B,qwen_qwen2_5_3b,class_span,small,conflict-class_large_standard_small-ant-S90-V22-t1,,-9.435501453779459,-7.767459157822427,cf,1.668042295957032,90,22
conflict_swap:t1,-9.490518919616116,-9.520966855586803,human,90,ant,class_large_standard_small,conflict-class_large_standard_small-ant-S90-V22-t1,class_donor,large,conflict_swap,True,0.930703827023363,bias_corrected,large,0.9204098052116994,-0.010294021811663612,size-conflict_swap-class_large_standard_small-ant-S90-V22-class_span-to_small-t1,True,clear,Qwen/Qwen2.5-3B,qwen_qwen2_5_3b,class_span,large,conflict-class_large_standard_small-ant-S90-V22-t1,,-8.570109114404417,-9.531260877398466,sibling_class,0.9611517629940494,90,22
conflict_swap:t1,-9.490518919616116,-9.520966855586803,human,90,ant,class_large_standard_small,conflict-class_large_standard_small-ant-S90-V22-t1,class_donor,small,conflict_swap,True,1.6984902319277184,bias_corrected,small,0.055017465836657564,1.753507697764376,size-conflict_swap-class_large_standard_small-ant-S90-V22-class_span-to_small-t1,True,clear,Qwen/Qwen2.5-3B,qwen_qwen2_5_3b,class_span,small,conflict-class_large_standard_small-ant-S90-V22-t1,,-9.435501453779459,-7.767459157822427,sibling_standard,1.668042295957032,90,22
conflict_swap:t1,-9.490518919616116,-9.520966855586803,ant,10,ant,class_large_standard_small,conflict-class_large_standard_small-ant-S90-V22-t1,standard_donor,small,conflict_swap,False,1.6975340476376424,bias_corrected,small,-0.32433252908082366,1.3732015185568187,size-conflict_swap-class_large_standard_small-ant-S90-V22-standard_span-to_large-t1,True,clear,Qwen/Qwen2.5-3B,qwen_qwen2_5_3b,standard_span,small,conflict-class_large_standard_small-ant-S90-V22-t1,,-9.81485144869694,-8.147765337029984,base,1.667086111666956,90,22
conflict_swap:t1,-9.490518919616116,-9.520966855586803,ant,10,ant,class_large_standard_small,conflict-class_large_standard_small-ant-S90-V22-t1,standard_donor,large,conflict_swap,False,0.930703827023363,bias_corrected,large,0.9204098052116994,-0.010294021811663612,size-conflict_swap-class_large_standard_small-ant-S90-V22-standard_span-to_large-t1,True,clear,Qwen/Qwen2.5-3B,qwen_qwen2_5_3b,standard_span,large,conflict-class_large_standard_small-ant-S90-V22-t1,,-8.570109114404417,-9.531260877398466,cf,0.9611517629940494,90,22
conflict_swap:t1,-9.490518919616116,-9.520966855586803,ant,10,ant,class_large_standard_small,conflict-class_large_standard_small-ant-S90-V22-t1,standard_donor,large,conflict_swap,True,0.930703827023363,bias_corrected,large,0.9204098052116994,-0.010294021811663612,size-conflict_swap-class_large_standard_small-ant-S90-V22-standard_span-to_large-t1,True,clear,Qwen/Qwen2.5-3B,qwen_qwen2_5_3b,standard_span,large,conflict-class_large_standard_small-ant-S90-V22-t1,,-8.570109114404417,-9.531260877398466,sibling_class,0.9611517629940494,90,22
conflict_swap:t1,-9.490518919616116,-9.520966855586803,ant,10,ant,class_large_standard_small,conflict-class_large_standard_small-ant-S90-V22-t1,standard_donor,small,conflict_swap,True,1.6984902319277184,bias_corrected,small,0.055017465836657564,1.753507697764376,size-conflict_swap-class_large_standard_small-ant-S90-V22-standard_span-to_large-t1,True,clear,Qwen/Qwen2.5-3B,qwen_qwen2_5_3b,standard_span,small,conflict-class_large_standard_small-ant-S90-V22-t1,,-9.435501453779459,-7.767459157822427,sibling_standard,1.668042295957032,90,22
conflict_swap:t1,-9.490518919616116,-9.520966855586803,ant,10,human,class_small_standard_large,conflict-class_small_standard_large-human-S10-V53-t1,class_donor,small,conflict_swap,False,-1.1069349684348353,bias_corrected,large,1.0557565501336494,-0.05117841830118586,size-conflict_swap-class_small_standard_large-human-S10-V53-class_span-to_large-t1,True,extreme,Qwen/Qwen2.5-3B,qwen_qwen2_5_3b,class_span,large,conflict-class_small_standard_large-human-S10-V53-t1,,-8.434762369482467,-9.572145273887989,base,-1.1373829044055217,10,53
conflict_swap:t1,-9.490518919616116,-9.520966855586803,ant,10,human,class_small_standard_large,conflict-class_small_standard_large-human-S10-V53-t1,class_donor,large,conflict_swap,False,0.8449926495463238,bias_corrected,large,0.9205076213731562,0.07551497182683242,size-conflict_swap-class_small_standard_large-human-S10-V53-class_span-to_large-t1,True,extreme,Qwen/Qwen2.5-3B,qwen_qwen2_5_3b,class_span,large,conflict-class_small_standard_large-human-S10-V53-t1,,-8.57001129824296,-9.44545188375997,cf,0.8754405855170102,10,53
conflict_swap:t1,-9.490518919616116,-9.520966855586803,ant,10,human,class_small_standard_large,conflict-class_small_standard_large-human-S10-V53-t1,class_donor,small,conflict_swap,True,1.7324144887745003,bias_corrected,small,-0.18593734852098542,1.546477140253515,size-conflict_swap-class_small_standard_large-human-S10-V53-class_span-to_large-t1,True,extreme,Qwen/Qwen2.5-3B,qwen_qwen2_5_3b,class_span,small,conflict-class_small_standard_large-human-S10-V53-t1,,-9.676456268137102,-7.974489715333288,sibling_class,1.701966552803814,10,53
conflict_swap:t1,-9.490518919616116,-9.520966855586803,ant,10,human,class_small_standard_large,conflict-class_small_standard_large-human-S10-V53-t1,class_donor,large,conflict_swap,True,0.8449926495463238,bias_corrected,large,0.9205076213731562,0.07551497182683242,size-conflict_swap-class_small_standard_large-human-S10-V53-class_span-to_large-t1,True,extreme,Qwen/Qwen2.5-3B,qwen_qwen2_5_3b,class_span,large,conflict-class_small_standard_large-human-S10-V53-t1,,-8.57001129824296,-9.44545188375997,sibling_standard,0.8754405855170102,10,53
conflict_swap:t1,-9.490518919616116,-9.520966855586803,human,90,human,class_small_standard_large,conflict-class_small_standard_large-human-S10-V53-t1,standard_donor,large,conflict_swap,False,1.1069349684348353,bias_corrected,large,1.0557565501336494,-0.05117841830118586,size-conflict_swap-class_small_standard_large-human-S10-V53-standard_span-to_small-t1,True,extreme,Qwen/Qwen2.5-3B,qwen_qwen2_5_3b,standard_span,large,conflict-class_small_standard_large-human-S10-V53-t1,,-8.434762369482467,-9.572145273887989,base,1.1373829044055217,10,53
conflict_swap:t1,-9.490518919616116,-9.520966855586803,human,90,human,class_small_standard_large,conflict-class_small_standard_large-human-S10-V53-t1,standard_donor,small,conflict_swap,False,1.7324144887745003,bias_corrected,small,-0.18593734852098542,1.546477140253515,size-conflict_swap-class_small_standard_large-human-S10-V53-standard_span-to_small-t1,True,extreme,Qwen/Qwen2.5-3B,qwen_qwen2_5_3b,standard_span,small,conflict-class_small_standard_large-human-S10-V53-t1,,-9.676456268137102,-7.974489715333288,cf,1.701966552803814,10,53
conflict_swap:t1,-9.490518919616116,-9.520966855586803,human,90,human,class_small_standard_large,conflict-class_small_standard_large-human-S10-V53-t1,standard_donor,small,conflict_swap,True,1.7324144887745003,bias_corrected,small,-0.18593734852098542,1.546477140253515,size-conflict_swap-class_small_standard_large-human-S10-V53-standard_span-to_small-t1,True,extreme,Qwen/Qwen2.5-3B,qwen_qwen2_5_3b,standard_span,small,conflict-class_small_standard_large-human-S10-V53-t1,,-9.676456268137102,-7.974489715333288,sibling_class,1.701966552803814,10,53
conflict_swap:t1,-9.490518919616116,-9.520966855586803,human,90,human,class_small_standard_large,conflict-class_small_standard_large-human-S10-V53-t1,standard_donor,large,conflict_swap,True,0.8449926495463238,bias_corrected,large,0.9205076213731562,0.07551497182683242,size-conflict_swap-class_small_standard_large-human-S10-V53-standard_span-to_small-t1,True,extreme,Qwen/Qwen2.5-3B,qwen_qwen2_5_3b,standard_span,large,conflict-class_small_standard_large-human-S10-V53-t1,,-8.57001129824296,-9.44545188375997,sibling_standard,0.8754405855170102,10,53
conflict_swap:t1,-9.490518919616116,-9.520966855586803,human,90,ant,class_large_standard_small,conflict-class_large_standard_small-ant-S90-V53-t1,class_donor,large,conflict_swap,False,-1.5863221990900715,bias_corrected,small,-0.5517581589718166,1.034564040118255,size-conflict_swap-class_large_standard_small-ant-S90-V53-class_span-to_small-t1,True,clear,Qwen/Qwen2.5-3B,qwen_qwen2_5_3b,class_span,small,conflict-class_large_standard_small-ant-S90-V53-t1,,-10.042277078587933,-8.486402815468548,base,-1.5558742631193851,90,53
conflict_swap:t1,-9.490518919616116,-9.520966855586803,human,90,ant,class_large_standard_small,conflict-class_large_standard_small-ant-S90-V53-t1,class_donor,small,conflict_swap,False,1.7324144887745003,bias_corrected,small,-0.18593734852098542,1.546477140253515,size-conflict_swap-class_large_standard_small-ant-S90-V53-class_span-to_small-t1,True,clear,Qwen/Qwen2.5-3B,qwen_qwen2_5_3b,class_span,small,conflict-class_large_standard_small-ant-S90-V53-t1,,-9.676456268137102,-7.974489715333288,cf,1.701966552803814,90,53
conflict_swap:t1,-9.490518919616116,-9.520966855586803,human,90,ant,class_large_standard_small,conflict-class_large_standard_small-ant-S90-V53-t1,class_donor,large,conflict_swap,True,0.8449926495463238,bias_corrected,large,0.9205076213731562,0.07551497182683242,size-conflict_swap-class_large_standard_small-ant-S90-V53-class_span-to_small-t1,True,clear,Qwen/Qwen2.5-3B,qwen_qwen2_5_3b,class_span,large,conflict-class_large_standard_small-ant-S90-V53-t1,,-8.57001129824296,-9.44545188375997,sibling_class,0.8754405855170102,90,53
conflict_swap:t1,-9.490518919616116,-9.520966855586803,human,90,ant,class_large_standard_small,conflict-class_large_standard_small-ant-S90-V53-t1,class_donor,small,conflict_swap,True,1.7324144887745003,bias_corrected,small,-0.18593734852098542,1.546477140253515,size-conflict_swap-class_large_standard_small-ant-S90-V53-class_span-to_small-t1,True,clear,Qwen/Qwen2.5-3B,qwen_qwen2_5_3b,class_span,small,conflict-class_large_standard_small-ant-S90-V53-t1,,-9.676456268137102,-7.974489715333288,sibling_standard,1.701966552803814,90,53
conflict_swap:t1,-9.490518919616116,-9.520966855586803,ant,10,ant,class_large_standard_small,conflict-class_large_standard_small-ant-S90-V53-t1,standard_donor,small,conflict_swap,False,1.5863221990900715,bias_corrected,small,-0.5517581589718166,1.034564040118255,size-conflict_swap-class_large_standard_small-ant-S90-V53-standard_span-to_large-t1,True,clear,Qwen/Qwen2.5-3B,qwen_qwen2_5_3b,standard_span,small,conflict-class_large_standard_small-ant-S90-V53-t1,,-10.042277078587933,-8.486402815468548,base,1.5558742631193851,90,53
conflict_swap:t1,-9.490518919616116,-9.520966855586803,ant,10,ant,class_large_standard_small,conflict-class_large_standard_small-ant-S90-V53-t1,standard_donor,large,conflict_swap,False,0.8449926495463238,bias_corrected,large,0.9205076213731562,0.07551497182683242,size-conflict_swap-class_large_standard_small-ant-S90-V53-standard_span-to_large-t1,True,clear,Qwen/Qwen2.5-3B,qwen_qwen2_5_3b,standard_span,large,conflict-class_large_standard_small-ant-S90-V53-t1,,-8.57001129824296,-9.44545188375997,cf,0.8754405855170102,90,53
conflict_swap:t1,-9.490518919616116,-9.520966855586803,ant,10,ant,class_large_standard_small,conflict-class_large_standard_small-ant-S90-V53-t1,standard_donor,large,conflict_swap,True,0.8449926495463238,bias_corrected,large,0.9205076213731562,0.07551497182683242,size-conflict_swap-class_large_standard_small-ant-S90-V53-standard_span-to_large-t1,True,clear,Qwen/Qwen2.5-3B,qwen_qwen2_5_3b,standard_span,large,conflict-class_large_standard_small-ant-S90-V53-t1,,-8.57001129824296,-9.44545188375997,sibling_class,0.8754405855170102,90,53
conflict_swap:t1,-9.490518919616116,-9.520966855586803,ant,10,ant,class_large_standard_small,conflict-class_large_standard_small-ant-S90-V53-t1,standard_donor,small,conflict_swap,True,1.7324144887745003,bias_corrected,small,-0.18593734852098542,1.546477140253515,size-conflict_swap-class_large_standard_small-ant-S90-V53-standard_span-to_large-t1,True,clear,Qwen/Qwen2.5-3B,qwen_qwen2_5_3b,standard_span,small,conflict-class_large_standard_small-ant-S90-V53-t1,,-9.676456268137102,-7.974489715333288,sibling_standard,1.701966552803814,90,53
conflict_swap:t1,-9.490518919616116,-9.520966855586803,human,100,elephant,class_small_standard_large,conflict-class_small_standard_large-elephant-S100-V190-t1,class_donor,small,conflict_swap,False,-1.1887248724361648,bias_corrected,large,1.1743154186839266,-0.014409453752238122,size-conflict_swap-class_small_standard_large-elephant-S100-V190-class_span-to_large-t1,True,clear,Qwen/Qwen2.5-3B,qwen_qwen2_5_3b,class_span,large,conflict-class_small_standard_large-elephant-S100-V190-t1,,-8.31620350093219,-9.535376309339041,base,-1.2191728084068512,100,190
conflict_swap:t1,-9.490518919616116,-9.520966855586803,human,100,elephant,class_small_standard_large,conflict-class_small_standard_large-elephant-S100-V190-t1,class_donor,large,conflict_swap,False,1.0880131231065882,bias_corrected,large,0.749513909800994,-0.3384992133055942,size-conflict_swap-class_small_standard_large-elephant-S100-V190-class_span-to_large-t1,True,clear,Qwen/Qwen2.5-3B,qwen_qwen2_5_3b,class_span,large,conflict-class_small_standard_large-elephant-S100-V190-t1,,-8.741005009815122,-9.859466068892397,cf,1.1184610590772746,100,190
conflict_swap:t1,-9.490518919616116,-9.520966855586803,human,100,elephant,class_small_standard_large,conflict-class_small_standard_large-elephant-S100-V190-t1,class_donor,small,conflict_swap,True,1.2270357550720075,bias_corrected,small,-0.0677120395068247,1.1593237155651828,size-conflict_swap-class_small_standard_large-elephant-S100-V190-class_span-to_large-t1,True,clear,Qwen/Qwen2.5-3B,qwen_qwen2_5_3b,class_span,small,conflict-class_small_standard_large-elephant-S100-V190-t1,,-9.558230959122941,-8.36164314002162,sibling_class,1.196587819101321,100,190
conflict_swap:t1,-9.490518919616116,-9.520966855586803,human,100,elephant,class_small_standard_large,conflict-class_small_standard_large-elephant-S100-V190-t1,class_donor,large,conflict_swap,True,1.0880131231065882,bias_corrected,large,0.749513909800994,-0.3384992133055942,size-conflict_swap-class_small_standard_large-elephant-S100-V190-class_span-to_large-t1,True,clear,Qwen/Qwen2.5-3B,qwen_qwen2_5_3b,class_span,large,conflict-class_small_standard_large-elephant-S100-V190-t1,,-8.741005009815122,-9.859466068892397,sibling_standard,1.1184610590772746,100,190
conflict_swap:t1,-9.490518919616116,-9.520966855586803,elephant,200,elephant,class_small_standard_large,conflict-class_small_standard_large-elephant-S100-V190-t1,standard_donor,large,conflict_swap,False,1.1887248724361648,bias_corrected,large,1.1743154186839266,-0.014409453752238122,size-conflict_swap-class_small_standard_large-elephant-S100-V190-standard_span-to_small-t1,True,clear,Qwen/Qwen2.5-3B,qwen_qwen2_5_3b,standard_span,large,conflict-class_small_standard_large-elephant-S100-V190-t1,,-8.31620350093219,-9.535376309339041,base,1.2191728084068512,100,190
conflict_swap:t1,-9.490518919616116,-9.520966855586803,elephant,200,elephant,class_small_standard_large,conflict-class_small_standard_large-elephant-S100-V190-t1,standard_donor,small,conflict_swap,False,1.2270357550720075,bias_corrected,small,-0.0677120395068247,1.1593237155651828,size-conflict_swap-class_small_standard_large-elephant-S100-V190-standard_span-to_small-t1,True,clear,Qwen/Qwen2.5-3B,qwen_qwen2_5_3b,standard_span,small,conflict-class_small_standard_large-elephant-S100-V190-t1,,-9.558230959122941,-8.36164314002162,cf,1.196587819101321,100,190
conflict_swap:t1,-9.490518919616116,-9.520966855586803,elephant,200,elephant,class_small_standard_large,conflict-class_small_standard_large-elephant-S100-V190-t1,standard_donor,small,conflict_swap,True,1.2270357550720075,bias_corrected,small,-0.0677120395068247,1.1593237155651828,size-conflict_swap-class_small_standard_large-elephant-S100-V190-standard_span-to_small-t1,True,clear,Qwen/Qwen2.5-3B,qwen_qwen2_5_3b,standard_span,small,conflict-class_small_standard_large-elephant-S100-V190-t1,,-9.558230959122941,-8.36164314002162,sibling_class,1.196587819101321,100,190
conflict_swap:t1,-9.490518919616116,-9.520966855586803,elephant,200,elephant,class_small_standard_large,conflict-class_small_standard_large-elephant-S100-V190-t1,standard_donor,large,conflict_swap,True,1.0880131231065882,bias_corrected,large,0.749513909800994,-0.3384992133055942,size-conflict_swap-class_small_standard_large-elephant-S100-V190-standard_span-to_small-t1,True,clear,Qwen/Qwen2.5-3B,qwen_qwen2_5_3b,standard_span,large,conflict-class_small_standard_large-elephant-S100-V190-t1,,-8.741005009815122,-9.859466068892397,sibling_standard,1.1184610590772746,100,190
conflict_swap:t1,-9.490518919616116,-9.520966855586803,elephant,200,human,class_large_standard_small,conflict-class_large_standard_small-human-S200-V190-t1,class_donor,large,conflict_swap,False,-1.8378052463369787,bias_corrected,small,-0.4774000262671976,1.3604052200697812,size-conflict_swap-class_large_standard_small-human-S200-V190-class_span-to_small-t1,True,borderline,Qwen/Qwen2.5-3B,qwen_qwen2_5_3b,class_span,small,conflict-class_large_standard_small-human-S200-V190-t1,,-9.967918945883314,-8.160561635517022,base,-1.8073573103662923,200,190
conflict_swap:t1,-9.490518919616116,-9.520966855586803,elephant,200,human,class_large_standard_small,conflict-class_large_standard_small-human-S200-V190-t1,class_donor,small,conflict_swap,False,1.2270357550720075,bias_corrected,small,-0.0677120395068247,1.1593237155651828,size-conflict_swap-class_large_standard_small-human-S200-V190-class_span-to_small-t1,True,borderline,Qwen/Qwen2.5-3B,qwen_qwen2_5_3b,class_span,small,conflict-class_large_standard_small-human-S200-V190-t1,,-9.558230959122941,-8.36164314002162,cf,1.196587819101321,200,190
conflict_swap:t1,-9.490518919616116,-9.520966855586803,elephant,200,human,class_large_standard_small,conflict-class_large_standard_small-human-S200-V190-t1,class_donor,large,conflict_swap,True,1.0880131231065882,bias_corrected,large,0.749513909800994,-0.3384992133055942,size-conflict_swap-class_large_standard_small-human-S200-V190-class_span-to_small-t1,True,borderline,Qwen/Qwen2.5-3B,qwen_qwen2_5_3b,class_span,large,conflict-class_large_standard_small-human-S200-V190-t1,,-8.741005009815122,-9.859466068892397,sibling_class,1.1184610590772746,200,190
conflict_swap:t1,-9.490518919616116,-9.520966855586803,elephant,200,human,class_large_standard_small,conflict-class_large_standard_small-human-S200-V190-t1,class_donor,small,conflict_swap,True,1.2270357550720075,bias_corrected,small,-0.0677120395068247,1.1593237155651828,size-conflict_swap-class_large_standard_small-human-S200-V190-class_span-to_small-t1,True,borderline,Qwen/Qwen2.5-3B,qwen_qwen2_5_3b,class_span,small,conflict-class_large_standard_small-human-S200-V190-t1,,-9.558230959122941,-8.36164314002162,sibling_standard,1.196587819101321,200,190
conflict_swap:t1,-9.490518919616116,-9.520966855586803,human,100,human,class_large_standard_small,conflict-class_large_standard_small-human-S200-V190-t1,standard_donor,small,conflict_swap,False,1.8378052463369787,bias_corrected,small,-0.4774000262671976,1.3604052200697812,size-conflict_swap-class_large_standard_small-human-S200-V190-standard_span-to_large-t1,True,borderline,Qwen/Qwen2.5-3B,qwen_qwen2_5_3b,standard_span,small,conflict-class_large_standard_small-human-S200-V190-t1,,-9.967918945883314,-8.160561635517022,base,1.8073573103662923,200,190
conflict_swap:t1,-9.490518919616116,-9.520966855586803,human,100,human,class_large_standard_small,conflict-class_large_standard_small-human-S200-V190-t1,standard_donor,large,conflict_swap,False,1.0880131231065882,bias_corrected,large,0.749513909800994,-0.3384992133055942,size-conflict_swap-class_large_standard_small-human-S200-V190-standard_span-to_large-t1,True,borderline,Qwen/Qwen2.5-3B,qwen_qwen2_5_3b,standard_span,large,conflict-class_large_standard_small-human-S200-V190-t1,,-8.741005009815122,-9.859466068892397,cf,1.1184610590772746,200,190
conflict_swap:t1,-9.490518919616116,-9.520966855586803,human,100,human,class_large_standard_small,conflict-class_large_standard_small-human-S200-V190-t1,standard_donor,large,conflict_swap,True,1.0880131231065882,bias_corrected,large,0.749513909800994,-0.3384992133055942,size-conflict_swap-class_large_standard_small-human-S200-V190-standard_span-to_large-t1,True,borderline,Qwen/Qwen2.5-3B,qwen_qwen2_5_3b,standard_span,large,conflict-class_large_standard_small-human-S200-V190-t1,,-8.741005009815122,-9.859466068892397,sibling_class,1.1184610590772746,200,190
conflict_swap:t1,-9.490518919616116,-9.520966855586803,human,100,human,class_large_standard_small,conflict-class_large_standard_small-human-S200-V190-t1,standard_donor,small,conflict_swap,True,1.2270357550720075,bias_corrected,small,-0.0677120395068247,1.1593237155651828,size-conflict_swap-class_large_standard_small-human-S200-V190-standard_span-to_large-t1,True,borderline,Qwen/Qwen2.5-3B,qwen_qwen2_5_3b,standard_span,small,conflict-class_large_standard_small-human-S200-V190-t1,,-9.558230959122941,-8.36164314002162,sibling_standard,1.196587819101321,200,190
conflict_swap:t1,-9.490518919616116,-9.520966855586803,human,100,elephant,class_small_standard_large,conflict-class_small_standard_large-elephant-S100-V207-t1,class_donor,small,conflict_swap,False,-1.2957562177888526,bias_corrected,large,1.0899757505298755,-0.20578046725897714,size-conflict_swap-class_small_standard_large-elephant-S100-V207-class_span-to_large-t1,True,clear,Qwen/Qwen2.5-3B,qwen_qwen2_5_3b,class_span,large,conflict-class_small_standard_large-elephant-S100-V207-t1,,-8.40054316908624,-9.72674732284578,base,-1.326204153759539,100,207
conflict_swap:t1,-9.490518919616116,-9.520966855586803,human,100,elephant,class_small_standard_large,conflict-class_small_standard_large-elephant-S100-V207-t1,class_donor,large,conflict_swap,False,1.0944748792789945,bias_corrected,large,0.7293673204634956,-0.36510755881549883,size-conflict_swap-class_small_standard_large-elephant-S100-V207-class_span-to_large-t1,True,clear,Qwen/Qwen2.5-3B,qwen_qwen2_5_3b,class_span,large,conflict-class_small_standard_large-elephant-S100-V207-t1,,-8.76115159915262,-9.886074414402302,cf,1.1249228152496809,100,207
conflict_swap:t1,-9.490518919616116,-9.520966855586803,human,100,elephant,class_small_standard_large,conflict-class_small_standard_large-elephant-S100-V207-t1,class_donor,small,conflict_swap,True,0.4720554396663861,bias_corrected,small,0.386892284833829,0.8589477245002151,size-conflict_swap-class_small_standard_large-elephant-S100-V207-class_span-to_large-t1,True,clear,Qwen/Qwen2.5-3B,qwen_qwen2_5_3b,class_span,small,conflict-class_small_standard_large-elephant-S100-V207-t1,,-9.103626634782287,-8.662019131086588,sibling_class,0.4416075036956997,100,207
conflict_swap:t1,-9.490518919616116,-9.520966855586803,human,100,elephant,class_small_standard_large,conflict-class_small_standard_large-elephant-S100-V207-t1,class_donor,large,conflict_swap,True,1.0944748792789945,bias_corrected,large,0.7293673204634956,-0.36510755881549883,size-conflict_swap-class_small_standard_large-elephant-S100-V207-class_span-to_large-t1,True,clear,Qwen/Qwen2.5-3B,qwen_qwen2_5_3b,class_span,large,conflict-class_small_standard_large-elephant-S100-V207-t1,,-8.76115159915262,-9.886074414402302,sibling_standard,1.1249228152496809,100,207
conflict_swap:t1,-9.490518919616116,-9.520966855586803,elephant,900,elephant,class_small_standard_large,conflict-class_small_standard_large-elephant-S100-V207-t1,standard_donor,large,conflict_swap,False,1.2957562177888526,bias_corrected,large,1.0899757505298755,-0.20578046725897714,size-conflict_swap-class_small_standard_large-elephant-S100-V207-standard_span-to_small-t1,True,clear,Qwen/Qwen2.5-3B,qwen_qwen2_5_3b,standard_span,large,conflict-class_small_standard_large-elephant-S100-V207-t1,,-8.40054316908624,-9.72674732284578,base,1.326204153759539,100,207
conflict_swap:t1,-9.490518919616116,-9.520966855586803,elephant,900,elephant,class_small_standard_large,conflict-class_small_standard_large-elephant-S100-V207-t1,standard_donor,small,conflict_swap,False,0.4720554396663861,bias_corrected,small,0.386892284833829,0.8589477245002151,size-conflict_swap-class_small_standard_large-elephant-S100-V207-standard_span-to_small-t1,True,clear,Qwen/Qwen2.5-3B,qwen_qwen2_5_3b,standard_span,small,conflict-class_small_standard_large-elephant-S100-V207-t1,,-9.103626634782287,-8.662019131086588,cf,0.4416075036956997,100,207
conflict_swap:t1,-9.490518919616116,-9.520966855586803,elephant,900,elephant,class_small_standard_large,conflict-class_small_standard_large-elephant-S100-V207-t1,standard_donor,small,conflict_swap,True,0.4720554396663861,bias_corrected,small,0.386892284833829,0.8589477245002151,size-conflict_swap-class_small_standard_large-elephant-S100-V207-standard_span-to_small-t1,True,clear,Qwen/Qwen2.5-3B,qwen_qwen2_5_3b,standard_span,small,conflict-class_small_standard_large-elephant-S100-V207-t1,,-9.103626634782287,-8.662019131086588,sibling_class,0.4416075036956997,100,207
conflict_swap:t1,-9.490518919616116,-9.520966855586803,elephant,900,elephant,class_small_standard_large,conflict-class_small_standard_large-elephant-S100-V207-t1,standard_donor,large,conflict_swap,True,1.0944748792789945,bias_corrected,large,0.7293673204634956,-0.36510755881549883,size-conflict_swap-class_small_standard_large-elephant-S100-V207-standard_span-to_small-t1,True,clear,Qwen/Qwen2.5-3B,qwen_qwen2_5_3b,standard_span,large,conflict-class_small_standard_large-elephant-S100-V207-t1,,-8.76115159915262,-9.886074414402302,sibling_standard,1.1249228152496809,100,207
conflict_swap:t1,-9.490518919616116,-9.520966855586803,elephant,900,human,class_large_standard_small,conflict-class_large_standard_small-human-S900-V207-t1,class_donor,large,conflict_swap,False,-0.8945148120405566,bias_corrected,small,0.28752803802490234,1.182042850065459,size-conflict_swap-class_large_standard_small-human-S900-V207-class_span-to_small-t1,True,clear,Qwen/Qwen2.5-3B,qwen_qwen2_5_3b,class_span,small,conflict-class_large_standard_small-human-S900-V207-t1,,-9.202990881591214,-8.338924005521344,base,-0.8640668760698702,900,207
conflict_swap:t1,-9.490518919616116,-9.520966855586803,elephant,900,human,class_large_standard_small,conflict-class_large_standard_small-human-S900-V207-t1,class_donor,small,conflict_swap,False,0.4720554396663861,bias_corrected,small,0.386892284833829,0.8589477245002151,size-conflict_swap-class_large_standard_small-human-S900-V207-class_span-to_small-t1,True,clear,Qwen/Qwen2.5-3B,qwen_qwen2_5_3b,class_span,small,conflict-class_large_standard_small-human-S900-V207-t1,,-9.103626634782287,-8.662019131086588,cf,0.4416075036956997,900,207
conflict_swap:t1,-9.490518919616116,-9.520966855586803,elephant,900,human,class_large_standard_small,conflict-class_large_standard_small-human-S900-V207-t1,class_donor,large,conflict_swap,True,1.0944748792789945,bias_corrected,large,0.7293673204634956,-0.36510755881549883,size-conflict_swap-class_large_standard_small-human-S900-V207-class_span-to_small-t1,True,clear,Qwen/Qwen2.5-3B,qwen_qwen2_5_3b,class_span,large,conflict-class_large_standard_small-human-S900-V207-t1,,-8.76115159915262,-9.886074414402302,sibling_class,1.1249228152496809,900,207
conflict_swap:t1,-9.490518919616116,-9.520966855586803,elephant,900,human,class_large_standard_small,conflict-class_large_standard_small-human-S900-V207-t1,class_donor,small,conflict_swap,True,0.4720554396663861,bias_corrected,small,0.386892284833829,0.8589477245002151,size-conflict_swap-class_large_standard_small-human-S900-V207-class_span-to_small-t1,True,clear,Qwen/Qwen2.5-3B,qwen_qwen2_5_3b,class_span,small,conflict-class_large_standard_small-human-S900-V207-t1,,-9.103626634782287,-8.662019131086588,sibling_standard,0.4416075036956997,900,207
conflict_swap:t1,-9.490518919616116,-9.520966855586803,human,100,human,class_large_standard_small,conflict-class_large_standard_small-human-S900-V207-t1,standard_donor,small,conflict_swap,False,0.8945148120405566,bias_corrected,small,0.28752803802490234,1.182042850065459,size-conflict_swap-class_large_standard_small-human-S900-V207-standard_span-to_large-t1,True,clear,Qwen/Qwen2.5-3B,qwen_qwen2_5_3b,standard_span,small,conflict-class_large_standard_small-human-S900-V207-t1,,-9.202990881591214,-8.338924005521344,base,0.8640668760698702,900,207
conflict_swap:t1,-9.490518919616116,-9.520966855586803,human,100,human,class_large_standard_small,conflict-class_large_standard_small-human-S900-V207-t1,standard_donor,large,conflict_swap,False,1.0944748792789945,bias_corrected,large,0.7293673204634956,-0.36510755881549883,size-conflict_swap-class_large_standard_small-human-S900-V207-standard_span-to_large-t1,True,clear,Qwen/Qwen2.5-3B,qwen_qwen2_5_3b,standard_span,large,conflict-class_large_standard_small-human-S900-V207-t1,,-8.76115159915262,-9.886074414402302,cf,1.1249228152496809,900,207
conflict_swap:t1,-9.490518919616116,-9.520966855586803,human,100,human,class_large_standard_small,conflict-class_large_standard_small-human-S900-V207-t1,standard_donor,large,conflict_swap,True,1.0944748792789945,bias_corrected,large,0.7293673204634956,-0.36510755881549883,size-conflict_swap-class_large_standard_small-human-S900-V207-standard_span-to_large-t1,True,clear,Qwen/Qwen2.5-3B,qwen_qwen2_5_3b,standard_span,large,conflict-class_large_standard_small-human-S900-V207-t1,,-8.76115159915262,-9.886074414402302,sibling_class,1.1249228152496809,900,207
conflict_swap:t1,-9.490518919616116,-9.520966855586803,human,100,human,class_large_standard_small,conflict-class_large_standard_small-human-S900-V207-t1,standard_donor,small,conflict_swap,True,0.4720554396663861,bias_corrected,small,0.386892284833829,0.8589477245002151,size-conflict_swap-class_large_standard_small-human-S900-V207-standard_span-to_large-t1,True,clear,Qwen/Qwen2.5-3B,qwen_qwen2_5_3b,standard_span,small,conflict-class_large_standard_small-human-S900-V207-t1,,-9.103626634782287,-8.662019131086588,sibling_standard,0.4416075036956997,900,207
conflict_swap:t1,-9.490518919616116,-9.520966855586803,human,100,elephant,class_small_standard_large,conflict-class_small_standard_large-elephant-S100-V226-t1,class_donor,small,conflict_swap,False,-1.1198212682067812,bias_corrected,large,1.0700807516642943,-0.0497405165424869,size-conflict_swap-class_small_standard_large-elephant-S100-V226-class_span-to_large-t1,True,clear,Qwen/Qwen2.5-3B,qwen_qwen2_5_3b,class_span,large,conflict-class_small_standard_large-elephant-S100-V226-t1,,-8.420438167951822,-9.57070737212929,base,-1.1502692041774676,100,226
conflict_swap:t1,-9.490518919616116,-9.520966855586803,human,100,elephant,class_small_standard_large,conflict-class_small_standard_large-elephant-S100-V226-t1,class_donor,large,conflict_swap,False,0.9237420929645435,bias_corrected,large,0.8331845259508963,-0.09055756701364714,size-conflict_swap-class_small_standard_large-elephant-S100-V226-class_span-to_large-t1,True,clear,Qwen/Qwen2.5-3B,qwen_qwen2_5_3b,class_span,large,conflict-class_small_standard_large-elephant-S100-V226-t1,,-8.65733439366522,-9.61152442260045,cf,0.9541900289352299,100,226
conflict_swap:t1,-9.490518919616116,-9.520966855586803,human,100,elephant,class_small_standard_large,conflict-class_small_standard_large-elephant-S100-V226-t1,class_donor,small,conflict_swap,True,0.31375147573590034,bias_corrected,small,0.37537817611429425,0.6891296518501946,size-conflict_swap-class_small_standard_large-elephant-S100-V226-class_span-to_large-t1,True,clear,Qwen/Qwen2.5-3B,qwen_qwen2_5_3b,class_span,small,conflict-class_small_standard_large-elephant-S100-V226-t1,,-9.115140743501822,-8.831837203736608,sibling_class,0.28330353976521394,100,226
conflict_swap:t1,-9.490518919616116,-9.520966855586803,human,100,elephant,class_small_standard_large,conflict-class_small_standard_large-elephant-S100-V226-t1,class_donor,large,conflict_swap,True,0.9237420929645435,bias_corrected,large,0.8331845259508963,-0.09055756701364714,size-conflict_swap-class_small_standard_large-elephant-S100-V226-class_span-to_large-t1,True,clear,Qwen/Qwen2.5-3B,qwen_qwen2_5_3b,class_span,large,conflict-class_small_standard_large-elephant-S100-V226-t1,,-8.65733439366522,-9.61152442260045,sibling_standard,0.9541900289352299,100,226
conflict_swap:t1,-9.490518919616116,-9.520966855586803,elephant,900,elephant,class_small_standard_large,conflict-class_small_standard_large-elephant-S100-V226-t1,standard_donor,large,conflict_swap,False,1.1198212682067812,bias_corrected,large,1.0700807516642943,-0.0497405165424869,size-conflict_swap-class_small_standard_large-elephant-S100-V226-standard_span-to_small-t1,True,clear,Qwen/Qwen2.5-3B,qwen_qwen2_5_3b,standard_span,large,conflict-class_small_standard_large-elephant-S100-V226-t1,,-8.420438167951822,-9.57070737212929,base,1.1502692041774676,100,226
conflict_swap:t1,-9.490518919616116,-9.520966855586803,elephant,900,elephant,class_small_standard_large,conflict-class_small_standard_large-elephant-S100-V226-t1,standard_donor,small,conflict_swap,False,0.31375147573590034,bias_corrected,small,0.37537817611429425,0.6891296518501946,size-conflict_swap-class_small_standard_large-elephant-S100-V226-standard_span-to_small-t1,True,clear,Qwen/Qwen2.5-3B,qwen_qwen2_5_3b,standard_span,small,conflict-class_small_standard_large-elephant-S100-V226-t1,,-9.115140743501822,-8.831837203736608,cf,0.28330353976521394,100,226
conflict_swap:t1,-9.490518919616116,-9.520966855586803,elephant,900,elephant,class_small_standard_large,conflict-class_small_standard_large-elephant-S100-V226-t1,standard_donor,small,conflict_swap,True,0.31375147573590034,bias_corrected,small,0.37537817611429425,0.6891296518501946,size-conflict_swap-class_small_standard_large-elephant-S100-V226-standard_span-to_small-t1,True,clear,Qwen/Qwen2.5-3B,qwen_qwen2_5_3b,standard_span,small,conflict-class_small_standard_large-elephant-S100-V226-t1,,-9.115140743501822,-8.831837203736608,sibling_class,0.28330353976521394,100,226
conflict_swap:t1,-9.490518919616116,-9.520966855586803,elephant,900,elephant,class_small_standard_large,conflict-class_small_standard_large-elephant-S100-V226-t1,standard_donor,large,conflict_swap,True,0.9237420929645435,bias_corrected,large,0.8331845259508963,-0.09055756701364714,size-conflict_swap-class_small_standard_large-elephant-S100-V226-standard_span-to_small-t1,True,clear,Qwen/Qwen2.5-3B,qwen_qwen2_5_3b,standard_span,large,conflict-class_small_standard_large-elephant-S100-V226-t1,,-8.65733439366522,-9.61152442260045,sibling_standard,0.9541900289352299,100,226
conflict_swap:t1,-9.490518919616116,-9.520966855586803,elephant,900,human,class_large_standard_small,conflict-class_large_standard_small-human-S900-V226-t1,class_donor,large,conflict_swap,False,-0.7350898342214887,bias_corrected,small,0.3291978497142001,1.0642876839356887,size-conflict_swap-class_large_standard_small-human-S900-V226-class_span-to_small-t1,True,clear,Qwen/Qwen2.5-3B,qwen_qwen2_5_3b,class_span,small,conflict-class_large_standard_small-human-S900-V226-t1,,-9.161321069901916,-8.456679171651114,base,-0.7046418982508023,900,226
conflict_swap:t1,-9.490518919616116,-9.520966855586803,elephant,900,human,class_large_standard_small,conflict-class_large_standard_small-human-S900-V226-t1,class_donor,small,conflict_swap,False,0.31375147573590034,bias_corrected,small,0.37537817611429425,0.6891296518501946,size-conflict_swap-class_large_standard_small-human-S900-V226-class_span-to_small-t1,True,clear,Qwen/Qwen2.5-3B,qwen_qwen2_5_3b,class_span,small,conflict-class_large_standard_small-human-S900-V226-t1,,-9.115140743501822,-8.831837203736608,cf,0.28330353976521394,900,226
conflict_swap:t1,-9.490518919616116,-9.520966855586803,elephant,900,human,class_large_standard_small,conflict-class_large_standard_small-human-S900-V226-t1,class_donor,large,conflict_swap,True,0.9237420929645435,bias_corrected,large,0.8331845259508963,-0.09055756701364714,size-conflict_swap-class_large_standard_small-human-S900-V226-class_span-to_small-t1,True,clear,Qwen/Qwen2.5-3B,qwen_qwen2_5_3b,class_span,large,conflict-class_large_standard_small-human-S900-V226-t1,,-8.65733439366522,-9.61152442260045,sibling_class,0.9541900289352299,900,226
conflict_swap:t1,-9.490518919616116,-9.520966855586803,elephant,900,human,class_large_standard_small,conflict-class_large_standard_small-human-S900-V226-t1,class_donor,small,conflict_swap,True,0.31375147573590034,bias_corrected,small,0.37537817611429425,0.6891296518501946,size-conflict_swap-class_large_standard_small-human-S900-V226-class_span-to_small-t1,True,clear,Qwen/Qwen2.5-3B,qwen_qwen2_5_3b,class_span,small,conflict-class_large_standard_small-human-S900-V226-t1,,-9.115140743501822,-8.831837203736608,sibling_standard,0.28330353976521394,900,226
conflict_swap:t1,-9.490518919616116,-9.520966855586803,human,100,human,class_large_standard_small,conflict-class_large_standard_small-human-S900-V226-t1,standard_donor,small,conflict_swap,False,0.7350898342214887,bias_corrected,small,0.3291978497142001,1.0642876839356887,size-conflict_swap-class_large_standard_small-human-S900-V226-standard_span-to_large-t1,True,clear,Qwen/Qwen2.5-3B,qwen_qwen2_5_3b,standard_span,small,conflict-class_large_standard_small-human-S900-V226-t1,,-9.161321069901916,-8.456679171651114,base,0.7046418982508023,900,226
conflict_swap:t1,-9.490518919616116,-9.520966855586803,human,100,human,class_large_standard_small,conflict-class_large_standard_small-human-S900-V226-t1,standard_donor,large,conflict_swap,False,0.9237420929645435,bias_corrected,large,0.8331845259508963,-0.09055756701364714,size-conflict_swap-class_large_standard_small-human-S900-V226-standard_span-to_large-t1,True,clear,Qwen/Qwen2.5-3B,qwen_qwen2_5_3b,standard_span,large,conflict-class_large_standard_small-human-S900-V226-t1,,-8.65733439366522,-9.61152442260045,cf,0.9541900289352299,900,226
conflict_swap:t1,-9.490518919616116,-9.520966855586803,human,100,human,class_large_standard_small,conflict-class_large_standard_small-human-S900-V226-t1,standard_donor,large,conflict_swap,True,0.9237420929645435,bias_corrected,large,0.8331845259508963,-0.09055756701364714,size-conflict_swap-class_large_standard_small-human-S900-V226-standard_span-to_large-t1,True,clear,Qwen/Qwen2.5-3B,qwen_qwen2_5_3b,standard_span,large,conflict-class_large_standard_small-human-S900-V226-t1,,-8.65733439366522,-9.61152442260045,sibling_class,0.9541900289352299,900,226
conflict_swap:t1,-9.490518919616116,-9.520966855586803,human,100,human,class_large_standard_small,conflict-class_large_standard_small-human-S900-V226-t1,standard_donor,small,conflict_swap,True,0.31375147573590034,bias_corrected,small,0.37537817611429425,0.6891296518501946,size-conflict_swap-class_large_standard_small-human-S900-V226-standard_span-to_large-t1,True,clear,Qwen/Qwen2.5-3B,qwen_qwen2_5_3b,standard_span,small,conflict-class_large_standard_small-human-S900-V226-t1,,-9.115140743501822,-8.831837203736608,sibling_standard,0.28330353976521394,900,226
conflict_swap:t1,-9.490518919616116,-9.520966855586803,human,100,elephant,class_small_standard_large,conflict-class_small_standard_large-elephant-S100-V246-t1,class_donor,small,conflict_swap,False,-1.2393519470869467,bias_corrected,large,1.0462813708877174,-0.1930705761992293,size-conflict_swap-class_small_standard_large-elephant-S100-V246-class_span-to_large-t1,True,clear,Qwen/Qwen2.5-3B,qwen_qwen2_5_3b,class_span,large,conflict-class_small_standard_large-elephant-S100-V246-t1,,-8.444237548728399,-9.714037431786032,base,-1.2697998830576331,100,246
conflict_swap:t1,-9.490518919616116,-9.520966855586803,human,100,elephant,class_small_standard_large,conflict-class_small_standard_large-elephant-S100-V246-t1,class_donor,large,conflict_swap,False,0.9191081967228207,bias_corrected,large,0.7559524954009369,-0.16315570132188384,size-conflict_swap-class_small_standard_large-elephant-S100-V246-class_span-to_large-t1,True,clear,Qwen/Qwen2.5-3B,qwen_qwen2_5_3b,class_span,large,conflict-class_small_standard_large-elephant-S100-V246-t1,,-8.73456642421518,-9.684122556908687,cf,0.9495561326935071,100,246
conflict_swap:t1,-9.490518919616116,-9.520966855586803,human,100,elephant,class_small_standard_large,conflict-class_small_standard_large-elephant-S100-V246-t1,class_donor,small,conflict_swap,True,0.4988620650547677,bias_corrected,small,0.23242762097511438,0.7312896860298821,size-conflict_swap-class_small_standard_large-elephant-S100-V246-class_span-to_large-t1,True,clear,Qwen/Qwen2.5-3B,qwen_qwen2_5_3b,class_span,small,conflict-class_small_standard_large-elephant-S100-V246-t1,,-9.258091298641002,-8.78967716955692,sibling_class,0.4684141290840813,100,246
conflict_swap:t1,-9.490518919616116,-9.520966855586803,human,100,elephant,class_small_standard_large,conflict-class_small_standard_large-elephant-S100-V246-t1,class_donor,large,conflict_swap,True,0.9191081967228207,bias_corrected,large,0.7559524954009369,-0.16315570132188384,size-conflict_swap-class_small_standard_large-elephant-S100-V246-class_span-to_large-t1,True,clear,Qwen/Qwen2.5-3B,qwen_qwen2_5_3b,class_span,large,conflict-class_small_standard_large-elephant-S100-V246-t1,,-8.73456642421518,-9.684122556908687,sibling_standard,0.9495561326935071,100,246
conflict_swap:t1,-9.490518919616116,-9.520966855586803,elephant,900,elephant,class_small_standard_large,conflict-class_small_standard_large-elephant-S100-V246-t1,standard_donor,large,conflict_swap,False,1.2393519470869467,bias_corrected,large,1.0462813708877174,-0.1930705761992293,size-conflict_swap-class_small_standard_large-elephant-S100-V246-standard_span-to_small-t1,True,clear,Qwen/Qwen2.5-3B,qwen_qwen2_5_3b,standard_span,large,conflict-class_small_standard_large-elephant-S100-V246-t1,,-8.444237548728399,-9.714037431786032,base,1.2697998830576331,100,246
conflict_swap:t1,-9.490518919616116,-9.520966855586803,elephant,900,elephant,class_small_standard_large,conflict-class_small_standard_large-elephant-S100-V246-t1,standard_donor,small,conflict_swap,False,0.4988620650547677,bias_corrected,small,0.23242762097511438,0.7312896860298821,size-conflict_swap-class_small_standard_large-elephant-S100-V246-standard_span-to_small-t1,True,clear,Qwen/Qwen2.5-3B,qwen_qwen2_5_3b,standard_span,small,conflict-class_small_standard_large-elephant-S100-V246-t1,,-9.258091298641002,-8.78967716955692,cf,0.4684141290840813,100,246
conflict_swap:t1,-9.490518919616116,-9.520966855586803,elephant,900,elephant,class_small_standard_large,conflict-class_small_standard_large-elephant-S100-V246-t1,standard_donor,small,conflict_swap,True,0.4988620650547677,bias_corrected,small,0.23242762097511438,0.7312896860298821,size-conflict_swap-class_small_standard_large-elephant-S100-V246-standard_span-to_small-t1,True,clear,Qwen/Qwen2.5-3B,qwen_qwen2_5_3b,standard_span,small,conflict-class_small_standard_large-elephant-S100-V246-t1,,-9.258091298641002,-8.78967716955692,sibling_class,0.4684141290840813,100,246
conflict_swap:t1,-9.490518919616116,-9.520966855586803,elephant,900,elephant,class_small_standard_large,conflict-class_small_standard_large-elephant-S100-V246-t1,standard_donor,large,conflict_swap,True,0.9191081967228207,bias_corrected,large,0.7559524954009369,-0.16315570132188384,size-conflict_swap-class_small_standard_large-elephant-S100-V246-standard_span-to_small-t1,True,clear,Qwen/Qwen2.5-3B,qwen_qwen2_5_3b,standard_span,large,conflict-class_small_standard_large-elephant-S100-V246-t1,,-8.73456642421518,-9.684122556908687,sibling_standard,0.9495561326935071,100,246
conflict_swap:t1,-9.490518919616116,-9.520966855586803,elephant,900,human,class_large_standard_small,conflict-class_large_standard_small-human-S900-V246-t1,class_donor,large,conflict_swap,False,-0.9820400587776881,bias_corrected,small,0.14415007853895823,1.1261901373166463,size-conflict_swap-class_large_standard_small-human-S900-V246-class_span-to_small-t1,True,clear,Qwen/Qwen2.5-3B,qwen_qwen2_5_3b,class_span,small,conflict-class_large_standard_small-human-S900-V246-t1,,-9.346368841077158,-8.394776718270156,base,-0.9515921228070017,900,246
conflict_swap:t1,-9.490518919616116,-9.520966855586803,elephant,900,human,class_large_standard_small,conflict-class_large_standard_small-human-S900-V246-t1,class_donor,small,conflict_swap,False,0.4988620650547677,bias_corrected,small,0.23242762097511438,0.7312896860298821,size-conflict_swap-class_large_standard_small-human-S900-V246-class_span-to_small-t1,True,clear,Qwen/Qwen2.5-3B,qwen_qwen2_5_3b,class_span,small,conflict-class_large_standard_small-human-S900-V246-t1,,-9.258091298641002,-8.78967716955692,cf,0.4684141290840813,900,246
conflict_swap:t1,-9.490518919616116,-9.520966855586803,elephant,900,human,class_large_standard_small,conflict-class_large_standard_small-human-S900-V246-t1,class_donor,large,conflict_swap,True,0.9191081967228207,bias_corrected,large,0.7559524954009369,-0.16315570132188384,size-conflict_swap-class_large_standard_small-human-S900-V246-class_span-to_small-t1,True,clear,Qwen/Qwen2.5-3B,qwen_qwen2_5_3b,class_span,large,conflict-class_large_standard_small-human-S900-V246-t1,,-8.73456642421518,-9.684122556908687,sibling_class,0.9495561326935071,900,246
conflict_swap:t1,-9.490518919616116,-9.520966855586803,elephant,900,human,class_large_standard_small,conflict-class_large_standard_small-human-S900-V246-t1,class_donor,small,conflict_swap,True,0.4988620650547677,bias_corrected,small,0.23242762097511438,0.7312896860298821,size-conflict_swap-class_large_standard_small-human-S900-V246-class_span-to_small-t1,True,clear,Qwen/Qwen2.5-3B,qwen_qwen2_5_3b,class_span,small,conflict-class_large_standard_small-human-S900-V246-t1,,-9.258091298641002,-8.78967716955692,sibling_standard,0.4684141290840813,900,246
conflict_swap:t1,-9.490518919616116,-9.520966855586803,human,100,human,class_large_standard_small,conflict-class_large_standard_small-human-S900-V246-t1,standard_donor,small,conflict_swap,False,0.9820400587776881,bias_corrected,small,0.14415007853895823,1.1261901373166463,size-conflict_swap-class_large_standard_small-human-S900-V246-standard_span-to_large-t1,True,clear,Qwen/Qwen2.5-3B,qwen_qwen2_5_3b,standard_span,small,conflict-class_large_standard_small-human-S900-V246-t1,,-9.346368841077158,-8.394776718270156,base,0.9515921228070017,900,246
conflict_swap:t1,-9.490518919616116,-9.520966855586803,human,100,human,class_large_standard_small,conflict-class_large_standard_small-human-S900-V246-t1,standard_donor,large,conflict_swap,False,0.9191081967228207,bias_corrected,large,0.7559524954009369,-0.16315570132188384,size-conflict_swap-class_large_standard_small-human-S900-V246-standard_span-to_large-t1,True,clear,Qwen/Qwen2.5-3B,qwen_qwen2_5_3b,standard_span,large,conflict-class_large_standard_small-human-S900-V246-t1,,-8.73456642421518,-9.684122556908687,cf,0.9495561326935071,900,246
conflict_swap:t1,-9.490518919616116,-9.520966855586803,human,100,human,class_large_standard_small,conflict-class_large_standard_small-human-S900-V246-t1,standard_donor,large,conflict_swap,True,0.9191081967228207,bias_corrected,large,0.7559524954009369,-0.16315570132188384,size-conflict_swap-class_large_standard_small-human-S900-V246-standard_span-to_large-t1,True,clear,Qwen/Qwen2.5-3B,qwen_qwen2_5_3b,standard_span,large,conflict-class_large_standard_small-human-S900-V246-t1,,-8.73456642421518,-9.684122556908687,sibling_class,0.9495561326935071,900,246
conflict_swap:t1,-9.490518919616116,-9.520966855586803,human,100,human,class_large_standard_small,conflict-class_large_standard_small-human-S900-V246-t1,standard_donor,small,conflict_swap,True,0.4988620650547677,bias_corrected,small,0.23242762097511438,0.7312896860298821,size-conflict_swap-class_large_standard_small-human-S900-V246-standard_span-to_large-t1,True,clear,Qwen/Qwen2.5-3B,qwen_qwen2_5_3b,standard_span,small,conflict-class_large_standard_small-human-S900-V246-t1,,-9.258091298641002,-8.78967716955692,sibling_standard,0.4684141290840813,900,246
conflict_swap:t1,-9.490518919616116,-9.520966855586803,human,100,elephant,class_small_standard_large,conflict-class_small_standard_large-elephant-S100-V268-t1,class_donor,small,conflict_swap,False,-1.162450833505238,bias_corrected,large,1.074921651071156,-0.08752918243408203,size-conflict_swap-class_small_standard_large-elephant-S100-V268-class_span-to_large-t1,True,clear,Qwen/Qwen2.5-3B,qwen_qwen2_5_3b,class_span,large,conflict-class_small_standard_large-elephant-S100-V268-t1,,-8.41559726854496,-9.608496038020885,base,-1.1928987694759243,100,268
conflict_swap:t1,-9.490518919616116,-9.520966855586803,human,100,elephant,class_small_standard_large,conflict-class_small_standard_large-elephant-S100-V268-t1,class_donor,large,conflict_swap,False,0.9624030454131116,bias_corrected,large,0.8720351847442522,-0.09036786066885938,size-conflict_swap-class_small_standard_large-elephant-S100-V268-class_span-to_large-t1,True,clear,Qwen/Qwen2.5-3B,qwen_qwen2_5_3b,class_span,large,conflict-class_small_standard_large-elephant-S100-V268-t1,,-8.618483734871864,-9.611334716255662,cf,0.992850981383798,100,268
conflict_swap:t1,-9.490518919616116,-9.520966855586803,human,100,elephant,class_small_standard_large,conflict-class_small_standard_large-elephant-S100-V268-t1,class_donor,small,conflict_swap,True,0.4431829747666516,bias_corrected,small,0.3373027290317747,0.7804857037984263,size-conflict_swap-class_small_standard_large-elephant-S100-V268-class_span-to_large-t1,True,clear,Qwen/Qwen2.5-3B,qwen_qwen2_5_3b,class_span,small,conflict-class_small_standard_large-elephant-S100-V268-t1,,-9.153216190584342,-8.740481151788376,sibling_class,0.4127350387959652,100,268
conflict_swap:t1,-9.490518919616116,-9.520966855586803,human,100,elephant,class_small_standard_large,conflict-class_small_standard_large-elephant-S100-V268-t1,class_donor,large,conflict_swap,True,0.9624030454131116,bias_corrected,large,0.8720351847442522,-0.09036786066885938,size-conflict_swap-class_small_standard_large-elephant-S100-V268-class_span-to_large-t1,True,clear,Qwen/Qwen2.5-3B,qwen_qwen2_5_3b,class_span,large,conflict-class_small_standard_large-elephant-S100-V268-t1,,-8.618483734871864,-9.611334716255662,sibling_standard,0.992850981383798,100,268
conflict_swap:t1,-9.490518919616116,-9.520966855586803,elephant,900,elephant,class_small_standard_large,conflict-class_small_standard_large-elephant-S100-V268-t1,standard_donor,large,conflict_swap,False,1.162450833505238,bias_corrected,large,1.074921651071156,-0.08752918243408203,size-conflict_swap-class_small_standard_large-elephant-S100-V268-standard_span-to_small-t1,True,clear,Qwen/Qwen2.5-3B,qwen_qwen2_5_3b,standard_span,large,conflict-class_small_standard_large-elephant-S100-V268-t1,,-8.41559726854496,-9.608496038020885,base,1.1928987694759243,100,268
conflict_swap:t1,-9.490518919616116,-9.520966855586803,elephant,900,elephant,class_small_standard_large,conflict-class_small_standard_large-elephant-S100-V268-t1,standard_donor,small,conflict_swap,False,0.4431829747666516,bias_corrected,small,0.3373027290317747,0.7804857037984263,size-conflict_swap-class_small_standard_large-elephant-S100-V268-standard_span-to_small-t1,True,clear,Qwen/Qwen2.5-3B,qwen_qwen2_5_3b,standard_span,small,conflict-class_small_standard_large-elephant-S100-V268-t1,,-9.153216190584342,-8.740481151788376,cf,0.4127350387959652,100,268
conflict_swap:t1,-9.490518919616116,-9.520966855586803,elephant,900,elephant,class_small_standard_large,conflict-class_small_standard_large-elephant-S100-V268-t1,standard_donor,small,conflict_swap,True,0.4431829747666516,bias_corrected,small,0.3373027290317747,0.7804857037984263,size-conflict_swap-class_small_standard_large-elephant-S100-V268-standard_span-to_small-t1,True,clear,Qwen/Qwen2.5-3B,qwen_qwen2_5_3b,standard_span,small,conflict-class_small_standard_large-elephant-S100-V268-t1,,-9.153216190584342,-8.740481151788376,sibling_class,0.4127350387959652,100,268
conflict_swap:t1,-9.490518919616116,-9.520966855586803,elephant,900,elephant,class_small_standard_large,conflict-class_small_standard_large-elephant-S100-V268-t1,standard_donor,large,conflict_swap,True,0.9624030454131116,bias_corrected,large,0.8720351847442522,-0.09036786066885938,size-conflict_swap-class_small_standard_large-elephant-S100-V268-standard_span-to_small-t1,True,clear,Qwen/Qwen2.5-3B,qwen_qwen2_5_3b,standard_span,large,conflict-class_small_standard_large-elephant-S100-V268-t1,,-8.618483734871864,-9.611334716255662,sibling_standard,0.992850981383798,100,268
conflict_swap:t1,-9.490518919616116,-9.520966855586803,elephant,900,human,class_large_standard_small,conflict-class_large_standard_small-human-S900-V268-t1,class_donor,large,conflict_swap,False,-0.8386051591248265,bias_corrected,small,0.2831068278232589,1.1217119869480854,size-conflict_swap-class_large_standard_small-human-S900-V268-class_span-to_small-t1,True,clear,Qwen/Qwen2.5-3B,qwen_qwen2_5_3b,class_span,small,conflict-class_large_standard_small-human-S900-V268-t1,,-9.207412091792857,-8.399254868638717,base,-0.8081572231541401,900,268
conflict_swap:t1,-9.490518919616116,-9.520966855586803,elephant,900,human,class_large_standard_small,conflict-class_large_standard_small-human-S900-V268-t1,class_donor,small,conflict_swap,False,0.4431829747666516,bias_corrected,small,0.3373027290317747,0.7804857037984263,size-conflict_swap-class_large_standard_small-human-S900-V268-class_span-to_small-t1,True,clear,Qwen/Qwen2.5-3B,qwen_qwen2_5_3b,class_span,small,conflict-class_large_standard_small-human-S900-V268-t1,,-9.153216190584342,-8.740481151788376,cf,0.4127350387959652,900,268
conflict_swap:t1,-9.490518919616116,-9.520966855586803,elephant,900,human,class_large_standard_small,conflict-class_large_standard_small-human-S900-V268-t1,class_donor,large,conflict_swap,True,0.9624030454131116,bias_corrected,large,0.8720351847442522,-0.09036786066885938,size-conflict_swap-class_large_standard_small-human-S900-V268-class_span-to_small-t1,True,clear,Qwen/Qwen2.5-3B,qwen_qwen2_5_3b,class_span,large,conflict-class_large_standard_small-human-S900-V268-t1,,-8.618483734871864,-9.611334716255662,sibling_class,0.992850981383798,900,268
conflict_swap:t1,-9.490518919616116,-9.520966855586803,elephant,900,human,class_large_standard_small,conflict-class_large_standard_small-human-S900-V268-t1,class_donor,small,conflict_swap,True,0.4431829747666516,bias_corrected,small,0.3373027290317747,0.7804857037984263,size-conflict_swap-class_large_standard_small-human-S900-V268-class_span-to_small-t1,True,clear,Qwen/Qwen2.5-3B,qwen_qwen2_5_3b,class_span,small,conflict-class_large_standard_small-human-S900-V268-t1,,-9.153216190584342,-8.740481151788376,sibling_standard,0.4127350387959652,900,268
conflict_swap:t1,-9.490518919616116,-9.520966855586803,human,100,human,class_large_standard_small,conflict-class_large_standard_small-human-S900-V268-t1,standard_donor,small,conflict_swap,False,0.8386051591248265,bias_corrected,small,0.2831068278232589,1.1217119869480854,size-conflict_swap-class_large_standard_small-human-S900-V268-standard_span-to_large-t1,True,clear,Qwen/Qwen2.5-3B,qwen_qwen2_5_3b,standard_span,small,conflict-class_large_standard_small-human-S900-V268-t1,,-9.207412091792857,-8.399254868638717,base,0.8081572231541401,900,268
conflict_swap:t1,-9.490518919616116,-9.520966855586803,human,100,human,class_large_standard_small,conflict-class_large_standard_small-human-S900-V268-t1,standard_donor,large,conflict_swap,False,0.9624030454131116,bias_corrected,large,0.8720351847442522,-0.09036786066885938,size-conflict_swap-class_large_standard_small-human-S900-V268-standard_span-to_large-t1,True,clear,Qwen/Qwen2.5-3B,qwen_qwen2_5_3b,standard_span,large,conflict-class_large_standard_small-human-S900-V268-t1,,-8.618483734871864,-9.611334716255662,cf,0.992850981383798,900,268
conflict_swap:t1,-9.490518919616116,-9.520966855586803,human,100,human,class_large_standard_small,conflict-class_large_standard_small-human-S900-V268-t1,standard_donor,large,conflict_swap,True,0.9624030454131116,bias_corrected,large,0.8720351847442522,-0.09036786066885938,size-conflict_swap-class_large_standard_small-human-S900-V268-standard_span-to_large-t1,True,clear,Qwen/Qwen2.5-3B,qwen_qwen2_5_3b,standard_span,large,conflict-class_large_standard_small-human-S900-V268-t1,,-8.618483734871864,-9.611334716255662,sibling_class,0.992850981383798,900,268
conflict_swap:t1,-9.490518919616116,-9.520966855586803,human,100,human,class_large_standard_small,conflict-class_large_standard_small-human-S900-V268-t1,standard_donor,small,conflict_swap,True,0.4431829747666516,bias_corrected,small,0.3373027290317747,0.7804857037984263,size-conflict_swap-class_large_standard_small-human-S900-V268-standard_span-to_large-t1,True,clear,Qwen/Qwen2.5-3B,qwen_qwen2_5_3b,standard_span,small,conflict-class_large_standard_small-human-S900-V268-t1,,-9.153216190584342,-8.740481151788376,sibling_standard,0.4127350387959652,900,268
conflict_swap:t2,-7.970565674480954,-8.431523383144558,ant,10,elephant,class_small_standard_large,conflict-class_small_standard_large-elephant-S10-V12-t2,class_donor,small,conflict_swap,False,-0.18022549347832229,bias_corrected,large,-0.265449060797855,-0.4456745542761773,size-conflict_swap-class_small_standard_large-elephant-S10-V12-class_span-to_large-t2,False,borderline,Qwen/Qwen2.5-3B,qwen_qwen2_5_3b,class_span,large,conflict-class_small_standard_large-elephant-S10-V12-t2,sibling_standard_gate_pred_small_expected_large,-8.23601473527881,-8.877197937420735,base,-0.6411832021419261,10,12
conflict_swap:t2,-7.970565674480954,-8.431523383144558,ant,10,elephant,class_small_standard_large,conflict-class_small_standard_large-elephant-S10-V12-t2,class_donor,large,conflict_swap,False,-0.040971582216813296,bias_corrected,small,-0.7413819016102403,-0.700410319393427,size-conflict_swap-class_small_standard_large-elephant-S10-V12-class_span-to_large-t2,False,borderline,Qwen/Qwen2.5-3B,qwen_qwen2_5_3b,class_span,large,conflict-class_small_standard_large-elephant-S10-V12-t2,sibling_standard_gate_pred_small_expected_large,-8.711947576091195,-9.131933702537985,cf,0.41998612644679056,10,12
conflict_swap:t2,-7.970565674480954,-8.431523383144558,ant,10,elephant,class_small_standard_large,conflict-class_small_standard_large-elephant-S10-V12-t2,class_donor,small,conflict_swap,True,1.1450498037822312,bias_corrected,small,-0.40227951366835146,0.7427702901138797,size-conflict_swap-class_small_standard_large-elephant-S10-V12-class_span-to_large-t2,False,borderline,Qwen/Qwen2.5-3B,qwen_qwen2_5_3b,class_span,small,conflict-class_small_standard_large-elephant-S10-V12-t2,sibling_standard_gate_pred_small_expected_large,-8.372845188149306,-7.688753093030678,sibling_class,0.6840920951186273,10,12
conflict_swap:t2,-7.970565674480954,-8.431523383144558,ant,10,elephant,class_small_standard_large,conflict-class_small_standard_large-elephant-S10-V12-t2,class_donor,large,conflict_swap,True,-0.040971582216813296,bias_corrected,small,-0.7413819016102403,-0.700410319393427,size-conflict_swap-class_small_standard_large-elephant-S10-V12-class_span-to_large-t2,False,borderline,Qwen/Qwen2.5-3B,qwen_qwen2_5_3b,class_span,large,conflict-class_small_standard_large-elephant-S10-V12-t2,sibling_standard_gate_pred_small_expected_large,-8.711947576091195,-9.131933702537985,sibling_standard,0.41998612644679056,10,12
conflict_swap:t2,-7.970565674480954,-8.431523383144558,elephant,90,elephant,class_small_standard_large,conflict-class_small_standard_large-elephant-S10-V12-t2,standard_donor,large,conflict_swap,False,0.18022549347832229,bias_corrected,large,-0.265449060797855,-0.4456745542761773,size-conflict_swap-class_small_standard_large-elephant-S10-V12-standard_span-to_small-t2,False,borderline,Qwen/Qwen2.5-3B,qwen_qwen2_5_3b,standard_span,large,conflict-class_small_standard_large-elephant-S10-V12-t2,sibling_standard_gate_pred_small_expected_large,-8.23601473527881,-8.877197937420735,base,0.6411832021419261,10,12
conflict_swap:t2,-7.970565674480954,-8.431523383144558,elephant,90,elephant,class_small_standard_large,conflict-class_small_standard_large-elephant-S10-V12-t2,standard_donor,small,conflict_swap,False,1.1450498037822312,bias_corrected,small,-0.40227951366835146,0.7427702901138797,size-conflict_swap-class_small_standard_large-elephant-S10-V12-standard_span-to_small-t2,False,borderline,Qwen/Qwen2.5-3B,qwen_qwen2_5_3b,standard_span,small,conflict-class_small_standard_large-elephant-S10-V12-t2,sibling_standard_gate_pred_small_expected_large,-8.372845188149306,-7.688753093030678,cf,0.6840920951186273,10,12
conflict_swap:t2,-7.970565674480954,-8.431523383144558,elephant,90,elephant,class_small_standard_large,conflict-class_small_standard_large-elephant-S10-V12-t2,standard_donor,small,conflict_swap,True,1.1450498037822312,bias_corrected,small,-0.40227951366835146,0.7427702901138797,size-conflict_swap-class_small_standard_large-elephant-S10-V12-standard_span-to_small-t2,False,borderline,Qwen/Qwen2.5-3B,qwen_qwen2_5_3b,standard_span,small,conflict-class_small_standard_large-elephant-S10-V12-t2,sibling_standard_gate_pred_small_expected_large,-8.372845188149306,-7.688753093030678,sibling_class,0.6840920951186273,10,12
conflict_swap:t2,-7.970565674480954,-8.431523383144558,elephant,90,elephant,class_small_standard_large,conflict-class_small_standard_large-elephant-S10-V12-t2,standard_donor,large,conflict_swap,True,-0.040971582216813296,bias_corrected,small,-0.7413819016102403,-0.700410319393427,size-conflict_swap-class_small_standard_large-elephant-S10-V12-standard_span-to_small-t2,False,borderline,Qwen/Qwen2.5-3B,qwen_qwen2_5_3b,standard_span,large,conflict-class_small_standard_large-elephant-S10-V12-t2,sibling_standard_gate_pred_small_expected_large,-8.711947576091195,-9.131933702537985,sibling_standard,0.41998612644679056,10,12
conflict_swap:t2,-7.970565674480954,-8.431523383144558,elephant,90,ant,class_large_standard_small,conflict-class_large_standard_small-ant-S90-V12-t2,class_donor,large,conflict_swap,False,-1.0183575174457706,bias_corrected,small,-1.1420867258971166,-0.12372920845134594,size-conflict_swap-class_large_standard_small-ant-S90-V12-class_span-to_small-t2,False,extreme,Qwen/Qwen2.5-3B,qwen_qwen2_5_3b,class_span,small,conflict-class_large_standard_small-ant-S90-V12-t2,sibling_class_gate_pred_small_expected_large,-9.112652400378071,-8.555252591595904,base,-0.5573998087821668,90,12
conflict_swap:t2,-7.970565674480954,-8.431523383144558,elephant,90,ant,class_large_standard_small,conflict-class_large_standard_small-ant-S90-V12-t2,class_donor,small,conflict_swap,False,1.1450498037822312,bias_corrected,small,-0.40227951366835146,0.7427702901138797,size-conflict_swap-class_large_standard_small-ant-S90-V12-class_span-to_small-t2,False,extreme,Qwen/Qwen2.5-3B,qwen_qwen2_5_3b,class_span,small,conflict-class_large_standard_small-ant-S90-V12-t2,sibling_class_gate_pred_small_expected_large,-8.372845188149306,-7.688753093030678,cf,0.6840920951186273,90,12
conflict_swap:t2,-7.970565674480954,-8.431523383144558,elephant,90,ant,class_large_standard_small,conflict-class_large_standard_small-ant-S90-V12-t2,class_donor,large,conflict_swap,True,-0.040971582216813296,bias_corrected,small,-0.7413819016102403,-0.700410319393427,size-conflict_swap-class_large_standard_small-ant-S90-V12-class_span-to_small-t2,False,extreme,Qwen/Qwen2.5-3B,qwen_qwen2_5_3b,class_span,large,conflict-class_large_standard_small-ant-S90-V12-t2,sibling_class_gate_pred_small_expected_large,-8.711947576091195,-9.131933702537985,sibling_class,0.41998612644679056,90,12
conflict_swap:t2,-7.970565674480954,-8.431523383144558,elephant,90,ant,class_large_standard_small,conflict-class_large_standard_small-ant-S90-V12-t2,class_donor,small,conflict_swap,True,1.1450498037822312,bias_corrected,small,-0.40227951366835146,0.7427702901138797,size-conflict_swap-class_large_standard_small-ant-S90-V12-class_span-to_small-t2,False,extreme,Qwen/Qwen2.5-3B,qwen_qwen2_5_3b,class_span,small,conflict-class_large_standard_small-ant-S90-V12-t2,sibling_class_gate_pred_small_expected_large,-8.372845188149306,-7.688753093030678,sibling_standard,0.6840920951186273,90,12
conflict_swap:t2,-7.970565674480954,-8.431523383144558,ant,10,ant,class_large_standard_small,conflict-class_large_standard_small-ant-S90-V12-t2,standard_donor,small,conflict_swap,False,1.0183575174457706,bias_corrected,small,-1.1420867258971166,-0.12372920845134594,size-conflict_swap-class_large_standard_small-ant-S90-V12-standard_span-to_large-t2,False,extreme,Qwen/Qwen2.5-3B,qwen_qwen2_5_3b,standard_span,small,conflict-class_large_standard_small-ant-S90-V12-t2,sibling_class_gate_pred_small_expected_large,-9.112652400378071,-8.555252591595904,base,0.5573998087821668,90,12
conflict_swap:t2,-7.970565674480954,-8.431523383144558,ant,10,ant,class_large_standard_small,conflict-class_large_standard_small-ant-S90-V12-t2,standard_donor,large,conflict_swap,False,-0.040971582216813296,bias_corrected,small,-0.7413819016102403,-0.700410319393427,size-conflict_swap-class_large_standard_small-ant-S90-V12-standard_span-to_large-t2,False,extreme,Qwen/Qwen2.5-3B,qwen_qwen2_5_3b,standard_span,large,conflict-class_large_standard_small-ant-S90-V12-t2,sibling_class_gate_pred_small_expected_large,-8.711947576091195,-9.131933702537985,cf,0.41998612644679056,90,12
conflict_swap:t2,-7.970565674480954,-8.431523383144558,ant,10,ant,class_large_standard_small,conflict-class_large_standard_small-ant-S90-V12-t2,standard_donor,large,conflict_swap,True,-0.040971582216813296,bias_corrected,small,-0.7413819016102403,-0.700410319393427,size-conflict_swap-class_large_standard_small-ant-S90-V12-standard_span-to_large-t2,False,extreme,Qwen/Qwen2.5-3B,qwen_qwen2_5_3b,standard_span,large,conflict-class_large_standard_small-ant-S90-V12-t2,sibling_class_gate_pred_small_expected_large,-8.711947576091195,-9.131933702537985,sibling_class,0.41998612644679056,90,12
conflict_swap:t2,-7.970565674480954,-8.431523383144558,ant,10,ant,class_large_standard_small,conflict-class_large_standard_small-ant-S90-V12-t2,standard_donor,small,conflict_swap,True,1.1450498037822312,bias_corrected,small,-0.40227951366835146,0.7427702901138797,size-conflict_swap-class_large_standard_small-ant-S90-V12-standard_span-to_large-t2,False,extreme,Qwen/Qwen2.5-3B,qwen_qwen2_5_3b,standard_span,small,conflict-class_large_standard_small-ant-S90-V12-t2,sibling_class_gate_pred_small_expected_large,-8.372845188149306,-7.688753093030678,sibling_standard,0.6840920951186273,90,12
conflict_swap:t2,-7.970565674480954,-8.431523383144558,ant,10,elephant,class_small_standard_large,conflict-class_small_standard_large-elephant-S10-V32-t2,class_donor,small,conflict_swap,False,-0.7393360860881577,bias_corrected,large,-0.15916522555886825,-0.898501311647026,size-conflict_swap-class_small_standard_large-elephant-S10-V32-class_span-to_large-t2,True,clear,Qwen/Qwen2.5-3B,qwen_qwen2_5_3b,class_span,large,conflict-class_small_standard_large-elephant-S10-V32-t2,,-8.129730900039823,-9.330024694791584,base,-1.2002937947517616,10,32
conflict_swap:t2,-7.970565674480954,-8.431523383144558,ant,10,elephant,class_small_standard_large,conflict-class_small_standard_large-elephant-S10-V32-t2,class_donor,large,conflict_swap,False,0.46951575683373203,bias_corrected,large,-0.4460786710139262,-0.9155944278476582,size-conflict_swap-class_small_standard_large-elephant-S10-V32-class_span-to_large-t2,True,clear,Qwen/Qwen2.5-3B,qwen_qwen2_5_3b,class_span,large,conflict-class_small_standard_large-elephant-S10-V32-t2,,-8.41664434549488,-9.347117810992216,cf,0.9304734654973359,10,32
conflict_swap:t2,-7.970565674480954,-8.431523383144558,ant,10,elephant,class_small_standard_large,conflict-class_small_standard_large-elephant-S10-V32-t2,class_donor,small,conflict_swap,True,0.7616789324216304,bias_corrected,small,-0.4257689966325886,0.3359099357890418,size-conflict_swap-class_small_standard_large-elephant-S10-V32-class_span-to_large-t2,True,clear,Qwen/Qwen2.5-3B,qwen_qwen2_5_3b,class_span,small,conflict-class_small_standard_large-elephant-S10-V32-t2,,-8.396334671113543,-8.095613447355516,sibling_class,0.30072122375802657,10,32
conflict_swap:t2,-7.970565674480954,-8.431523383144558,ant,10,elephant,class_small_standard_large,conflict-class_small_standard_large-elephant-S10-V32-t2,class_donor,large,conflict_swap,True,0.46951575683373203,bias_corrected,large,-0.4460786710139262,-0.9155944278476582,size-conflict_swap-class_small_standard_large-elephant-S10-V32-class_span-to_large-t2,True,clear,Qwen/Qwen2.5-3B,qwen_qwen2_5_3b,class_span,large,conflict-class_small_standard_large-elephant-S10-V32-t2,,-8.41664434549488,-9.347117810992216,sibling_standard,0.9304734654973359,10,32
conflict_swap:t2,-7.970565674480954,-8.431523383144558,elephant,90,elephant,class_small_standard_large,conflict-class_small_standard_large-elephant-S10-V32-t2,standard_donor,large,conflict_swap,False,0.7393360860881577,bias_corrected,large,-0.15916522555886825,-0.898501311647026,size-conflict_swap-class_small_standard_large-elephant-S10-V32-standard_span-to_small-t2,True,clear,Qwen/Qwen2.5-3B,qwen_qwen2_5_3b,standard_span,large,conflict-class_small_standard_large-elephant-S10-V32-t2,,-8.129730900039823,-9.330024694791584,base,1.2002937947517616,10,32
conflict_swap:t2,-7.970565674480954,-8.431523383144558,elephant,90,elephant,class_small_standard_large,conflict-class_small_standard_large-elephant-S10-V32-t2,standard_donor,small,conflict_swap,False,0.7616789324216304,bias_corrected,small,-0.4257689966325886,0.3359099357890418,size-conflict_swap-class_small_standard_large-elephant-S10-V32-standard_span-to_small-t2,True,clear,Qwen/Qwen2.5-3B,qwen_qwen2_5_3b,standard_span,small,conflict-class_small_standard_large-elephant-S10-V32-t2,,-8.396334671113543,-8.095613447355516,cf,0.30072122375802657,10,32
conflict_swap:t2,-7.970565674480954,-8.431523383144558,elephant,90,elephant,class_small_standard_large,conflict-class_small_standard_large-elephant-S10-V32-t2,standard_donor,small,conflict_swap,True,0.7616789324216304,bias_corrected,small,-0.4257689966325886,0.3359099357890418,size-conflict_swap-class_small_standard_large-elephant-S10-V32-standard_span-to_small-t2,True,clear,Qwen/Qwen2.5-3B,qwen_qwen2_5_3b,standard_span,small,conflict-class_small_standard_large-elephant-S10-V32-t2,,-8.396334671113543,-8.095613447355516,sibling_class,0.30072122375802657,10,32
conflict_swap:t2,-7.970565674480954,-8.431523383144558,elephant,90,elephant,class_small_standard_large,conflict-class_small_standard_large-elephant-S10-V32-t2,standard_donor,large,conflict_swap,True,0.46951575683373203,bias_corrected,large,-0.4460786710139262,-0.9155944278476582,size-conflict_swap-class_small_standard_large-elephant-S10-V32-standard_span-to_small-t2,True,clear,Qwen/Qwen2.5-3B,qwen_qwen2_5_3b,standard_span,large,conflict-class_small_standard_large-elephant-S10-V32-t2,,-8.41664434549488,-9.347117810992216,sibling_standard,0.9304734654973359,10,32
conflict_swap:t2,-7.970565674480954,-8.431523383144558,elephant,90,ant,class_large_standard_small,conflict-class_large_standard_small-ant-S90-V32-t2,class_donor,large,conflict_swap,False,-0.8470311274460949,bias_corrected,small,-1.0611180880242808,-0.21408696057818588,size-conflict_swap-class_large_standard_small-ant-S90-V32-class_span-to_small-t2,True,clear,Qwen/Qwen2.5-3B,qwen_qwen2_5_3b,class_span,small,conflict-class_large_standard_small-ant-S90-V32-t2,,-9.031683762505235,-8.645610343722744,base,-0.386073418782491,90,32
conflict_swap:t2,-7.970565674480954,-8.431523383144558,elephant,90,ant,class_large_standard_small,conflict-class_large_standard_small-ant-S90-V32-t2,class_donor,small,conflict_swap,False,0.7616789324216304,bias_corrected,small,-0.4257689966325886,0.3359099357890418,size-conflict_swap-class_large_standard_small-ant-S90-V32-class_span-to_small-t2,True,clear,Qwen/Qwen2.5-3B,qwen_qwen2_5_3b,class_span,small,conflict-class_large_standard_small-ant-S90-V32-t2,,-8.396334671113543,-8.095613447355516,cf,0.30072122375802657,90,32
conflict_swap:t2,-7.970565674480954,-8.431523383144558,elephant,90,ant,class_large_standard_small,conflict-class_large_standard_small-ant-S90-V32-t2,class_donor,large,conflict_swap,True,0.46951575683373203,bias_corrected,large,-0.4460786710139262,-0.9155944278476582,size-conflict_swap-class_large_standard_small-ant-S90-V32-class_span-to_small-t2,True,clear,Qwen/Qwen2.5-3B,qwen_qwen2_5_3b,class_span,large,conflict-class_large_standard_small-ant-S90-V32-t2,,-8.41664434549488,-9.347117810992216,sibling_class,0.9304734654973359,90,32
conflict_swap:t2,-7.970565674480954,-8.431523383144558,elephant,90,ant,class_large_standard_small,conflict-class_large_standard_small-ant-S90-V32-t2,class_donor,small,conflict_swap,True,0.7616789324216304,bias_corrected,small,-0.4257689966325886,0.3359099357890418,size-conflict_swap-class_large_standard_small-ant-S90-V32-class_span-to_small-t2,True,clear,Qwen/Qwen2.5-3B,qwen_qwen2_5_3b,class_span,small,conflict-class_large_standard_small-ant-S90-V32-t2,,-8.396334671113543,-8.095613447355516,sibling_standard,0.30072122375802657,90,32
conflict_swap:t2,-7.970565674480954,-8.431523383144558,ant,10,ant,class_large_standard_small,conflict-class_large_standard_small-ant-S90-V32-t2,standard_donor,small,conflict_swap,False,0.8470311274460949,bias_corrected,small,-1.0611180880242808,-0.21408696057818588,size-conflict_swap-class_large_standard_small-ant-S90-V32-standard_span-to_large-t2,True,clear,Qwen/Qwen2.5-3B,qwen_qwen2_5_3b,standard_span,small,conflict-class_large_standard_small-ant-S90-V32-t2,,-9.031683762505235,-8.645610343722744,base,0.386073418782491,90,32
conflict_swap:t2,-7.970565674480954,-8.431523383144558,ant,10,ant,class_large_standard_small,conflict-class_large_standard_small-ant-S90-V32-t2,standard_donor,large,conflict_swap,False,0.46951575683373203,bias_corrected,large,-0.4460786710139262,-0.9155944278476582,size-conflict_swap-class_large_standard_small-ant-S90-V32-standard_span-to_large-t2,True,clear,Qwen/Qwen2.5-3B,qwen_qwen2_5_3b,standard_span,large,conflict-class_large_standard_small-ant-S90-V32-t2,,-8.41664434549488,-9.347117810992216,cf,0.9304734654973359,90,32
conflict_swap:t2,-7.970565674480954,-8.431523383144558,ant,10,ant,class_large_standard_small,conflict-class_large_standard_small-ant-S90-V32-t2,standard_donor,large,conflict_swap,True,0.46951575683373203,bias_corrected,large,-0.4460786710139262,-0.9155944278476582,size-conflict_swap-class_large_standard_small-ant-S90-V32-standard_span-to_large-t2,True,clear,Qwen/Qwen2.5-3B,qwen_qwen2_5_3b,standard_span,large,conflict-class_large_standard_small-ant-S90-V32-t2,,-8.41664434549488,-9.347117810992216,sibling_class,0.9304734654973359,90,32
conflict_swap:t2,-7.970565674480954,-8.431523383144558,ant,10,ant,class_large_standard_small,conflict-class_large_standard_small-ant-S90-V32-t2,standard_donor,small,conflict_swap,True,0.7616789324216304,bias_corrected,small,-0.4257689966325886,0.3359099357890418,size-conflict_swap-class_large_standard_small-ant-S90-V32-standard_span-to_large-t2,True,clear,Qwen/Qwen2.5-3B,qwen_qwen2_5_3b,standard_span,small,conflict-class_large_standard_small-ant-S90-V32-t2,,-8.396334671113543,-8.095613447355516,sibling_standard,0.30072122375802657,90,32
conflict_swap:t2,-7.970565674480954,-8.431523383144558,ant,10,elephant,class_small_standard_large,conflict-class_small_standard_large-elephant-S10-V83-t2,class_donor,small,conflict_swap,False,-0.6565671271542319,bias_corrected,large,-0.2816004777585883,-0.9381676049128203,size-conflict_swap-class_small_standard_large-elephant-S10-V83-class_span-to_large-t2,False,extreme,Qwen/Qwen2.5-3B,qwen_qwen2_5_3b,class_span,large,conflict-class_small_standard_large-elephant-S10-V83-t2,sibling_standard_gate_margin_below_0.1,-8.252166152239543,-9.369690988057378,base,-1.1175248358178358,10,83
conflict_swap:t2,-7.970565674480954,-8.431523383144558,ant,10,elephant,class_small_standard_large,conflict-class_small_standard_large-elephant-S10-V83-t2,class_donor,large,conflict_swap,False,0.01017629465372405,bias_corrected,large,-0.6448470714026628,-0.6550233660563869,size-conflict_swap-class_small_standard_large-elephant-S10-V83-class_span-to_large-t2,False,extreme,Qwen/Qwen2.5-3B,qwen_qwen2_5_3b,class_span,large,conflict-class_small_standard_large-elephant-S10-V83-t2,sibling_standard_gate_margin_below_0.1,-8.615412745883617,-9.086546749200945,cf,0.4711340033173279,10,83
conflict_swap:t2,-7.970565674480954,-8.431523383144558,ant,10,elephant,class_small_standard_large,conflict-class_small_standard_large-elephant-S10-V83-t2,class_donor,small,conflict_swap,True,0.9871482837231857,bias_corrected,small,-0.6375754783704268,0.3495728053527589,size-conflict_swap-class_small_standard_large-elephant-S10-V83-class_span-to_large-t2,False,extreme,Qwen/Qwen2.5-3B,qwen_qwen2_5_3b,class_span,small,conflict-class_small_standard_large-elephant-S10-V83-t2,sibling_standard_gate_margin_below_0.1,-8.608141152851381,-8.0819505777918,sibling_class,0.5261905750595819,10,83
conflict_swap:t2,-7.970565674480954,-8.431523383144558,ant,10,elephant,class_small_standard_large,conflict-class_small_standard_large-elephant-S10-V83-t2,class_donor,large,conflict_swap,True,0.01017629465372405,bias_corrected,large,-0.6448470714026628,-0.6550233660563869,size-conflict_swap-class_small_standard_large-elephant-S10-V83-class_span-to_large-t2,False,extreme,Qwen/Qwen2.5-3B,qwen_qwen2_5_3b,class_span,large,conflict-class_small_standard_large-elephant-S10-V83-t2,sibling_standard_gate_margin_below_0.1,-8.615412745883617,-9.086546749200945,sibling_standard,0.4711340033173279,10,83
conflict_swap:t2,-7.970565674480954,-8.431523383144558,elephant,90,elephant,class_small_standard_large,conflict-class_small_standard_large-elephant-S10-V83-t2,standard_donor,large,conflict_swap,False,0.6565671271542319,bias_corrected,large,-0.2816004777585883,-0.9381676049128203,size-conflict_swap-class_small_standard_large-elephant-S10-V83-standard_span-to_small-t2,False,extreme,Qwen/Qwen2.5-3B,qwen_qwen2_5_3b,standard_span,large,conflict-class_small_standard_large-elephant-S10-V83-t2,sibling_standard_gate_margin_below_0.1,-8.252166152239543,-9.369690988057378,base,1.1175248358178358,10,83
conflict_swap:t2,-7.970565674480954,-8.431523383144558,elephant,90,elephant,class_small_standard_large,conflict-class_small_standard_large-elephant-S10-V83-t2,standard_donor,small,conflict_swap,False,0.9871482837231857,bias_corrected,small,-0.6375754783704268,0.3495728053527589,size-conflict_swap-class_small_standard_large-elephant-S10-V83-standard_span-to_small-t2,False,extreme,Qwen/Qwen2.5-3B,qwen_qwen2_5_3b,standard_span,small,conflict-class_small_standard_large-elephant-S10-V83-t2,sibling_standard_gate_margin_below_0.1,-8.608141152851381,-8.0819505777918,cf,0.5261905750595819,10,83
conflict_swap:t2,-7.970565674480954,-8.431523383144558,elephant,90,elephant,class_small_standard_large,conflict-class_small_standard_large-elephant-S10-V83-t2,standard_donor,small,conflict_swap,True,0.9871482837231857,bias_corrected,small,-0.6375754783704268,0.3495728053527589,size-conflict_swap-class_small_standard_large-elephant-S10-V83-standard_span-to_small-t2,False,extreme,Qwen/Qwen2.5-3B,qwen_qwen2_5_3b,standard_span,small,conflict-class_small_standard_large-elephant-S10-V83-t2,sibling_standard_gate_margin_below_0.1,-8.608141152851381,-8.0819505777918,sibling_class,0.5261905750595819,10,83
conflict_swap:t2,-7.970565674480954,-8.431523383144558,elephant,90,elephant,class_small_standard_large,conflict-class_small_standard_large-elephant-S10-V83-t2,standard_donor,large,conflict_swap,True,0.01017629465372405,bias_corrected,large,-0.6448470714026628,-0.6550233660563869,size-conflict_swap-class_small_standard_large-elephant-S10-V83-standard_span-to_small-t2,False,extreme,Qwen/Qwen2.5-3B,qwen_qwen2_5_3b,standard_span,large,conflict-class_small_standard_large-elephant-S10-V83-t2,sibling_standard_gate_margin_below_0.1,-8.615412745883617,-9.086546749200945,sibling_standard,0.4711340033173279,10,83
conflict_swap:t2,-7.970565674480954,-8.431523383144558,elephant,90,ant,class_large_standard_small,conflict-class_large_standard_small-ant-S90-V83-t2,class_donor,large,conflict_swap,False,-1.2162532095939058,bias_corrected,small,-1.2393558502047552,-0.023102640610849434,size-conflict_swap-class_large_standard_small-ant-S90-V83-class_span-to_small-t2,False,borderline,Qwen/Qwen2.5-3B,qwen_qwen2_5_3b,class_span,small,conflict-class_large_standard_small-ant-S90-V83-t2,sibling_class_gate_margin_below_0.1,-9.20992152468571,-8.454626023755408,base,-0.755295500930302,90,83
conflict_swap:t2,-7.970565674480954,-8.431523383144558,elephant,90,ant,class_large_standard_small,conflict-class_large_standard_small-ant-S90-V83-t2,class_donor,small,conflict_swap,False,0.9871482837231857,bias_corrected,small,-0.6375754783704268,0.3495728053527589,size-conflict_swap-class_large_standard_small-ant-S90-V83-class_span-to_small-t2,False,borderline,Qwen/Qwen2.5-3B,qwen_qwen2_5_3b,class_span,small,conflict-class_large_standard_small-ant-S90-V83-t2,sibling_class_gate_margin_below_0.1,-8.608141152851381,-8.0819505777918,cf,0.5261905750595819,90,83
conflict_swap:t2,-7.970565674480954,-8.431523383144558,elephant,90,ant,class_large_standard_small,conflict-class_large_standard_small-ant-S90-V83-t2,class_donor,large,conflict_swap,True,0.01017629465372405,bias_corrected,large,-0.6448470714026628,-0.6550233660563869,size-conflict_swap-class_large_standard_small-ant-S90-V83-class_span-to_small-t2,False,borderline,Qwen/Qwen2.5-3B,qwen_qwen2_5_3b,class_span,large,conflict-class_large_standard_small-ant-S90-V83-t2,sibling_class_gate_margin_below_0.1,-8.615412745883617,-9.086546749200945,sibling_class,0.4711340033173279,90,83
conflict_swap:t2,-7.970565674480954,-8.431523383144558,elephant,90,ant,class_large_standard_small,conflict-class_large_standard_small-ant-S90-V83-t2,class_donor,small,conflict_swap,True,0.9871482837231857,bias_corrected,small,-0.6375754783704268,0.3495728053527589,size-conflict_swap-class_large_standard_small-ant-S90-V83-class_span-to_small-t2,False,borderline,Qwen/Qwen2.5-3B,qwen_qwen2_5_3b,class_span,small,conflict-class_large_standard_small-ant-S90-V83-t2,sibling_class_gate_margin_below_0.1,-8.608141152851381,-8.0819505777918,sibling_standard,0.5261905750595819,90,83
conflict_swap:t2,-7.970565674480954,-8.431523383144558,ant,10,ant,class_large_standard_small,conflict-class_large_standard_small-ant-S90-V83-t2,standard_donor,small,conflict_swap,False,1.2162532095939058,bias_corrected,small,-1.2393558502047552,-0.023102640610849434,size-conflict_swap-class_large_standard_small-ant-S90-V83-standard_span-to_large-t2,False,borderline,Qwen/Qwen2.5-3B,qwen_qwen2_5_3b,standard_span,small,conflict-class_large_standard_small-ant-S90-V83-t2,sibling_class_gate_margin_below_0.1,-9.20992152468571,-8.454626023755408,base,0.755295500930302,90,83
conflict_swap:t2,-7.970565674480954,-8.431523383144558,ant,10,ant,class_large_standard_small,conflict-class_large_standard_small-ant-S90-V83-t2,standard_donor,large,conflict_swap,False,0.01017629465372405,bias_corrected,large,-0.6448470714026628,-0.6550233660563869,size-conflict_swap-class_large_standard_small-ant-S90-V83-standard_span-to_large-t2,False,borderline,Qwen/Qwen2.5-3B,qwen_qwen2_5_3b,standard_span,large,conflict-class_large_standard_small-ant-S90-V83-t2,sibling_class_gate_margin_below_0.1,-8.615412745883617,-9.086546749200945,cf,0.4711340033173279,90,83
conflict_swap:t2,-7.970565674480954,-8.431523383144558,ant,10,ant,class_large_standard_small,conflict-class_large_standard_small-ant-S90-V83-t2,standard_donor,large,conflict_swap,True,0.01017629465372405,bias_corrected,large,-0.6448470714026628,-0.6550233660563869,size-conflict_swap-class_large_standard_small-ant-S90-V83-standard_span-to_large-t2,False,borderline,Qwen/Qwen2.5-3B,qwen_qwen2_5_3b,standard_span,large,conflict-class_large_standard_small-ant-S90-V83-t2,sibling_class_gate_margin_below_0.1,-8.615412745883617,-9.086546749200945,sibling_class,0.4711340033173279,90,83
conflict_swap:t2,-7.970565674480954,-8.431523383144558,ant,10,ant,class_large_standard_small,conflict-class_large_standard_small-ant-S90-V83-t2,standard_donor,small,conflict_swap,True,0.9871482837231857,bias_corrected,small,-0.6375754783704268,0.3495728053527589,size-conflict_swap-class_large_standard_small-ant-S90-V83-standard_span-to_large-t2,False,borderline,Qwen/Qwen2.5-3B,qwen_qwen2_5_3b,standard_span,small,conflict-class_large_standard_small-ant-S90-V83-t2,sibling_class_gate_margin_below_0.1,-8.608141152851381,-8.0819505777918,sibling_standard,0.5261905750595819,90,83
conflict_swap:t2,-7.970565674480954,-8.431523383144558,ant,10,human,class_small_standard_large,conflict-class_small_standard_large-human-S10-V22-t2,class_donor,small,conflict_swap,False,-0.17111095545345378,bias_corrected,large,0.04002320826828232,-0.13108774718517147,size-conflict_swap-class_small_standard_large-human-S10-V22-class_span-to_large-t2,True,clear,Qwen/Qwen2.5-3B,qwen_qwen2_5_3b,class_span,large,conflict-class_small_standard_large-human-S10-V22-t2,,-7.930542466212672,-8.56261113032973,base,-0.6320686641170576,10,22
conflict_swap:t2,-7.970565674480954,-8.431523383144558,ant,10,human,class_small_standard_large,conflict-class_small_standard_large-human-S10-V22-t2,class_donor,large,conflict_swap,False,0.306863072864334,bias_corrected,large,-0.5023720335031276,-0.8092351063674617,size-conflict_swap-class_small_standard_large-human-S10-V22-class_span-to_large-t2,True,clear,Qwen/Qwen2.5-3B,qwen_qwen2_5_3b,class_span,large,conflict-class_small_standard_large-human-S10-V22-t2,,-8.472937707984082,-9.24075848951202,cf,0.7678207815279379,10,22
conflict_swap:t2,-7.970565674480954,-8.431523383144558,ant,10,human,class_small_standard_large,conflict-class_small_standard_large-human-S10-V22-t2,class_donor,small,conflict_swap,True,1.361412195566115,bias_corrected,small,-0.51227437970197,0.8491378158641449,size-conflict_swap-class_small_standard_large-human-S10-V22-class_span-to_large-t2,True,clear,Qwen/Qwen2.5-3B,qwen_qwen2_5_3b,class_span,small,conflict-class_small_standard_large-human-S10-V22-t2,,-8.482840054182924,-7.582385567280413,sibling_class,0.9004544869025111,10,22
conflict_swap:t2,-7.970565674480954,-8.431523383144558,ant,10,human,class_small_standard_large,conflict-class_small_standard_large-human-S10-V22-t2,class_donor,large,conflict_swap,True,0.306863072864334,bias_corrected,large,-0.5023720335031276,-0.8092351063674617,size-conflict_swap-class_small_standard_large-human-S10-V22-class_span-to_large-t2,True,clear,Qwen/Qwen2.5-3B,qwen_qwen2_5_3b,class_span,large,conflict-class_small_standard_large-human-S10-V22-t2,,-8.472937707984082,-9.24075848951202,sibling_standard,0.7678207815279379,10,22
conflict_swap:t2,-7.970565674480954,-8.431523383144558,human,90,human,class_small_standard_large,conflict-class_small_standard_large-human-S10-V22-t2,standard_donor,large,conflict_swap,False,0.17111095545345378,bias_corrected,large,0.04002320826828232,-0.13108774718517147,size-conflict_swap-class_small_standard_large-human-S10-V22-standard_span-to_small-t2,True,clear,Qwen/Qwen2.5-3B,qwen_qwen2_5_3b,standard_span,large,conflict-class_small_standard_large-human-S10-V22-t2,,-7.930542466212672,-8.56261113032973,base,0.6320686641170576,10,22
conflict_swap:t2,-7.970565674480954,-8.431523383144558,human,90,human,class_small_standard_large,conflict-class_small_standard_large-human-S10-V22-t2,standard_donor,small,conflict_swap,False,1.361412195566115,bias_corrected,small,-0.51227437970197,0.8491378158641449,size-conflict_swap-class_small_standard_large-human-S10-V22-standard_span-to_small-t2,True,clear,Qwen/Qwen2.5-3B,qwen_qwen2_5_3b,standard_span,small,conflict-class_small_standard_large-human-S10-V22-t2,,-8.482840054182924,-7.582385567280413,cf,0.9004544869025111,10,22
conflict_swap:t2,-7.970565674480954,-8.431523383144558,human,90,human,class_small_standard_large,conflict-class_small_standard_large-human-S10-V22-t2,standard_donor,small,conflict_swap,True,1.361412195566115,bias_corrected,small,-0.51227437970197,0.8491378158641449,size-conflict_swap-class_small_standard_large-human-S10-V22-standard_span-to_small-t2,True,clear,Qwen/Qwen2.5-3B,qwen_qwen2_5_3b,standard_span,small,conflict-class_small_standard_large-human-S10-V22-t2,,-8.482840054182924,-7.582385567280413,sibling_class,0.9004544869025111,10,22
conflict_swap:t2,-7.970565674480954,-8.431523383144558,human,90,human,class_small_standard_large,conflict-class_small_standard_large-human-S10-V22-t2,standard_donor,large,conflict_swap,True,0.306863072864334,bias_corrected,large,-0.5023720335031276,-0.8092351063674617,size-conflict_swap-class_small_standard_large-human-S10-V22-standard_span-to_small-t2,True,clear,Qwen/Qwen2.5-3B,qwen_qwen2_5_3b,standard_span,large,conflict-class_small_standard_large-human-S10-V22-t2,,-8.472937707984082,-9.24075848951202,sibling_standard,0.7678207815279379,10,22
conflict_swap:t2,-7.970565674480954,-8.431523383144558,human,90,ant,class_large_standard_small,conflict-class_large_standard_small-ant-S90-V22-t2,class_donor,large,conflict_swap,False,-0.9271810870132908,bias_corrected,small,-1.0946496277737223,-0.1674685407604315,size-conflict_swap-class_large_standard_small-ant-S90-V22-class_span-to_small-t2,True,clear,Qwen/Qwen2.5-3B,qwen_qwen2_5_3b,class_span,small,conflict-class_large_standard_small-ant-S90-V22-t2,,-9.065215302254677,-8.59899192390499,base,-0.46622337834968697,90,22
conflict_swap:t2,-7.970565674480954,-8.431523383144558,human,90,ant,class_large_standard_small,conflict-class_large_standard_small-ant-S90-V22-t2,class_donor,small,conflict_swap,False,1.361412195566115,bias_corrected,small,-0.51227437970197,0.8491378158641449,size-conflict_swap-class_large_standard_small-ant-S90-V22-class_span-to_small-t2,True,clear,Qwen/Qwen2.5-3B,qwen_qwen2_5_3b,class_span,small,conflict-class_large_standard_small-ant-S90-V22-t2,,-8.482840054182924,-7.582385567280413,cf,0.9004544869025111,90,22
conflict_swap:t2,-7.970565674480954,-8.431523383144558,human,90,ant,class_large_standard_small,conflict-class_large_standard_small-ant-S90-V22-t2,class_donor,large,conflict_swap,True,0.306863072864334,bias_corrected,large,-0.5023720335031276,-0.8092351063674617,size-conflict_swap-class_large_standard_small-ant-S90-V22-class_span-to_small-t2,True,clear,Qwen/Qwen2.5-3B,qwen_qwen2_5_3b,class_span,large,conflict-class_large_standard_small-ant-S90-V22-t2,,-8.472937707984082,-9.24075848951202,sibling_class,0.7678207815279379,90,22
conflict_swap:t2,-7.970565674480954,-8.431523383144558,human,90,ant,class_large_standard_small,conflict-class_large_standard_small-ant-S90-V22-t2,class_donor,small,conflict_swap,True,1.361412195566115,bias_corrected,small,-0.51227437970197,0.8491378158641449,size-conflict_swap-class_large_standard_small-ant-S90-V22-class_span-to_small-t2,True,clear,Qwen/Qwen2.5-3B,qwen_qwen2_5_3b,class_span,small,conflict-class_large_standard_small-ant-S90-V22-t2,,-8.482840054182924,-7.582385567280413,sibling_standard,0.9004544869025111,90,22
conflict_swap:t2,-7.970565674480954,-8.431523383144558,ant,10,ant,class_large_standard_small,conflict-class_large_standard_small-ant-S90-V22-t2,standard_donor,small,conflict_swap,False,0.9271810870132908,bias_corrected,small,-1.0946496277737223,-0.1674685407604315,size-conflict_swap-class_large_standard_small-ant-S90-V22-standard_span-to_large-t2,True,clear,Qwen/Qwen2.5-3B,qwen_qwen2_5_3b,standard_span,small,conflict-class_large_standard_small-ant-S90-V22-t2,,-9.065215302254677,-8.59899192390499,base,0.46622337834968697,90,22
conflict_swap:t2,-7.970565674480954,-8.431523383144558,ant,10,ant,class_large_standard_small,conflict-class_large_standard_small-ant-S90-V22-t2,standard_donor,large,conflict_swap,False,0.306863072864334,bias_corrected,large,-0.5023720335031276,-0.8092351063674617,size-conflict_swap-class_large_standard_small-ant-S90-V22-standard_span-to_large-t2,True,clear,Qwen/Qwen2.5-3B,qwen_qwen2_5_3b,standard_span,large,conflict-class_large_standard_small-ant-S90-V22-t2,,-8.472937707984082,-9.24075848951202,cf,0.7678207815279379,90,22
conflict_swap:t2,-7.970565674480954,-8.431523383144558,ant,10,ant,class_large_standard_small,conflict-class_large_standard_small-ant-S90-V22-t2,standard_donor,large,conflict_swap,True,0.306863072864334,bias_corrected,large,-0.5023720335031276,-0.8092351063674617,size-conflict_swap-class_large_standard_small-ant-S90-V22-standard_span-to_large-t2,True,clear,Qwen/Qwen2.5-3B,qwen_qwen2_5_3b,standard_span,large,conflict-class_large_standard_small-ant-S90-V22-t2,,-8.472937707984082,-9.24075848951202,sibling_class,0.7678207815279379,90,22
conflict_swap:t2,-7.970565674480954,-8.431523383144558,ant,10,ant,class_large_standard_small,conflict-class_large_standard_small-ant-S90-V22-t2,standard_donor,small,conflict_swap,True,1.361412195566115,bias_corrected,small,-0.51227437970197,0.8491378158641449,size-conflict_swap-class_large_standard_small-ant-S90-V22-standard_span-to_large-t2,True,clear,Qwen/Qwen2.5-3B,qwen_qwen2_5_3b,standard_span,small,conflict-class_large_standard_small-ant-S90-V22-t2,,-8.482840054182924,-7.582385567280413,sibling_standard,0.9004544869025111,90,22
conflict_swap:t2,-7.970565674480954,-8.431523383144558,ant,10,human,class_small_standard_large,conflict-class_small_standard_large-human-S10-V53-t2,class_donor,small,conflict_swap,False,-0.34665786654228903,bias_corrected,large,-0.0055497270424638145,-0.35220759358475284,size-conflict_swap-class_small_standard_large-human-S10-V53-class_span-to_large-t2,True,extreme,Qwen/Qwen2.5-3B,qwen_qwen2_5_3b,class_span,large,conflict-class_small_standard_large-human-S10-V53-t2,,-7.976115401523418,-8.783730976729311,base,-0.8076155752058929,10,53
conflict_swap:t2,-7.970565674480954,-8.431523383144558,ant,10,human,class_small_standard_large,conflict-class_small_standard_large-human-S10-V53-t2,class_donor,large,conflict_swap,False,0.26932853434851634,bias_corrected,large,-0.5174618596758416,-0.7867903940243579,size-conflict_swap-class_small_standard_large-human-S10-V53-class_span-to_large-t2,True,extreme,Qwen/Qwen2.5-3B,qwen_qwen2_5_3b,class_span,large,conflict-class_small_standard_large-human-S10-V53-t2,,-8.488027534156796,-9.218313777168916,cf,0.7302862430121202,10,53
conflict_swap:t2,-7.970565674480954,-8.431523383144558,ant,10,human,class_small_standard_large,conflict-class_small_standard_large-human-S10-V53-t2,class_donor,small,conflict_swap,True,1.1310289893585512,bias_corrected,small,-0.43968038780294894,0.6913486015556023,size-conflict_swap-class_small_standard_large-human-S10-V53-class_span-to_large-t2,True,extreme,Qwen/Qwen2.5-3B,qwen_qwen2_5_3b,class_span,small,conflict-class_small_standard_large-human-S10-V53-t2,,-8.410246062283903,-7.740174781588956,sibling_class,0.6700712806949474,10,53
conflict_swap:t2,-7.970565674480954,-8.431523383144558,ant,10,human,class_small_standard_large,conflict-class_small_standard_large-human-S10-V53-t2,class_donor,large,conflict_swap,True,0.26932853434851634,bias_corrected,large,-0.5174618596758416,-0.7867903940243579,size-conflict_swap-class_small_standard_large-human-S10-V53-class_span-to_large-t2,True,extreme,Qwen/Qwen2.5-3B,qwen_qwen2_5_3b,class_span,large,conflict-class_small_standard_large-human-S10-V53-t2,,-8.488027534156796,-9.218313777168916,sibling_standard,0.7302862430121202,10,53
conflict_swap:t2,-7.970565674480954,-8.431523383144558,human,90,human,class_small_standard_large,conflict-class_small_standard_large-human-S10-V53-t2,standard_donor,large,conflict_swap,False,0.34665786654228903,bias_corrected,large,-0.0055497270424638145,-0.35220759358475284,size-conflict_swap-class_small_standard_large-human-S10-V53-standard_span-to_small-t2,True,extreme,Qwen/Qwen2.5-3B,qwen_qwen2_5_3b,standard_span,large,conflict-class_small_standard_large-human-S10-V53-t2,,-7.976115401523418,-8.783730976729311,base,0.8076155752058929,10,53
conflict_swap:t2,-7.970565674480954,-8.431523383144558,human,90,human,class_small_standard_large,conflict-class_small_standard_large-human-S10-V53-t2,standard_donor,small,conflict_swap,False,1.1310289893585512,bias_corrected,small,-0.43968038780294894,0.6913486015556023,size-conflict_swap-class_small_standard_large-human-S10-V53-standard_span-to_small-t2,True,extreme,Qwen/Qwen2.5-3B,qwen_qwen2_5_3b,standard_span,small,conflict-class_small_standard_large-human-S10-V53-t2,,-8.410246062283903,-7.740174781588956,cf,0.6700712806949474,10,53
conflict_swap:t2,-7.970565674480954,-8.431523383144558,human,90,human,class_small_standard_large,conflict-class_small_standard_large-human-S10-V53-t2,standard_donor,small,conflict_swap,True,1.1310289893585512,bias_corrected,small,-0.43968038780294894,0.6913486015556023,size-conflict_swap-class_small_standard_large-human-S10-V53-standard_span-to_small-t2,True,extreme,Qwen/Qwen2.5-3B,qwen_qwen2_5_3b,standard_span,small,conflict-class_small_standard_large-human-S10-V53-t2,,-8.410246062283903,-7.740174781588956,sibling_class,0.6700712806949474,10,53
conflict_swap:t2,-7.970565674480954,-8.431523383144558,human,90,human,class_small_standard_large,conflict-class_small_standard_large-human-S10-V53-t2,standard_donor,large,conflict_swap,True,0.26932853434851634,bias_corrected,large,-0.5174618596758416,-0.7867903940243579,size-conflict_swap-class_small_standard_large-human-S10-V53-standard_span-to_small-t2,True,extreme,Qwen/Qwen2.5-3B,qwen_qwen2_5_3b,standard_span,large,conflict-class_small_standard_large-human-S10-V53-t2,,-8.488027534156796,-9.218313777168916,sibling_standard,0.7302862430121202,10,53
conflict_swap:t2,-7.970565674480954,-8.431523383144558,human,90,ant,class_large_standard_small,conflict-class_large_standard_small-ant-S90-V53-t2,class_donor,large,conflict_swap,False,-0.8162416240808676,bias_corrected,small,-1.0543430806668423,-0.2381014565859747,size-conflict_swap-class_large_standard_small-ant-S90-V53-class_span-to_small-t2,True,clear,Qwen/Qwen2.5-3B,qwen_qwen2_5_3b,class_span,small,conflict-class_large_standard_small-ant-S90-V53-t2,,-9.024908755147797,-8.669624839730533,base,-0.3552839154172638,90,53
conflict_swap:t2,-7.970565674480954,-8.431523383144558,human,90,ant,class_large_standard_small,conflict-class_large_standard_small-ant-S90-V53-t2,class_donor,small,conflict_swap,False,1.1310289893585512,bias_corrected,small,-0.43968038780294894,0.6913486015556023,size-conflict_swap-class_large_standard_small-ant-S90-V53-class_span-to_small-t2,True,clear,Qwen/Qwen2.5-3B,qwen_qwen2_5_3b,class_span,small,conflict-class_large_standard_small-ant-S90-V53-t2,,-8.410246062283903,-7.740174781588956,cf,0.6700712806949474,90,53
conflict_swap:t2,-7.970565674480954,-8.431523383144558,human,90,ant,class_large_standard_small,conflict-class_large_standard_small-ant-S90-V53-t2,class_donor,large,conflict_swap,True,0.26932853434851634,bias_corrected,large,-0.5174618596758416,-0.7867903940243579,size-conflict_swap-class_large_standard_small-ant-S90-V53-class_span-to_small-t2,True,clear,Qwen/Qwen2.5-3B,qwen_qwen2_5_3b,class_span,large,conflict-class_large_standard_small-ant-S90-V53-t2,,-8.488027534156796,-9.218313777168916,sibling_class,0.7302862430121202,90,53
conflict_swap:t2,-7.970565674480954,-8.431523383144558,human,90,ant,class_large_standard_small,conflict-class_large_standard_small-ant-S90-V53-t2,class_donor,small,conflict_swap,True,1.1310289893585512,bias_corrected,small,-0.43968038780294894,0.6913486015556023,size-conflict_swap-class_large_standard_small-ant-S90-V53-class_span-to_small-t2,True,clear,Qwen/Qwen2.5-3B,qwen_qwen2_5_3b,class_span,small,conflict-class_large_standard_small-ant-S90-V53-t2,,-8.410246062283903,-7.740174781588956,sibling_standard,0.6700712806949474,90,53
conflict_swap:t2,-7.970565674480954,-8.431523383144558,ant,10,ant,class_large_standard_small,conflict-class_large_standard_small-ant-S90-V53-t2,standard_donor,small,conflict_swap,False,0.8162416240808676,bias_corrected,small,-1.0543430806668423,-0.2381014565859747,size-conflict_swap-class_large_standard_small-ant-S90-V53-standard_span-to_large-t2,True,clear,Qwen/Qwen2.5-3B,qwen_qwen2_5_3b,standard_span,small,conflict-class_large_standard_small-ant-S90-V53-t2,,-9.024908755147797,-8.669624839730533,base,0.3552839154172638,90,53
conflict_swap:t2,-7.970565674480954,-8.431523383144558,ant,10,ant,class_large_standard_small,conflict-class_large_standard_small-ant-S90-V53-t2,standard_donor,large,conflict_swap,False,0.26932853434851634,bias_corrected,large,-0.5174618596758416,-0.7867903940243579,size-conflict_swap-class_large_standard_small-ant-S90-V53-standard_span-to_large-t2,True,clear,Qwen/Qwen2.5-3B,qwen_qwen2_5_3b,standard_span,large,conflict-class_large_standard_small-ant-S90-V53-t2,,-8.488027534156796,-9.218313777168916,cf,0.7302862430121202,90,53
conflict_swap:t2,-7.970565674480954,-8.431523383144558,ant,10,ant,class_large_standard_small,conflict-class_large_standard_small-ant-S90-V53-t2,standard_donor,large,conflict_swap,True,0.26932853434851634,bias_corrected,large,-0.5174618596758416,-0.7867903940243579,size-conflict_swap-class_large_standard_small-ant-S90-V53-standard_span-to_large-t2,True,clear,Qwen/Qwen2.5-3B,qwen_qwen2_5_3b,standard_span,large,conflict-class_large_standard_small-ant-S90-V53-t2,,-8.488027534156796,-9.218313777168916,sibling_class,0.7302862430121202,90,53
conflict_swap:t2,-7.970565674480954,-8.431523383144558,ant,10,ant,class_large_standard_small,conflict-class_large_standard_small-ant-S90-V53-t2,standard_donor,small,conflict_swap,True,1.1310289893585512,bias_corrected,small,-0.43968038780294894,0.6913486015556023,size-conflict_swap-class_large_standard_small-ant-S90-V53-standard_span-to_large-t2,True,clear,Qwen/Qwen2.5-3B,qwen_qwen2_5_3b,standard_span,small,conflict-class_large_standard_small-ant-S90-V53-t2,,-8.410246062283903,-7.740174781588956,sibling_standard,0.6700712806949474,90,53
conflict_swap:t2,-7.970565674480954,-8.431523383144558,human,100,elephant,class_small_standard_large,conflict-class_small_standard_large-elephant-S100-V190-t2,class_donor,small,conflict_swap,False,-1.3700212425404938,bias_corrected,large,0.2099938368166061,-1.1600274057238877,size-conflict_swap-class_small_standard_large-elephant-S100-V190-class_span-to_large-t2,True,clear,Qwen/Qwen2.5-3B,qwen_qwen2_5_3b,class_span,large,conflict-class_small_standard_large-elephant-S100-V190-t2,,-7.760571837664348,-9.591550788868446,base,-1.8309789512040977,100,190
conflict_swap:t2,-7.970565674480954,-8.431523383144558,human,100,elephant,class_small_standard_large,conflict-class_small_standard_large-elephant-S100-V190-t2,class_donor,large,conflict_swap,False,0.9421000619100894,bias_corrected,large,0.2087580298885623,-0.7333420320215271,size-conflict_swap-class_small_standard_large-elephant-S100-V190-class_span-to_large-t2,True,clear,Qwen/Qwen2.5-3B,qwen_qwen2_5_3b,class_span,large,conflict-class_small_standard_large-elephant-S100-V190-t2,,-7.761807644592392,-9.164865415166085,cf,1.4030577705736933,100,190
conflict_swap:t2,-7.970565674480954,-8.431523383144558,human,100,elephant,class_small_standard_large,conflict-class_small_standard_large-elephant-S100-V190-t2,class_donor,small,conflict_swap,True,0.6770868115227389,bias_corrected,small,-0.628220064375534,0.04886674714720485,size-conflict_swap-class_small_standard_large-elephant-S100-V190-class_span-to_large-t2,True,clear,Qwen/Qwen2.5-3B,qwen_qwen2_5_3b,class_span,small,conflict-class_small_standard_large-elephant-S100-V190-t2,,-8.598785738856488,-8.382656635997353,sibling_class,0.216129102859135,100,190
conflict_swap:t2,-7.970565674480954,-8.431523383144558,human,100,elephant,class_small_standard_large,conflict-class_small_standard_large-elephant-S100-V190-t2,class_donor,large,conflict_swap,True,0.9421000619100894,bias_corrected,large,0.2087580298885623,-0.7333420320215271,size-conflict_swap-class_small_standard_large-elephant-S100-V190-class_span-to_large-t2,True,clear,Qwen/Qwen2.5-3B,qwen_qwen2_5_3b,class_span,large,conflict-class_small_standard_large-elephant-S100-V190-t2,,-7.761807644592392,-9.164865415166085,sibling_standard,1.4030577705736933,100,190
conflict_swap:t2,-7.970565674480954,-8.431523383144558,elephant,200,elephant,class_small_standard_large,conflict-class_small_standard_large-elephant-S100-V190-t2,standard_donor,large,conflict_swap,False,1.3700212425404938,bias_corrected,large,0.2099938368166061,-1.1600274057238877,size-conflict_swap-class_small_standard_large-elephant-S100-V190-standard_span-to_small-t2,True,clear,Qwen/Qwen2.5-3B,qwen_qwen2_5_3b,standard_span,large,conflict-class_small_standard_large-elephant-S100-V190-t2,,-7.760571837664348,-9.591550788868446,base,1.8309789512040977,100,190
conflict_swap:t2,-7.970565674480954,-8.431523383144558,elephant,200,elephant,class_small_standard_large,conflict-class_small_standard_large-elephant-S100-V190-t2,standard_donor,small,conflict_swap,False,0.6770868115227389,bias_corrected,small,-0.628220064375534,0.04886674714720485,size-conflict_swap-class_small_standard_large-elephant-S100-V190-standard_span-to_small-t2,True,clear,Qwen/Qwen2.5-3B,qwen_qwen2_5_3b,standard_span,small,conflict-class_small_standard_large-elephant-S100-V190-t2,,-8.598785738856488,-8.382656635997353,cf,0.216129102859135,100,190
conflict_swap:t2,-7.970565674480954,-8.431523383144558,elephant,200,elephant,class_small_standard_large,conflict-class_small_standard_large-elephant-S100-V190-t2,standard_donor,small,conflict_swap,True,0.6770868115227389,bias_corrected,small,-0.628220064375534,0.04886674714720485,size-conflict_swap-class_small_standard_large-elephant-S100-V190-standard_span-to_small-t2,True,clear,Qwen/Qwen2.5-3B,qwen_qwen2_5_3b,standard_span,small,conflict-class_small_standard_large-elephant-S100-V190-t2,,-8.598785738856488,-8.382656635997353,sibling_class,0.216129102859135,100,190
conflict_swap:t2,-7.970565674480954,-8.431523383144558,elephant,200,elephant,class_small_standard_large,conflict-class_small_standard_large-elephant-S100-V190-t2,standard_donor,large,conflict_swap,True,0.9421000619100894,bias_corrected,large,0.2087580298885623,-0.7333420320215271,size-conflict_swap-class_small_standard_large-elephant-S100-V190-standard_span-to_small-t2,True,clear,Qwen/Qwen2.5-3B,qwen_qwen2_5_3b,standard_span,large,conflict-class_small_standard_large-elephant-S100-V190-t2,,-7.761807644592392,-9.164865415166085,sibling_standard,1.4030577705736933,100,190
conflict_swap:t2,-7.970565674480954,-8.431523383144558,elephant,200,human,class_large_standard_small,conflict-class_large_standard_small-human-S200-V190-t2,class_donor,large,conflict_swap,False,-0.7127926319706699,bias_corrected,small,-0.25473466230165354,0.45805796966901635,size-conflict_swap-class_large_standard_small-human-S200-V190-class_span-to_small-t2,True,borderline,Qwen/Qwen2.5-3B,qwen_qwen2_5_3b,class_span,small,conflict-class_large_standard_small-human-S200-V190-t2,,-8.225300336782608,-7.973465413475542,base,-0.251834923307066,200,190
conflict_swap:t2,-7.970565674480954,-8.431523383144558,elephant,200,human,class_large_standard_small,conflict-class_large_standard_small-human-S200-V190-t2,class_donor,small,conflict_swap,False,0.6770868115227389,bias_corrected,small,-0.628220064375534,0.04886674714720485,size-conflict_swap-class_large_standard_small-human-S200-V190-class_span-to_small-t2,True,borderline,Qwen/Qwen2.5-3B,qwen_qwen2_5_3b,class_span,small,conflict-class_large_standard_small-human-S200-V190-t2,,-8.598785738856488,-8.382656635997353,cf,0.216129102859135,200,190
conflict_swap:t2,-7.970565674480954,-8.431523383144558,elephant,200,human,class_large_standard_small,conflict-class_large_standard_small-human-S200-V190-t2,class_donor,large,conflict_swap,True,0.9421000619100894,bias_corrected,large,0.2087580298885623,-0.7333420320215271,size-conflict_swap-class_large_standard_small-human-S200-V190-class_span-to_small-t2,True,borderline,Qwen/Qwen2.5-3B,qwen_qwen2_5_3b,class_span,large,conflict-class_large_standard_small-human-S200-V190-t2,,-7.761807644592392,-9.164865415166085,sibling_class,1.4030577705736933,200,190
conflict_swap:t2,-7.970565674480954,-8.431523383144558,elephant,200,human,class_large_standard_small,conflict-class_large_standard_small-human-S200-V190-t2,class_donor,small,conflict_swap,True,0.6770868115227389,bias_corrected,small,-0.628220064375534,0.04886674714720485,size-conflict_swap-class_large_standard_small-human-S200-V190-class_span-to_small-t2,True,borderline,Qwen/Qwen2.5-3B,qwen_qwen2_5_3b,class_span,small,conflict-class_large_standard_small-human-S200-V190-t2,,-8.598785738856488,-8.382656635997353,sibling_standard,0.216129102859135,200,190
conflict_swap:t2,-7.970565674480954,-8.431523383144558,human,100,human,class_large_standard_small,conflict-class_large_standard_small-human-S200-V190-t2,standard_donor,small,conflict_swap,False,0.7127926319706699,bias_corrected,small,-0.25473466230165354,0.45805796966901635,size-conflict_swap-class_large_standard_small-human-S200-V190-standard_span-to_large-t2,True,borderline,Qwen/Qwen2.5-3B,qwen_qwen2_5_3b,standard_span,small,conflict-class_large_standard_small-human-S200-V190-t2,,-8.225300336782608,-7.973465413475542,base,0.251834923307066,200,190
conflict_swap:t2,-7.970565674480954,-8.431523383144558,human,100,human,class_large_standard_small,conflict-class_large_standard_small-human-S200-V190-t2,standard_donor,large,conflict_swap,False,0.9421000619100894,bias_corrected,large,0.2087580298885623,-0.7333420320215271,size-conflict_swap-class_large_standard_small-human-S200-V190-standard_span-to_large-t2,True,borderline,Qwen/Qwen2.5-3B,qwen_qwen2_5_3b,standard_span,large,conflict-class_large_standard_small-human-S200-V190-t2,,-7.761807644592392,-9.164865415166085,cf,1.4030577705736933,200,190
conflict_swap:t2,-7.970565674480954,-8.431523383144558,human,100,human,class_large_standard_small,conflict-class_large_standard_small-human-S200-V190-t2,standard_donor,large,conflict_swap,True,0.9421000619100894,bias_corrected,large,0.2087580298885623,-0.7333420320215271,size-conflict_swap-class_large_standard_small-human-S200-V190-standard_span-to_large-t2,True,borderline,Qwen/Qwen2.5-3B,qwen_qwen2_5_3b,standard_span,large,conflict-class_large_standard_small-human-S200-V190-t2,,-7.761807644592392,-9.164865415166085,sibling_class,1.4030577705736933,200,190
conflict_swap:t2,-7.970565674480954,-8.431523383144558,human,100,human,class_large_standard_small,conflict-class_large_standard_small-human-S200-V190-t2,standard_donor,small,conflict_swap,True,0.6770868115227389,bias_corrected,small,-0.628220064375534,0.04886674714720485,size-conflict_swap-class_large_standard_small-human-S200-V190-standard_span-to_large-t2,True,borderline,Qwen/Qwen2.5-3B,qwen_qwen2_5_3b,standard_span,small,conflict-class_large_standard_small-human-S200-V190-t2,,-8.598785738856488,-8.382656635997353,sibling_standard,0.216129102859135,200,190
conflict_swap:t2,-7.970565674480954,-8.431523383144558,human,100,elephant,class_small_standard_large,conflict-class_small_standard_large-elephant-S100-V207-t2,class_donor,small,conflict_swap,False,-1.2911953856884333,bias_corrected,large,0.08717146119579322,-1.20402392449264,size-conflict_swap-class_small_standard_large-elephant-S100-V207-class_span-to_large-t2,True,clear,Qwen/Qwen2.5-3B,qwen_qwen2_5_3b,class_span,large,conflict-class_small_standard_large-elephant-S100-V207-t2,,-7.883394213285161,-9.635547307637198,base,-1.7521530943520371,100,207
conflict_swap:t2,-7.970565674480954,-8.431523383144558,human,100,elephant,class_small_standard_large,conflict-class_small_standard_large-elephant-S100-V207-t2,class_donor,large,conflict_swap,False,0.9547679054283558,bias_corrected,large,0.06899696567615354,-0.8857709397522022,size-conflict_swap-class_small_standard_large-elephant-S100-V207-class_span-to_large-t2,True,clear,Qwen/Qwen2.5-3B,qwen_qwen2_5_3b,class_span,large,conflict-class_small_standard_large-elephant-S100-V207-t2,,-7.901568708804801,-9.31729432289676,cf,1.4157256140919596,100,207
conflict_swap:t2,-7.970565674480954,-8.431523383144558,human,100,elephant,class_small_standard_large,conflict-class_small_standard_large-elephant-S100-V207-t2,class_donor,small,conflict_swap,True,0.5026212825433367,bias_corrected,small,-0.8649529743459992,-0.36233169180266245,size-conflict_swap-class_small_standard_large-elephant-S100-V207-class_span-to_large-t2,True,clear,Qwen/Qwen2.5-3B,qwen_qwen2_5_3b,class_span,small,conflict-class_small_standard_large-elephant-S100-V207-t2,,-8.835518648826953,-8.79385507494722,sibling_class,0.04166357387973285,100,207
conflict_swap:t2,-7.970565674480954,-8.431523383144558,human,100,elephant,class_small_standard_large,conflict-class_small_standard_large-elephant-S100-V207-t2,class_donor,large,conflict_swap,True,0.9547679054283558,bias_corrected,large,0.06899696567615354,-0.8857709397522022,size-conflict_swap-class_small_standard_large-elephant-S100-V207-class_span-to_large-t2,True,clear,Qwen/Qwen2.5-3B,qwen_qwen2_5_3b,class_span,large,conflict-class_small_standard_large-elephant-S100-V207-t2,,-7.901568708804801,-9.31729432289676,sibling_standard,1.4157256140919596,100,207
conflict_swap:t2,-7.970565674480954,-8.431523383144558,elephant,900,elephant,class_small_standard_large,conflict-class_small_standard_large-elephant-S100-V207-t2,standard_donor,large,conflict_swap,False,1.2911953856884333,bias_corrected,large,0.08717146119579322,-1.20402392449264,size-conflict_swap-class_small_standard_large-elephant-S100-V207-standard_span-to_small-t2,True,clear,Qwen/Qwen2.5-3B,qwen_qwen2_5_3b,standard_span,large,conflict-class_small_standard_large-elephant-S100-V207-t2,,-7.883394213285161,-9.635547307637198,base,1.7521530943520371,100,207
conflict_swap:t2,-7.970565674480954,-8.431523383144558,elephant,900,elephant,class_small_standard_large,conflict-class_small_standard_large-elephant-S100-V207-t2,standard_donor,small,conflict_swap,False,0.5026212825433367,bias_corrected,small,-0.8649529743459992,-0.36233169180266245,size-conflict_swap-class_small_standard_large-elephant-S100-V207-standard_span-to_small-t2,True,clear,Qwen/Qwen2.5-3B,qwen_qwen2_5_3b,standard_span,small,conflict-class_small_standard_large-elephant-S100-V207-t2,,-8.835518648826953,-8.79385507494722,cf,0.04166357387973285,100,207
conflict_swap:t2,-7.970565674480954,-8.431523383144558,elephant,900,elephant,class_small_standard_large,conflict-class_small_standard_large-elephant-S100-V207-t2,standard_donor,small,conflict_swap,True,0.5026212825433367,bias_corrected,small,-0.8649529743459992,-0.36233169180266245,size-conflict_swap-class_small_standard_large-elephant-S100-V207-standard_span-to_small-t2,True,clear,Qwen/Qwen2.5-3B,qwen_qwen2_5_3b,standard_span,small,conflict-class_small_standard_large-elephant-S100-V207-t2,,-8.835518648826953,-8.79385507494722,sibling_class,0.04166357387973285,100,207
conflict_swap:t2,-7.970565674480954,-8.431523383144558,elephant,900,elephant,class_small_standard_large,conflict-class_small_standard_large-elephant-S100-V207-t2,standard_donor,large,conflict_swap,True,0.9547679054283558,bias_corrected,large,0.06899696567615354,-0.8857709397522022,size-conflict_swap-class_small_standard_large-elephant-S100-V207-standard_span-to_small-t2,True,clear,Qwen/Qwen2.5-3B,qwen_qwen2_5_3b,standard_span,large,conflict-class_small_standard_large-elephant-S100-V207-t2,,-7.901568708804801,-9.31729432289676,sibling_standard,1.4157256140919596,100,207
conflict_swap:t2,-7.970565674480954,-8.431523383144558,elephant,900,human,class_large_standard_small,conflict-class_large_standard_small-human-S900-V207-t2,class_donor,large,conflict_swap,False,-0.8859954164508599,bias_corrected,small,-0.7722262235501374,0.11376919290072252,size-conflict_swap-class_large_standard_small-human-S900-V207-class_span-to_small-t2,True,clear,Qwen/Qwen2.5-3B,qwen_qwen2_5_3b,class_span,small,conflict-class_large_standard_small-human-S900-V207-t2,,-8.742791898031092,-8.317754190243836,base,-0.425037707787256,900,207
conflict_swap:t2,-7.970565674480954,-8.431523383144558,elephant,900,human,class_large_standard_small,conflict-class_large_standard_small-human-S900-V207-t2,class_donor,small,conflict_swap,False,0.5026212825433367,bias_corrected,small,-0.8649529743459992,-0.36233169180266245,size-conflict_swap-class_large_standard_small-human-S900-V207-class_span-to_small-t2,True,clear,Qwen/Qwen2.5-3B,qwen_qwen2_5_3b,class_span,small,conflict-class_large_standard_small-human-S900-V207-t2,,-8.835518648826953,-8.79385507494722,cf,0.04166357387973285,900,207
conflict_swap:t2,-7.970565674480954,-8.431523383144558,elephant,900,human,class_large_standard_small,conflict-class_large_standard_small-human-S900-V207-t2,class_donor,large,conflict_swap,True,0.9547679054283558,bias_corrected,large,0.06899696567615354,-0.8857709397522022,size-conflict_swap-class_large_standard_small-human-S900-V207-class_span-to_small-t2,True,clear,Qwen/Qwen2.5-3B,qwen_qwen2_5_3b,class_span,large,conflict-class_large_standard_small-human-S900-V207-t2,,-7.901568708804801,-9.31729432289676,sibling_class,1.4157256140919596,900,207
conflict_swap:t2,-7.970565674480954,-8.431523383144558,elephant,900,human,class_large_standard_small,conflict-class_large_standard_small-human-S900-V207-t2,class_donor,small,conflict_swap,True,0.5026212825433367,bias_corrected,small,-0.8649529743459992,-0.36233169180266245,size-conflict_swap-class_large_standard_small-human-S900-V207-class_span-to_small-t2,True,clear,Qwen/Qwen2.5-3B,qwen_qwen2_5_3b,class_span,small,conflict-class_large_standard_small-human-S900-V207-t2,,-8.835518648826953,-8.79385507494722,sibling_standard,0.04166357387973285,900,207
conflict_swap:t2,-7.970565674480954,-8.431523383144558,human,100,human,class_large_standard_small,conflict-class_large_standard_small-human-S900-V207-t2,standard_donor,small,conflict_swap,False,0.8859954164508599,bias_corrected,small,-0.7722262235501374,0.11376919290072252,size-conflict_swap-class_large_standard_small-human-S900-V207-standard_span-to_large-t2,True,clear,Qwen/Qwen2.5-3B,qwen_qwen2_5_3b,standard_span,small,conflict-class_large_standard_small-human-S900-V207-t2,,-8.742791898031092,-8.317754190243836,base,0.425037707787256,900,207
conflict_swap:t2,-7.970565674480954,-8.431523383144558,human,100,human,class_large_standard_small,conflict-class_large_standard_small-human-S900-V207-t2,standard_donor,large,conflict_swap,False,0.9547679054283558,bias_corrected,large,0.06899696567615354,-0.8857709397522022,size-conflict_swap-class_large_standard_small-human-S900-V207-standard_span-to_large-t2,True,clear,Qwen/Qwen2.5-3B,qwen_qwen2_5_3b,standard_span,large,conflict-class_large_standard_small-human-S900-V207-t2,,-7.901568708804801,-9.31729432289676,cf,1.4157256140919596,900,207
conflict_swap:t2,-7.970565674480954,-8.431523383144558,human,100,human,class_large_standard_small,conflict-class_large_standard_small-human-S900-V207-t2,standard_donor,large,conflict_swap,True,0.9547679054283558,bias_corrected,large,0.06899696567615354,-0.8857709397522022,size-conflict_swap-class_large_standard_small-human-S900-V207-standard_span-to_large-t2,True,clear,Qwen/Qwen2.5-3B,qwen_qwen2_5_3b,standard_span,large,conflict-class_large_standard_small-human-S900-V207-t2,,-7.901568708804801,-9.31729432289676,sibling_class,1.4157256140919596,900,207
conflict_swap:t2,-7.970565674480954,-8.431523383144558,human,100,human,class_large_standard_small,conflict-class_large_standard_small-human-S900-V207-t2,standard_donor,small,conflict_swap,True,0.5026212825433367,bias_corrected,small,-0.8649529743459992,-0.36233169180266245,size-conflict_swap-class_large_standard_small-human-S900-V207-standard_span-to_large-t2,True,clear,Qwen/Qwen2.5-3B,qwen_qwen2_5_3b,standard_span,small,conflict-class_large_standard_small-human-S900-V207-t2,,-8.835518648826953,-8.79385507494722,sibling_standard,0.04166357387973285,900,207
conflict_swap:t2,-7.970565674480954,-8.431523383144558,human,100,elephant,class_small_standard_large,conflict-class_small_standard_large-elephant-S100-V226-t2,class_donor,small,conflict_swap,False,-1.2208394478737903,bias_corrected,large,0.1479942203900615,-1.0728452274837288,size-conflict_swap-class_small_standard_large-elephant-S100-V226-class_span-to_large-t2,True,clear,Qwen/Qwen2.5-3B,qwen_qwen2_5_3b,class_span,large,conflict-class_small_standard_large-elephant-S100-V226-t2,,-7.822571454090893,-9.504368610628287,base,-1.6817971565373941,100,226
conflict_swap:t2,-7.970565674480954,-8.431523383144558,human,100,elephant,class_small_standard_large,conflict-class_small_standard_large-elephant-S100-V226-t2,class_donor,large,conflict_swap,False,0.8782145569754833,bias_corrected,large,0.10454672965535661,-0.7736678273201267,size-conflict_swap-class_small_standard_large-elephant-S100-V226-class_span-to_large-t2,True,clear,Qwen/Qwen2.5-3B,qwen_qwen2_5_3b,class_span,large,conflict-class_small_standard_large-elephant-S100-V226-t2,,-7.866018944825598,-9.205191210464685,cf,1.3391722656390872,100,226
conflict_swap:t2,-7.970565674480954,-8.431523383144558,human,100,elephant,class_small_standard_large,conflict-class_small_standard_large-elephant-S100-V226-t2,class_donor,small,conflict_swap,True,0.44301801256815754,bias_corrected,small,-0.8169898319509796,-0.3739718193828221,size-conflict_swap-class_small_standard_large-elephant-S100-V226-class_span-to_large-t2,True,clear,Qwen/Qwen2.5-3B,qwen_qwen2_5_3b,class_span,large,conflict-class_small_standard_large-elephant-S100-V226-t2,,-8.787555506431934,-8.80549520252738,sibling_class,-0.017939696095446322,100,226
conflict_swap:t2,-7.970565674480954,-8.431523383144558,human,100,elephant,class_small_standard_large,conflict-class_small_standard_large-elephant-S100-V226-t2,class_donor,large,conflict_swap,True,0.8782145569754833,bias_corrected,large,0.10454672965535661,-0.7736678273201267,size-conflict_swap-class_small_standard_large-elephant-S100-V226-class_span-to_large-t2,True,clear,Qwen/Qwen2.5-3B,qwen_qwen2_5_3b,class_span,large,conflict-class_small_standard_large-elephant-S100-V226-t2,,-7.866018944825598,-9.205191210464685,sibling_standard,1.3391722656390872,100,226
conflict_swap:t2,-7.970565674480954,-8.431523383144558,elephant,900,elephant,class_small_standard_large,conflict-class_small_standard_large-elephant-S100-V226-t2,standard_donor,large,conflict_swap,False,1.2208394478737903,bias_corrected,large,0.1479942203900615,-1.0728452274837288,size-conflict_swap-class_small_standard_large-elephant-S100-V226-standard_span-to_small-t2,True,clear,Qwen/Qwen2.5-3B,qwen_qwen2_5_3b,standard_span,large,conflict-class_small_standard_large-elephant-S100-V226-t2,,-7.822571454090893,-9.504368610628287,base,1.6817971565373941,100,226
conflict_swap:t2,-7.970565674480954,-8.431523383144558,elephant,900,elephant,class_small_standard_large,conflict-class_small_standard_large-elephant-S100-V226-t2,standard_donor,small,conflict_swap,False,0.44301801256815754,bias_corrected,small,-0.8169898319509796,-0.3739718193828221,size-conflict_swap-class_small_standard_large-elephant-S100-V226-standard_span-to_small-t2,True,clear,Qwen/Qwen2.5-3B,qwen_qwen2_5_3b,standard_span,large,conflict-class_small_standard_large-elephant-S100-V226-t2,,-8.787555506431934,-8.80549520252738,cf,-0.017939696095446322,100,226
conflict_swap:t2,-7.970565674480954,-8.431523383144558,elephant,900,elephant,class_small_standard_large,conflict-class_small_standard_large-elephant-S100-V226-t2,standard_donor,small,conflict_swap,True,0.44301801256815754,bias_corrected,small,-0.8169898319509796,-0.3739718193828221,size-conflict_swap-class_small_standard_large-elephant-S100-V226-standard_span-to_small-t2,True,clear,Qwen/Qwen2.5-3B,qwen_qwen2_5_3b,standard_span,large,conflict-class_small_standard_large-elephant-S100-V226-t2,,-8.787555506431934,-8.80549520252738,sibling_class,-0.017939696095446322,100,226
conflict_swap:t2,-7.970565674480954,-8.431523383144558,elephant,900,elephant,class_small_standard_large,conflict-class_small_standard_large-elephant-S100-V226-t2,standard_donor,large,conflict_swap,True,0.8782145569754833,bias_corrected,large,0.10454672965535661,-0.7736678273201267,size-conflict_swap-class_small_standard_large-elephant-S100-V226-standard_span-to_small-t2,True,clear,Qwen/Qwen2.5-3B,qwen_qwen2_5_3b,standard_span,large,conflict-class_small_standard_large-elephant-S100-V226-t2,,-7.866018944825598,-9.205191210464685,sibling_standard,1.3391722656390872,100,226
conflict_swap:t2,-7.970565674480954,-8.431523383144558,elephant,900,human,class_large_standard_small,conflict-class_large_standard_small-human-S900-V226-t2,class_donor,large,conflict_swap,False,-0.8643047214437862,bias_corrected,small,-0.7491549344876374,0.11514978695614886,size-conflict_swap-class_large_standard_small-human-S900-V226-class_span-to_small-t2,True,clear,Qwen/Qwen2.5-3B,qwen_qwen2_5_3b,class_span,small,conflict-class_large_standard_small-human-S900-V226-t2,,-8.719720608968592,-8.31637359618841,base,-0.40334701278018237,900,226
conflict_swap:t2,-7.970565674480954,-8.431523383144558,elephant,900,human,class_large_standard_small,conflict-class_large_standard_small-human-S900-V226-t2,class_donor,small,conflict_swap,False,0.44301801256815754,bias_corrected,small,-0.8169898319509796,-0.3739718193828221,size-conflict_swap-class_large_standard_small-human-S900-V226-class_span-to_small-t2,True,clear,Qwen/Qwen2.5-3B,qwen_qwen2_5_3b,class_span,large,conflict-class_large_standard_small-human-S900-V226-t2,,-8.787555506431934,-8.80549520252738,cf,-0.017939696095446322,900,226
conflict_swap:t2,-7.970565674480954,-8.431523383144558,elephant,900,human,class_large_standard_small,conflict-class_large_standard_small-human-S900-V226-t2,class_donor,large,conflict_swap,True,0.8782145569754833,bias_corrected,large,0.10454672965535661,-0.7736678273201267,size-conflict_swap-class_large_standard_small-human-S900-V226-class_span-to_small-t2,True,clear,Qwen/Qwen2.5-3B,qwen_qwen2_5_3b,class_span,large,conflict-class_large_standard_small-human-S900-V226-t2,,-7.866018944825598,-9.205191210464685,sibling_class,1.3391722656390872,900,226
conflict_swap:t2,-7.970565674480954,-8.431523383144558,elephant,900,human,class_large_standard_small,conflict-class_large_standard_small-human-S900-V226-t2,class_donor,small,conflict_swap,True,0.44301801256815754,bias_corrected,small,-0.8169898319509796,-0.3739718193828221,size-conflict_swap-class_large_standard_small-human-S900-V226-class_span-to_small-t2,True,clear,Qwen/Qwen2.5-3B,qwen_qwen2_5_3b,class_span,large,conflict-class_large_standard_small-human-S900-V226-t2,,-8.787555506431934,-8.80549520252738,sibling_standard,-0.017939696095446322,900,226
conflict_swap:t2,-7.970565674480954,-8.431523383144558,human,100,human,class_large_standard_small,conflict-class_large_standard_small-human-S900-V226-t2,standard_donor,small,conflict_swap,False,0.8643047214437862,bias_corrected,small,-0.7491549344876374,0.11514978695614886,size-conflict_swap-class_large_standard_small-human-S900-V226-standard_span-to_large-t2,True,clear,Qwen/Qwen2.5-3B,qwen_qwen2_5_3b,standard_span,small,conflict-class_large_standard_small-human-S900-V226-t2,,-8.719720608968592,-8.31637359618841,base,0.40334701278018237,900,226
conflict_swap:t2,-7.970565674480954,-8.431523383144558,human,100,human,class_large_standard_small,conflict-class_large_standard_small-human-S900-V226-t2,standard_donor,large,conflict_swap,False,0.8782145569754833,bias_corrected,large,0.10454672965535661,-0.7736678273201267,size-conflict_swap-class_large_standard_small-human-S900-V226-standard_span-to_large-t2,True,clear,Qwen/Qwen2.5-3B,qwen_qwen2_5_3b,standard_span,large,conflict-class_large_standard_small-human-S900-V226-t2,,-7.866018944825598,-9.205191210464685,cf,1.3391722656390872,900,226
conflict_swap:t2,-7.970565674480954,-8.431523383144558,human,100,human,class_large_standard_small,conflict-class_large_standard_small-human-S900-V226-t2,standard_donor,large,conflict_swap,True,0.8782145569754833,bias_corrected,large,0.10454672965535661,-0.7736678273201267,size-conflict_swap-class_large_standard_small-human-S900-V226-standard_span-to_large-t2,True,clear,Qwen/Qwen2.5-3B,qwen_qwen2_5_3b,standard_span,large,conflict-class_large_standard_small-human-S900-V226-t2,,-7.866018944825598,-9.205191210464685,sibling_class,1.3391722656390872,900,226
conflict_swap:t2,-7.970565674480954,-8.431523383144558,human,100,human,class_large_standard_small,conflict-class_large_standard_small-human-S900-V226-t2,standard_donor,small,conflict_swap,True,0.44301801256815754,bias_corrected,small,-0.8169898319509796,-0.3739718193828221,size-conflict_swap-class_large_standard_small-human-S900-V226-standard_span-to_large-t2,True,clear,Qwen/Qwen2.5-3B,qwen_qwen2_5_3b,standard_span,large,conflict-class_large_standard_small-human-S900-V226-t2,,-8.787555506431934,-8.80549520252738,sibling_standard,-0.017939696095446322,900,226
conflict_swap:t2,-7.970565674480954,-8.431523383144558,human,100,elephant,class_small_standard_large,conflict-class_small_standard_large-elephant-S100-V246-t2,class_donor,small,conflict_swap,False,-1.0802935276868926,bias_corrected,large,0.007085425946876001,-1.0732081017400166,size-conflict_swap-class_small_standard_large-elephant-S100-V246-class_span-to_large-t2,True,clear,Qwen/Qwen2.5-3B,qwen_qwen2_5_3b,class_span,large,conflict-class_small_standard_large-elephant-S100-V246-t2,,-7.963480248534078,-9.504731484884575,base,-1.5412512363504964,100,246
conflict_swap:t2,-7.970565674480954,-8.431523383144558,human,100,elephant,class_small_standard_large,conflict-class_small_standard_large-elephant-S100-V246-t2,class_donor,large,conflict_swap,False,0.7484708891164233,bias_corrected,large,0.038939678001889355,-0.709531211114534,size-conflict_swap-class_small_standard_large-elephant-S100-V246-class_span-to_large-t2,True,clear,Qwen/Qwen2.5-3B,qwen_qwen2_5_3b,class_span,large,conflict-class_small_standard_large-elephant-S100-V246-t2,,-7.931625996479065,-9.141054594259092,cf,1.2094285977800272,100,246
conflict_swap:t2,-7.970565674480954,-8.431523383144558,human,100,elephant,class_small_standard_large,conflict-class_small_standard_large-elephant-S100-V246-t2,class_donor,small,conflict_swap,True,0.44594190165791137,bias_corrected,small,-0.8617016522006482,-0.41575975054273684,size-conflict_swap-class_small_standard_large-elephant-S100-V246-class_span-to_large-t2,True,clear,Qwen/Qwen2.5-3B,qwen_qwen2_5_3b,class_span,large,conflict-class_small_standard_large-elephant-S100-V246-t2,,-8.832267326681603,-8.847283133687295,sibling_class,-0.015015807005692494,100,246
conflict_swap:t2,-7.970565674480954,-8.431523383144558,human,100,elephant,class_small_standard_large,conflict-class_small_standard_large-elephant-S100-V246-t2,class_donor,large,conflict_swap,True,0.7484708891164233,bias_corrected,large,0.038939678001889355,-0.709531211114534,size-conflict_swap-class_small_standard_large-elephant-S100-V246-class_span-to_large-t2,True,clear,Qwen/Qwen2.5-3B,qwen_qwen2_5_3b,class_span,large,conflict-class_small_standard_large-elephant-S100-V246-t2,,-7.931625996479065,-9.141054594259092,sibling_standard,1.2094285977800272,100,246
conflict_swap:t2,-7.970565674480954,-8.431523383144558,elephant,900,elephant,class_small_standard_large,conflict-class_small_standard_large-elephant-S100-V246-t2,standard_donor,large,conflict_swap,False,1.0802935276868926,bias_corrected,large,0.007085425946876001,-1.0732081017400166,size-conflict_swap-class_small_standard_large-elephant-S100-V246-standard_span-to_small-t2,True,clear,Qwen/Qwen2.5-3B,qwen_qwen2_5_3b,standard_span,large,conflict-class_small_standard_large-elephant-S100-V246-t2,,-7.963480248534078,-9.504731484884575,base,1.5412512363504964,100,246
conflict_swap:t2,-7.970565674480954,-8.431523383144558,elephant,900,elephant,class_small_standard_large,conflict-class_small_standard_large-elephant-S100-V246-t2,standard_donor,small,conflict_swap,False,0.44594190165791137,bias_corrected,small,-0.8617016522006482,-0.41575975054273684,size-conflict_swap-class_small_standard_large-elephant-S100-V246-standard_span-to_small-t2,True,clear,Qwen/Qwen2.5-3B,qwen_qwen2_5_3b,standard_span,large,conflict-class_small_standard_large-elephant-S100-V246-t2,,-8.832267326681603,-8.847283133687295,cf,-0.015015807005692494,100,246
conflict_swap:t2,-7.970565674480954,-8.431523383144558,elephant,900,elephant,class_small_standard_large,conflict-class_small_standard_large-elephant-S100-V246-t2,standard_donor,small,conflict_swap,True,0.44594190165791137,bias_corrected,small,-0.8617016522006482,-0.41575975054273684,size-conflict_swap-class_small_standard_large-elephant-S100-V246-standard_span-to_small-t2,True,clear,Qwen/Qwen2.5-3B,qwen_qwen2_5_3b,standard_span,large,conflict-class_small_standard_large-elephant-S100-V246-t2,,-8.832267326681603,-8.847283133687295,sibling_class,-0.015015807005692494,100,246
conflict_swap:t2,-7.970565674480954,-8.431523383144558,elephant,900,elephant,class_small_standard_large,conflict-class_small_standard_large-elephant-S100-V246-t2,standard_donor,large,conflict_swap,True,0.7484708891164233,bias_corrected,large,0.038939678001889355,-0.709531211114534,size-conflict_swap-class_small_standard_large-elephant-S100-V246-standard_span-to_small-t2,True,clear,Qwen/Qwen2.5-3B,qwen_qwen2_5_3b,standard_span,large,conflict-class_small_standard_large-elephant-S100-V246-t2,,-7.931625996479065,-9.141054594259092,sibling_standard,1.2094285977800272,100,246
conflict_swap:t2,-7.970565674480954,-8.431523383144558,elephant,900,human,class_large_standard_small,conflict-class_large_standard_small-human-S900-V246-t2,class_donor,large,conflict_swap,False,-0.8484021765183956,bias_corrected,small,-0.7900118127331899,0.05839036378520568,size-conflict_swap-class_large_standard_small-human-S900-V246-class_span-to_small-t2,True,clear,Qwen/Qwen2.5-3B,qwen_qwen2_5_3b,class_span,small,conflict-class_large_standard_small-human-S900-V246-t2,,-8.760577487214144,-8.373133019359353,base,-0.3874444678547917,900,246
conflict_swap:t2,-7.970565674480954,-8.431523383144558,elephant,900,human,class_large_standard_small,conflict-class_large_standard_small-human-S900-V246-t2,class_donor,small,conflict_swap,False,0.44594190165791137,bias_corrected,small,-0.8617016522006482,-0.41575975054273684,size-conflict_swap-class_large_standard_small-human-S900-V246-class_span-to_small-t2,True,clear,Qwen/Qwen2.5-3B,qwen_qwen2_5_3b,class_span,large,conflict-class_large_standard_small-human-S900-V246-t2,,-8.832267326681603,-8.847283133687295,cf,-0.015015807005692494,900,246
conflict_swap:t2,-7.970565674480954,-8.431523383144558,elephant,900,human,class_large_standard_small,conflict-class_large_standard_small-human-S900-V246-t2,class_donor,large,conflict_swap,True,0.7484708891164233,bias_corrected,large,0.038939678001889355,-0.709531211114534,size-conflict_swap-class_large_standard_small-human-S900-V246-class_span-to_small-t2,True,clear,Qwen/Qwen2.5-3B,qwen_qwen2_5_3b,class_span,large,conflict-class_large_standard_small-human-S900-V246-t2,,-7.931625996479065,-9.141054594259092,sibling_class,1.2094285977800272,900,246
conflict_swap:t2,-7.970565674480954,-8.431523383144558,elephant,900,human,class_large_standard_small,conflict-class_large_standard_small-human-S900-V246-t2,class_donor,small,conflict_swap,True,0.44594190165791137,bias_corrected,small,-0.8617016522006482,-0.41575975054273684,size-conflict_swap-class_large_standard_small-human-S900-V246-class_span-to_small-t2,True,clear,Qwen/Qwen2.5-3B,qwen_qwen2_5_3b,class_span,large,conflict-class_large_standard_small-human-S900-V246-t2,,-8.832267326681603,-8.847283133687295,sibling_standard,-0.015015807005692494,900,246
conflict_swap:t2,-7.970565674480954,-8.431523383144558,human,100,human,class_large_standard_small,conflict-class_large_standard_small-human-S900-V246-t2,standard_donor,small,conflict_swap,False,0.8484021765183956,bias_corrected,small,-0.7900118127331899,0.05839036378520568,size-conflict_swap-class_large_standard_small-human-S900-V246-standard_span-to_large-t2,True,clear,Qwen/Qwen2.5-3B,qwen_qwen2_5_3b,standard_span,small,conflict-class_large_standard_small-human-S900-V246-t2,,-8.760577487214144,-8.373133019359353,base,0.3874444678547917,900,246
conflict_swap:t2,-7.970565674480954,-8.431523383144558,human,100,human,class_large_standard_small,conflict-class_large_standard_small-human-S900-V246-t2,standard_donor,large,conflict_swap,False,0.7484708891164233,bias_corrected,large,0.038939678001889355,-0.709531211114534,size-conflict_swap-class_large_standard_small-human-S900-V246-standard_span-to_large-t2,True,clear,Qwen/Qwen2.5-3B,qwen_qwen2_5_3b,standard_span,large,conflict-class_large_standard_small-human-S900-V246-t2,,-7.931625996479065,-9.141054594259092,cf,1.2094285977800272,900,246
conflict_swap:t2,-7.970565674480954,-8.431523383144558,human,100,human,class_large_standard_small,conflict-class_large_standard_small-human-S900-V246-t2,standard_donor,large,conflict_swap,True,0.7484708891164233,bias_corrected,large,0.038939678001889355,-0.709531211114534,size-conflict_swap-class_large_standard_small-human-S900-V246-standard_span-to_large-t2,True,clear,Qwen/Qwen2.5-3B,qwen_qwen2_5_3b,standard_span,large,conflict-class_large_standard_small-human-S900-V246-t2,,-7.931625996479065,-9.141054594259092,sibling_class,1.2094285977800272,900,246
conflict_swap:t2,-7.970565674480954,-8.431523383144558,human,100,human,class_large_standard_small,conflict-class_large_standard_small-human-S900-V246-t2,standard_donor,small,conflict_swap,True,0.44594190165791137,bias_corrected,small,-0.8617016522006482,-0.41575975054273684,size-conflict_swap-class_large_standard_small-human-S900-V246-standard_span-to_large-t2,True,clear,Qwen/Qwen2.5-3B,qwen_qwen2_5_3b,standard_span,large,conflict-class_large_standard_small-human-S900-V246-t2,,-8.832267326681603,-8.847283133687295,sibling_standard,-0.015015807005692494,900,246
conflict_swap:t2,-7.970565674480954,-8.431523383144558,human,100,elephant,class_small_standard_large,conflict-class_small_standard_large-elephant-S100-V268-t2,class_donor,small,conflict_swap,False,-1.1748642624909786,bias_corrected,large,0.12642971539930326,-1.0484345470916754,size-conflict_swap-class_small_standard_large-elephant-S100-V268-class_span-to_large-t2,True,clear,Qwen/Qwen2.5-3B,qwen_qwen2_5_3b,class_span,large,conflict-class_small_standard_large-elephant-S100-V268-t2,,-7.844135959081651,-9.479957930236234,base,-1.6358219711545825,100,268
conflict_swap:t2,-7.970565674480954,-8.431523383144558,human,100,elephant,class_small_standard_large,conflict-class_small_standard_large-elephant-S100-V268-t2,class_donor,large,conflict_swap,False,0.842103529808897,bias_corrected,large,0.14405725184438545,-0.6980462779645116,size-conflict_swap-class_small_standard_large-elephant-S100-V268-class_span-to_large-t2,True,clear,Qwen/Qwen2.5-3B,qwen_qwen2_5_3b,class_span,large,conflict-class_small_standard_large-elephant-S100-V268-t2,,-7.826508422636569,-9.12956966110907,cf,1.3030612384725009,100,268
conflict_swap:t2,-7.970565674480954,-8.431523383144558,human,100,elephant,class_small_standard_large,conflict-class_small_standard_large-elephant-S100-V268-t2,class_donor,small,conflict_swap,True,0.4933355882197583,bias_corrected,small,-0.8208764022654256,-0.32754081404566726,size-conflict_swap-class_small_standard_large-elephant-S100-V268-class_span-to_large-t2,True,clear,Qwen/Qwen2.5-3B,qwen_qwen2_5_3b,class_span,small,conflict-class_small_standard_large-elephant-S100-V268-t2,,-8.79144207674638,-8.759064197190225,sibling_class,0.032377879556154454,100,268
conflict_swap:t2,-7.970565674480954,-8.431523383144558,human,100,elephant,class_small_standard_large,conflict-class_small_standard_large-elephant-S100-V268-t2,class_donor,large,conflict_swap,True,0.842103529808897,bias_corrected,large,0.14405725184438545,-0.6980462779645116,size-conflict_swap-class_small_standard_large-elephant-S100-V268-class_span-to_large-t2,True,clear,Qwen/Qwen2.5-3B,qwen_qwen2_5_3b,class_span,large,conflict-class_small_standard_large-elephant-S100-V268-t2,,-7.826508422636569,-9.12956966110907,sibling_standard,1.3030612384725009,100,268
conflict_swap:t2,-7.970565674480954,-8.431523383144558,elephant,900,elephant,class_small_standard_large,conflict-class_small_standard_large-elephant-S100-V268-t2,standard_donor,large,conflict_swap,False,1.1748642624909786,bias_corrected,large,0.12642971539930326,-1.0484345470916754,size-conflict_swap-class_small_standard_large-elephant-S100-V268-standard_span-to_small-t2,True,clear,Qwen/Qwen2.5-3B,qwen_qwen2_5_3b,standard_span,large,conflict-class_small_standard_large-elephant-S100-V268-t2,,-7.844135959081651,-9.479957930236234,base,1.6358219711545825,100,268
conflict_swap:t2,-7.970565674480954,-8.431523383144558,elephant,900,elephant,class_small_standard_large,conflict-class_small_standard_large-elephant-S100-V268-t2,standard_donor,small,conflict_swap,False,0.4933355882197583,bias_corrected,small,-0.8208764022654256,-0.32754081404566726,size-conflict_swap-class_small_standard_large-elephant-S100-V268-standard_span-to_small-t2,True,clear,Qwen/Qwen2.5-3B,qwen_qwen2_5_3b,standard_span,small,conflict-class_small_standard_large-elephant-S100-V268-t2,,-8.79144207674638,-8.759064197190225,cf,0.032377879556154454,100,268
conflict_swap:t2,-7.970565674480954,-8.431523383144558,elephant,900,elephant,class_small_standard_large,conflict-class_small_standard_large-elephant-S100-V268-t2,standard_donor,small,conflict_swap,True,0.4933355882197583,bias_corrected,small,-0.8208764022654256,-0.32754081404566726,size-conflict_swap-class_small_standard_large-elephant-S100-V268-standard_span-to_small-t2,True,clear,Qwen/Qwen2.5-3B,qwen_qwen2_5_3b,standard_span,small,conflict-class_small_standard_large-elephant-S100-V268-t2,,-8.79144207674638,-8.759064197190225,sibling_class,0.032377879556154454,100,268
conflict_swap:t2,-7.970565674480954,-8.431523383144558,elephant,900,elephant,class_small_standard_large,conflict-class_small_standard_large-elephant-S100-V268-t2,standard_donor,large,conflict_swap,True,0.842103529808897,bias_corrected,large,0.14405725184438545,-0.6980462779645116,size-conflict_swap-class_small_standard_large-elephant-S100-V268-standard_span-to_small-t2,True,clear,Qwen/Qwen2.5-3B,qwen_qwen2_5_3b,standard_span,large,conflict-class_small_standard_large-elephant-S100-V268-t2,,-7.826508422636569,-9.12956966110907,sibling_standard,1.3030612384725009,100,268
conflict_swap:t2,-7.970565674480954,-8.431523383144558,elephant,900,human,class_large_standard_small,conflict-class_large_standard_small-human-S900-V268-t2,class_donor,large,conflict_swap,False,-0.854274253279466,bias_corrected,small,-0.7138389840588717,0.14043526922059435,size-conflict_swap-class_large_standard_small-human-S900-V268-class_span-to_small-t2,True,clear,Qwen/Qwen2.5-3B,qwen_qwen2_5_3b,class_span,small,conflict-class_large_standard_small-human-S900-V268-t2,,-8.684404658539826,-8.291088113923964,base,-0.3933165446158622,900,268
conflict_swap:t2,-7.970565674480954,-8.431523383144558,elephant,900,human,class_large_standard_small,conflict-class_large_standard_small-human-S900-V268-t2,class_donor,small,conflict_swap,False,0.4933355882197583,bias_corrected,small,-0.8208764022654256,-0.32754081404566726,size-conflict_swap-class_large_standard_small-human-S900-V268-class_span-to_small-t2,True,clear,Qwen/Qwen2.5-3B,qwen_qwen2_5_3b,class_span,small,conflict-class_large_standard_small-human-S900-V268-t2,,-8.79144207674638,-8.759064197190225,cf,0.032377879556154454,900,268
conflict_swap:t2,-7.970565674480954,-8.431523383144558,elephant,900,human,class_large_standard_small,conflict-class_large_standard_small-human-S900-V268-t2,class_donor,large,conflict_swap,True,0.842103529808897,bias_corrected,large,0.14405725184438545,-0.6980462779645116,size-conflict_swap-class_large_standard_small-human-S900-V268-class_span-to_small-t2,True,clear,Qwen/Qwen2.5-3B,qwen_qwen2_5_3b,class_span,large,conflict-class_large_standard_small-human-S900-V268-t2,,-7.826508422636569,-9.12956966110907,sibling_class,1.3030612384725009,900,268
conflict_swap:t2,-7.970565674480954,-8.431523383144558,elephant,900,human,class_large_standard_small,conflict-class_large_standard_small-human-S900-V268-t2,class_donor,small,conflict_swap,True,0.4933355882197583,bias_corrected,small,-0.8208764022654256,-0.32754081404566726,size-conflict_swap-class_large_standard_small-human-S900-V268-class_span-to_small-t2,True,clear,Qwen/Qwen2.5-3B,qwen_qwen2_5_3b,class_span,small,conflict-class_large_standard_small-human-S900-V268-t2,,-8.79144207674638,-8.759064197190225,sibling_standard,0.032377879556154454,900,268
conflict_swap:t2,-7.970565674480954,-8.431523383144558,human,100,human,class_large_standard_small,conflict-class_large_standard_small-human-S900-V268-t2,standard_donor,small,conflict_swap,False,0.854274253279466,bias_corrected,small,-0.7138389840588717,0.14043526922059435,size-conflict_swap-class_large_standard_small-human-S900-V268-standard_span-to_large-t2,True,clear,Qwen/Qwen2.5-3B,qwen_qwen2_5_3b,standard_span,small,conflict-class_large_standard_small-human-S900-V268-t2,,-8.684404658539826,-8.291088113923964,base,0.3933165446158622,900,268
conflict_swap:t2,-7.970565674480954,-8.431523383144558,human,100,human,class_large_standard_small,conflict-class_large_standard_small-human-S900-V268-t2,standard_donor,large,conflict_swap,False,0.842103529808897,bias_corrected,large,0.14405725184438545,-0.6980462779645116,size-conflict_swap-class_large_standard_small-human-S900-V268-standard_span-to_large-t2,True,clear,Qwen/Qwen2.5-3B,qwen_qwen2_5_3b,standard_span,large,conflict-class_large_standard_small-human-S900-V268-t2,,-7.826508422636569,-9.12956966110907,cf,1.3030612384725009,900,268
conflict_swap:t2,-7.970565674480954,-8.431523383144558,human,100,human,class_large_standard_small,conflict-class_large_standard_small-human-S900-V268-t2,standard_donor,large,conflict_swap,True,0.842103529808897,bias_corrected,large,0.14405725184438545,-0.6980462779645116,size-conflict_swap-class_large_standard_small-human-S900-V268-standard_span-to_large-t2,True,clear,Qwen/Qwen2.5-3B,qwen_qwen2_5_3b,standard_span,large,conflict-class_large_standard_small-human-S900-V268-t2,,-7.826508422636569,-9.12956966110907,sibling_class,1.3030612384725009,900,268
conflict_swap:t2,-7.970565674480954,-8.431523383144558,human,100,human,class_large_standard_small,conflict-class_large_standard_small-human-S900-V268-t2,standard_donor,small,conflict_swap,True,0.4933355882197583,bias_corrected,small,-0.8208764022654256,-0.32754081404566726,size-conflict_swap-class_large_standard_small-human-S900-V268-standard_span-to_large-t2,True,clear,Qwen/Qwen2.5-3B,qwen_qwen2_5_3b,standard_span,small,conflict-class_large_standard_small-human-S900-V268-t2,,-8.79144207674638,-8.759064197190225,sibling_standard,0.032377879556154454,900,268
conflict_swap:t3,-8.82928770641475,-8.140081719310524,ant,10,elephant,class_small_standard_large,conflict-class_small_standard_large-elephant-S10-V12-t3,class_donor,small,conflict_swap,False,-0.5199135463491213,bias_corrected,large,1.3549922828739849,0.8350787365248635,size-conflict_swap-class_small_standard_large-elephant-S10-V12-class_span-to_large-t3,False,borderline,Qwen/Qwen2.5-3B,qwen_qwen2_5_3b,class_span,small,conflict-class_small_standard_large-elephant-S10-V12-t3,sibling_class_gate_pred_large_expected_small,-7.474295423540765,-7.305002982785661,base,0.16929244075510397,10,12
conflict_swap:t3,-8.82928770641475,-8.140081719310524,ant,10,elephant,class_small_standard_large,conflict-class_small_standard_large-elephant-S10-V12-t3,class_donor,large,conflict_swap,False,0.7073108763909453,bias_corrected,large,1.871276645732455,1.1639657693415097,size-conflict_swap-class_small_standard_large-elephant-S10-V12-class_span-to_large-t3,False,borderline,Qwen/Qwen2.5-3B,qwen_qwen2_5_3b,class_span,large,conflict-class_small_standard_large-elephant-S10-V12-t3,sibling_class_gate_pred_large_expected_small,-6.958011060682295,-6.976115949969015,cf,0.01810488928671994,10,12
conflict_swap:t3,-8.82928770641475,-8.140081719310524,ant,10,elephant,class_small_standard_large,conflict-class_small_standard_large-elephant-S10-V12-t3,class_donor,small,conflict_swap,True,-0.14832127254550098,bias_corrected,large,1.196581720617984,1.048260448072483,size-conflict_swap-class_small_standard_large-elephant-S10-V12-class_span-to_large-t3,False,borderline,Qwen/Qwen2.5-3B,qwen_qwen2_5_3b,class_span,small,conflict-class_small_standard_large-elephant-S10-V12-t3,sibling_class_gate_pred_large_expected_small,-7.632705985796766,-7.091821271238041,sibling_class,0.5408847145587243,10,12
conflict_swap:t3,-8.82928770641475,-8.140081719310524,ant,10,elephant,class_small_standard_large,conflict-class_small_standard_large-elephant-S10-V12-t3,class_donor,large,conflict_swap,True,0.7073108763909453,bias_corrected,large,1.871276645732455,1.1639657693415097,size-conflict_swap-class_small_standard_large-elephant-S10-V12-class_span-to_large-t3,False,borderline,Qwen/Qwen2.5-3B,qwen_qwen2_5_3b,class_span,large,conflict-class_small_standard_large-elephant-S10-V12-t3,sibling_class_gate_pred_large_expected_small,-6.958011060682295,-6.976115949969015,sibling_standard,0.01810488928671994,10,12
conflict_swap:t3,-8.82928770641475,-8.140081719310524,elephant,90,elephant,class_small_standard_large,conflict-class_small_standard_large-elephant-S10-V12-t3,standard_donor,large,conflict_swap,False,0.5199135463491213,bias_corrected,large,1.3549922828739849,0.8350787365248635,size-conflict_swap-class_small_standard_large-elephant-S10-V12-standard_span-to_small-t3,False,borderline,Qwen/Qwen2.5-3B,qwen_qwen2_5_3b,standard_span,small,conflict-class_small_standard_large-elephant-S10-V12-t3,sibling_class_gate_pred_large_expected_small,-7.474295423540765,-7.305002982785661,base,-0.16929244075510397,10,12
conflict_swap:t3,-8.82928770641475,-8.140081719310524,elephant,90,elephant,class_small_standard_large,conflict-class_small_standard_large-elephant-S10-V12-t3,standard_donor,small,conflict_swap,False,-0.14832127254550098,bias_corrected,large,1.196581720617984,1.048260448072483,size-conflict_swap-class_small_standard_large-elephant-S10-V12-standard_span-to_small-t3,False,borderline,Qwen/Qwen2.5-3B,qwen_qwen2_5_3b,standard_span,small,conflict-class_small_standard_large-elephant-S10-V12-t3,sibling_class_gate_pred_large_expected_small,-7.632705985796766,-7.091821271238041,cf,0.5408847145587243,10,12
conflict_swap:t3,-8.82928770641475,-8.140081719310524,elephant,90,elephant,class_small_standard_large,conflict-class_small_standard_large-elephant-S10-V12-t3,standard_donor,small,conflict_swap,True,-0.14832127254550098,bias_corrected,large,1.196581720617984,1.048260448072483,size-conflict_swap-class_small_standard_large-elephant-S10-V12-standard_span-to_small-t3,False,borderline,Qwen/Qwen2.5-3B,qwen_qwen2_5_3b,standard_span,small,conflict-class_small_standard_large-elephant-S10-V12-t3,sibling_class_gate_pred_large_expected_small,-7.632705985796766,-7.091821271238041,sibling_class,0.5408847145587243,10,12
conflict_swap:t3,-8.82928770641475,-8.140081719310524,elephant,90,elephant,class_small_standard_large,conflict-class_small_standard_large-elephant-S10-V12-t3,standard_donor,large,conflict_swap,True,0.7073108763909453,bias_corrected,large,1.871276645732455,1.1639657693415097,size-conflict_swap-class_small_standard_large-elephant-S10-V12-standard_span-to_small-t3,False,borderline,Qwen/Qwen2.5-3B,qwen_qwen2_5_3b,standard_span,large,conflict-class_small_standard_large-elephant-S10-V12-t3,sibling_class_gate_pred_large_expected_small,-6.958011060682295,-6.976115949969015,sibling_standard,0.01810488928671994,10,12
conflict_swap:t3,-8.82928770641475,-8.140081719310524,elephant,90,ant,class_large_standard_small,conflict-class_large_standard_small-ant-S90-V12-t3,class_donor,large,conflict_swap,False,-1.0656832153453566,bias_corrected,small,1.2720678324330903,2.337751047778447,size-conflict_swap-class_large_standard_small-ant-S90-V12-class_span-to_small-t3,False,extreme,Qwen/Qwen2.5-3B,qwen_qwen2_5_3b,class_span,small,conflict-class_large_standard_small-ant-S90-V12-t3,sibling_standard_gate_pred_large_expected_small,-7.557219873981659,-5.8023306715320775,base,-1.754889202449582,90,12
conflict_swap:t3,-8.82928770641475,-8.140081719310524,elephant,90,ant,class_large_standard_small,conflict-class_large_standard_small-ant-S90-V12-t3,class_donor,small,conflict_swap,False,-0.14832127254550098,bias_corrected,large,1.196581720617984,1.048260448072483,size-conflict_swap-class_large_standard_small-ant-S90-V12-class_span-to_small-t3,False,extreme,Qwen/Qwen2.5-3B,qwen_qwen2_5_3b,class_span,small,conflict-class_large_standard_small-ant-S90-V12-t3,sibling_standard_gate_pred_large_expected_small,-7.632705985796766,-7.091821271238041,cf,0.5408847145587243,90,12
conflict_swap:t3,-8.82928770641475,-8.140081719310524,elephant,90,ant,class_large_standard_small,conflict-class_large_standard_small-ant-S90-V12-t3,class_donor,large,conflict_swap,True,0.7073108763909453,bias_corrected,large,1.871276645732455,1.1639657693415097,size-conflict_swap-class_large_standard_small-ant-S90-V12-class_span-to_small-t3,False,extreme,Qwen/Qwen2.5-3B,qwen_qwen2_5_3b,class_span,large,conflict-class_large_standard_small-ant-S90-V12-t3,sibling_standard_gate_pred_large_expected_small,-6.958011060682295,-6.976115949969015,sibling_class,0.01810488928671994,90,12
conflict_swap:t3,-8.82928770641475,-8.140081719310524,elephant,90,ant,class_large_standard_small,conflict-class_large_standard_small-ant-S90-V12-t3,class_donor,small,conflict_swap,True,-0.14832127254550098,bias_corrected,large,1.196581720617984,1.048260448072483,size-conflict_swap-class_large_standard_small-ant-S90-V12-class_span-to_small-t3,False,extreme,Qwen/Qwen2.5-3B,qwen_qwen2_5_3b,class_span,small,conflict-class_large_standard_small-ant-S90-V12-t3,sibling_standard_gate_pred_large_expected_small,-7.632705985796766,-7.091821271238041,sibling_standard,0.5408847145587243,90,12
conflict_swap:t3,-8.82928770641475,-8.140081719310524,ant,10,ant,class_large_standard_small,conflict-class_large_standard_small-ant-S90-V12-t3,standard_donor,small,conflict_swap,False,1.0656832153453566,bias_corrected,small,1.2720678324330903,2.337751047778447,size-conflict_swap-class_large_standard_small-ant-S90-V12-standard_span-to_large-t3,False,extreme,Qwen/Qwen2.5-3B,qwen_qwen2_5_3b,standard_span,small,conflict-class_large_standard_small-ant-S90-V12-t3,sibling_standard_gate_pred_large_expected_small,-7.557219873981659,-5.8023306715320775,base,1.754889202449582,90,12
conflict_swap:t3,-8.82928770641475,-8.140081719310524,ant,10,ant,class_large_standard_small,conflict-class_large_standard_small-ant-S90-V12-t3,standard_donor,large,conflict_swap,False,0.7073108763909453,bias_corrected,large,1.871276645732455,1.1639657693415097,size-conflict_swap-class_large_standard_small-ant-S90-V12-standard_span-to_large-t3,False,extreme,Qwen/Qwen2.5-3B,qwen_qwen2_5_3b,standard_span,large,conflict-class_large_standard_small-ant-S90-V12-t3,sibling_standard_gate_pred_large_expected_small,-6.958011060682295,-6.976115949969015,cf,0.01810488928671994,90,12
conflict_swap:t3,-8.82928770641475,-8.140081719310524,ant,10,ant,class_large_standard_small,conflict-class_large_standard_small-ant-S90-V12-t3,standard_donor,large,conflict_swap,True,0.7073108763909453,bias_corrected,large,1.871276645732455,1.1639657693415097,size-conflict_swap-class_large_standard_small-ant-S90-V12-standard_span-to_large-t3,False,extreme,Qwen/Qwen2.5-3B,qwen_qwen2_5_3b,standard_span,large,conflict-class_large_standard_small-ant-S90-V12-t3,sibling_standard_gate_pred_large_expected_small,-6.958011060682295,-6.976115949969015,sibling_class,0.01810488928671994,90,12
conflict_swap:t3,-8.82928770641475,-8.140081719310524,ant,10,ant,class_large_standard_small,conflict-class_large_standard_small-ant-S90-V12-t3,standard_donor,small,conflict_swap,True,-0.14832127254550098,bias_corrected,large,1.196581720617984,1.048260448072483,size-conflict_swap-class_large_standard_small-ant-S90-V12-standard_span-to_large-t3,False,extreme,Qwen/Qwen2.5-3B,qwen_qwen2_5_3b,standard_span,small,conflict-class_large_standard_small-ant-S90-V12-t3,sibling_standard_gate_pred_large_expected_small,-7.632705985796766,-7.091821271238041,sibling_standard,0.5408847145587243,90,12
conflict_swap:t3,-8.82928770641475,-8.140081719310524,ant,10,elephant,class_small_standard_large,conflict-class_small_standard_large-elephant-S10-V32-t3,class_donor,small,conflict_swap,False,-1.0099514593030783,bias_corrected,large,1.726571529749032,0.7166200704459538,size-conflict_swap-class_small_standard_large-elephant-S10-V32-class_span-to_large-t3,False,clear,Qwen/Qwen2.5-3B,qwen_qwen2_5_3b,class_span,large,conflict-class_small_standard_large-elephant-S10-V32-t3,sibling_class_gate_pred_large_expected_small,-7.102716176665718,-7.423461648864571,base,-0.32074547219885297,10,32
conflict_swap:t3,-8.82928770641475,-8.140081719310524,ant,10,elephant,class_small_standard_large,conflict-class_small_standard_large-elephant-S10-V32-t3,class_donor,large,conflict_swap,False,1.4876144703916765,bias_corrected,large,2.1428848692958287,0.6552703989041522,size-conflict_swap-class_small_standard_large-elephant-S10-V32-class_span-to_large-t3,False,clear,Qwen/Qwen2.5-3B,qwen_qwen2_5_3b,class_span,large,conflict-class_small_standard_large-elephant-S10-V32-t3,sibling_class_gate_pred_large_expected_small,-6.686402837118921,-7.484811320406372,cf,0.7984084832874512,10,32
conflict_swap:t3,-8.82928770641475,-8.140081719310524,ant,10,elephant,class_small_standard_large,conflict-class_small_standard_large-elephant-S10-V32-t3,class_donor,small,conflict_swap,True,-0.2225354991596511,bias_corrected,large,1.3242563510831555,1.1017208519235044,size-conflict_swap-class_small_standard_large-elephant-S10-V32-class_span-to_large-t3,False,clear,Qwen/Qwen2.5-3B,qwen_qwen2_5_3b,class_span,small,conflict-class_small_standard_large-elephant-S10-V32-t3,sibling_class_gate_pred_large_expected_small,-7.505031355331594,-7.03836086738702,sibling_class,0.4666704879445742,10,32
conflict_swap:t3,-8.82928770641475,-8.140081719310524,ant,10,elephant,class_small_standard_large,conflict-class_small_standard_large-elephant-S10-V32-t3,class_donor,large,conflict_swap,True,1.4876144703916765,bias_corrected,large,2.1428848692958287,0.6552703989041522,size-conflict_swap-class_small_standard_large-elephant-S10-V32-class_span-to_large-t3,False,clear,Qwen/Qwen2.5-3B,qwen_qwen2_5_3b,class_span,large,conflict-class_small_standard_large-elephant-S10-V32-t3,sibling_class_gate_pred_large_expected_small,-6.686402837118921,-7.484811320406372,sibling_standard,0.7984084832874512,10,32
conflict_swap:t3,-8.82928770641475,-8.140081719310524,elephant,90,elephant,class_small_standard_large,conflict-class_small_standard_large-elephant-S10-V32-t3,standard_donor,large,conflict_swap,False,1.0099514593030783,bias_corrected,large,1.726571529749032,0.7166200704459538,size-conflict_swap-class_small_standard_large-elephant-S10-V32-standard_span-to_small-t3,False,clear,Qwen/Qwen2.5-3B,qwen_qwen2_5_3b,standard_span,large,conflict-class_small_standard_large-elephant-S10-V32-t3,sibling_class_gate_pred_large_expected_small,-7.102716176665718,-7.423461648864571,base,0.32074547219885297,10,32
conflict_swap:t3,-8.82928770641475,-8.140081719310524,elephant,90,elephant,class_small_standard_large,conflict-class_small_standard_large-elephant-S10-V32-t3,standard_donor,small,conflict_swap,False,-0.2225354991596511,bias_corrected,large,1.3242563510831555,1.1017208519235044,size-conflict_swap-class_small_standard_large-elephant-S10-V32-standard_span-to_small-t3,False,clear,Qwen/Qwen2.5-3B,qwen_qwen2_5_3b,standard_span,small,conflict-class_small_standard_large-elephant-S10-V32-t3,sibling_class_gate_pred_large_expected_small,-7.505031355331594,-7.03836086738702,cf,0.4666704879445742,10,32
conflict_swap:t3,-8.82928770641475,-8.140081719310524,elephant,90,elephant,class_small_standard_large,conflict-class_small_standard_large-elephant-S10-V32-t3,standard_donor,small,conflict_swap,True,-0.2225354991596511,bias_corrected,large,1.3242563510831555,1.1017208519235044,size-conflict_swap-class_small_standard_large-elephant-S10-V32-standard_span-to_small-t3,False,clear,Qwen/Qwen2.5-3B,qwen_qwen2_5_3b,standard_span,small,conflict-class_small_standard_large-elephant-S10-V32-t3,sibling_class_gate_pred_large_expected_small,-7.505031355331594,-7.03836086738702,sibling_class,0.4666704879445742,10,32
conflict_swap:t3,-8.82928770641475,-8.140081719310524,elephant,90,elephant,class_small_standard_large,conflict-class_small_standard_large-elephant-S10-V32-t3,standard_donor,large,conflict_swap,True,1.4876144703916765,bias_corrected,large,2.1428848692958287,0.6552703989041522,size-conflict_swap-class_small_standard_large-elephant-S10-V32-standard_span-to_small-t3,False,clear,Qwen/Qwen2.5-3B,qwen_qwen2_5_3b,standard_span,large,conflict-class_small_standard_large-elephant-S10-V32-t3,sibling_class_gate_pred_large_expected_small,-6.686402837118921,-7.484811320406372,sibling_standard,0.7984084832874512,10,32
conflict_swap:t3,-8.82928770641475,-8.140081719310524,elephant,90,ant,class_large_standard_small,conflict-class_large_standard_small-ant-S90-V32-t3,class_donor,large,conflict_swap,False,-0.6449152444532347,bias_corrected,small,1.334436443221068,1.9793516876743027,size-conflict_swap-class_large_standard_small-ant-S90-V32-class_span-to_small-t3,False,clear,Qwen/Qwen2.5-3B,qwen_qwen2_5_3b,class_span,small,conflict-class_large_standard_small-ant-S90-V32-t3,sibling_standard_gate_pred_large_expected_small,-7.494851263193682,-6.160730031636222,base,-1.33412123155746,90,32
conflict_swap:t3,-8.82928770641475,-8.140081719310524,elephant,90,ant,class_large_standard_small,conflict-class_large_standard_small-ant-S90-V32-t3,class_donor,small,conflict_swap,False,-0.2225354991596511,bias_corrected,large,1.3242563510831555,1.1017208519235044,size-conflict_swap-class_large_standard_small-ant-S90-V32-class_span-to_small-t3,False,clear,Qwen/Qwen2.5-3B,qwen_qwen2_5_3b,class_span,small,conflict-class_large_standard_small-ant-S90-V32-t3,sibling_standard_gate_pred_large_expected_small,-7.505031355331594,-7.03836086738702,cf,0.4666704879445742,90,32
conflict_swap:t3,-8.82928770641475,-8.140081719310524,elephant,90,ant,class_large_standard_small,conflict-class_large_standard_small-ant-S90-V32-t3,class_donor,large,conflict_swap,True,1.4876144703916765,bias_corrected,large,2.1428848692958287,0.6552703989041522,size-conflict_swap-class_large_standard_small-ant-S90-V32-class_span-to_small-t3,False,clear,Qwen/Qwen2.5-3B,qwen_qwen2_5_3b,class_span,large,conflict-class_large_standard_small-ant-S90-V32-t3,sibling_standard_gate_pred_large_expected_small,-6.686402837118921,-7.484811320406372,sibling_class,0.7984084832874512,90,32
conflict_swap:t3,-8.82928770641475,-8.140081719310524,elephant,90,ant,class_large_standard_small,conflict-class_large_standard_small-ant-S90-V32-t3,class_donor,small,conflict_swap,True,-0.2225354991596511,bias_corrected,large,1.3242563510831555,1.1017208519235044,size-conflict_swap-class_large_standard_small-ant-S90-V32-class_span-to_small-t3,False,clear,Qwen/Qwen2.5-3B,qwen_qwen2_5_3b,class_span,small,conflict-class_large_standard_small-ant-S90-V32-t3,sibling_standard_gate_pred_large_expected_small,-7.505031355331594,-7.03836086738702,sibling_standard,0.4666704879445742,90,32
conflict_swap:t3,-8.82928770641475,-8.140081719310524,ant,10,ant,class_large_standard_small,conflict-class_large_standard_small-ant-S90-V32-t3,standard_donor,small,conflict_swap,False,0.6449152444532347,bias_corrected,small,1.334436443221068,1.9793516876743027,size-conflict_swap-class_large_standard_small-ant-S90-V32-standard_span-to_large-t3,False,clear,Qwen/Qwen2.5-3B,qwen_qwen2_5_3b,standard_span,small,conflict-class_large_standard_small-ant-S90-V32-t3,sibling_standard_gate_pred_large_expected_small,-7.494851263193682,-6.160730031636222,base,1.33412123155746,90,32
conflict_swap:t3,-8.82928770641475,-8.140081719310524,ant,10,ant,class_large_standard_small,conflict-class_large_standard_small-ant-S90-V32-t3,standard_donor,large,conflict_swap,False,1.4876144703916765,bias_corrected,large,2.1428848692958287,0.6552703989041522,size-conflict_swap-class_large_standard_small-ant-S90-V32-standard_span-to_large-t3,False,clear,Qwen/Qwen2.5-3B,qwen_qwen2_5_3b,standard_span,large,conflict-class_large_standard_small-ant-S90-V32-t3,sibling_standard_gate_pred_large_expected_small,-6.686402837118921,-7.484811320406372,cf,0.7984084832874512,90,32
conflict_swap:t3,-8.82928770641475,-8.140081719310524,ant,10,ant,class_large_standard_small,conflict-class_large_standard_small-ant-S90-V32-t3,standard_donor,large,conflict_swap,True,1.4876144703916765,bias_corrected,large,2.1428848692958287,0.6552703989041522,size-conflict_swap-class_large_standard_small-ant-S90-V32-standard_span-to_large-t3,False,clear,Qwen/Qwen2.5-3B,qwen_qwen2_5_3b,standard_span,large,conflict-class_large_standard_small-ant-S90-V32-t3,sibling_standard_gate_pred_large_expected_small,-6.686402837118921,-7.484811320406372,sibling_class,0.7984084832874512,90,32
conflict_swap:t3,-8.82928770641475,-8.140081719310524,ant,10,ant,class_large_standard_small,conflict-class_large_standard_small-ant-S90-V32-t3,standard_donor,small,conflict_swap,True,-0.2225354991596511,bias_corrected,large,1.3242563510831555,1.1017208519235044,size-conflict_swap-class_large_standard_small-ant-S90-V32-standard_span-to_large-t3,False,clear,Qwen/Qwen2.5-3B,qwen_qwen2_5_3b,standard_span,small,conflict-class_large_standard_small-ant-S90-V32-t3,sibling_standard_gate_pred_large_expected_small,-7.505031355331594,-7.03836086738702,sibling_standard,0.4666704879445742,90,32
conflict_swap:t3,-8.82928770641475,-8.140081719310524,ant,10,elephant,class_small_standard_large,conflict-class_small_standard_large-elephant-S10-V83-t3,class_donor,small,conflict_swap,False,-0.879635849297741,bias_corrected,large,1.6472910703375394,0.7676552210397984,size-conflict_swap-class_small_standard_large-elephant-S10-V83-class_span-to_large-t3,False,extreme,Qwen/Qwen2.5-3B,qwen_qwen2_5_3b,class_span,large,conflict-class_small_standard_large-elephant-S10-V83-t3,sibling_class_gate_pred_large_expected_small,-7.18199663607721,-7.372426498270726,base,-0.19042986219351565,10,83
conflict_swap:t3,-8.82928770641475,-8.140081719310524,ant,10,elephant,class_small_standard_large,conflict-class_small_standard_large-elephant-S10-V83-t3,class_donor,large,conflict_swap,False,1.3246283431483068,bias_corrected,large,2.061506258542444,0.7368779153941372,size-conflict_swap-class_small_standard_large-elephant-S10-V83-class_span-to_large-t3,False,extreme,Qwen/Qwen2.5-3B,qwen_qwen2_5_3b,class_span,large,conflict-class_small_standard_large-elephant-S10-V83-t3,sibling_class_gate_pred_large_expected_small,-6.767781447872306,-7.403203803916387,cf,0.6354223560440815,10,83
conflict_swap:t3,-8.82928770641475,-8.140081719310524,ant,10,elephant,class_small_standard_large,conflict-class_small_standard_large-elephant-S10-V83-t3,class_donor,small,conflict_swap,True,-0.3310492866082848,bias_corrected,large,1.3107108456658363,0.9796615590575515,size-conflict_swap-class_small_standard_large-elephant-S10-V83-class_span-to_large-t3,False,extreme,Qwen/Qwen2.5-3B,qwen_qwen2_5_3b,class_span,small,conflict-class_small_standard_large-elephant-S10-V83-t3,sibling_class_gate_pred_large_expected_small,-7.518576860748913,-7.160420160252973,sibling_class,0.3581567004959405,10,83
conflict_swap:t3,-8.82928770641475,-8.140081719310524,ant,10,elephant,class_small_standard_large,conflict-class_small_standard_large-elephant-S10-V83-t3,class_donor,large,conflict_swap,True,1.3246283431483068,bias_corrected,large,2.061506258542444,0.7368779153941372,size-conflict_swap-class_small_standard_large-elephant-S10-V83-class_span-to_large-t3,False,extreme,Qwen/Qwen2.5-3B,qwen_qwen2_5_3b,class_span,large,conflict-class_small_standard_large-elephant-S10-V83-t3,sibling_class_gate_pred_large_expected_small,-6.767781447872306,-7.403203803916387,sibling_standard,0.6354223560440815,10,83
conflict_swap:t3,-8.82928770641475,-8.140081719310524,elephant,90,elephant,class_small_standard_large,conflict-class_small_standard_large-elephant-S10-V83-t3,standard_donor,large,conflict_swap,False,0.879635849297741,bias_corrected,large,1.6472910703375394,0.7676552210397984,size-conflict_swap-class_small_standard_large-elephant-S10-V83-standard_span-to_small-t3,False,extreme,Qwen/Qwen2.5-3B,qwen_qwen2_5_3b,standard_span,large,conflict-class_small_standard_large-elephant-S10-V83-t3,sibling_class_gate_pred_large_expected_small,-7.18199663607721,-7.372426498270726,base,0.19042986219351565,10,83
conflict_swap:t3,-8.82928770641475,-8.140081719310524,elephant,90,elephant,class_small_standard_large,conflict-class_small_standard_large-elephant-S10-V83-t3,standard_donor,small,conflict_swap,False,-0.3310492866082848,bias_corrected,large,1.3107108456658363,0.9796615590575515,size-conflict_swap-class_small_standard_large-elephant-S10-V83-standard_span-to_small-t3,False,extreme,Qwen/Qwen2.5-3B,qwen_qwen2_5_3b,standard_span,small,conflict-class_small_standard_large-elephant-S10-V83-t3,sibling_class_gate_pred_large_expected_small,-7.518576860748913,-7.160420160252973,cf,0.3581567004959405,10,83
conflict_swap:t3,-8.82928770641475,-8.140081719310524,elephant,90,elephant,class_small_standard_large,conflict-class_small_standard_large-elephant-S10-V83-t3,standard_donor,small,conflict_swap,True,-0.3310492866082848,bias_corrected,large,1.3107108456658363,0.9796615590575515,size-conflict_swap-class_small_standard_large-elephant-S10-V83-standard_span-to_small-t3,False,extreme,Qwen/Qwen2.5-3B,qwen_qwen2_5_3b,standard_span,small,conflict-class_small_standard_large-elephant-S10-V83-t3,sibling_class_gate_pred_large_expected_small,-7.518576860748913,-7.160420160252973,sibling_class,0.3581567004959405,10,83
conflict_swap:t3,-8.82928770641475,-8.140081719310524,elephant,90,elephant,class_small_standard_large,conflict-class_small_standard_large-elephant-S10-V83-t3,standard_donor,large,conflict_swap,True,1.3246283431483068,bias_corrected,large,2.061506258542444,0.7368779153941372,size-conflict_swap-class_small_standard_large-elephant-S10-V83-standard_span-to_small-t3,False,extreme,Qwen/Qwen2.5-3B,qwen_qwen2_5_3b,standard_span,large,conflict-class_small_standard_large-elephant-S10-V83-t3,sibling_class_gate_pred_large_expected_small,-6.767781447872306,-7.403203803916387,sibling_standard,0.6354223560440815,10,83
conflict_swap:t3,-8.82928770641475,-8.140081719310524,elephant,90,ant,class_large_standard_small,conflict-class_large_standard_small-ant-S90-V83-t3,class_donor,large,conflict_swap,False,-0.3716968807979084,bias_corrected,small,1.1834717873609932,1.5551686681589016,size-conflict_swap-class_large_standard_small-ant-S90-V83-class_span-to_small-t3,False,borderline,Qwen/Qwen2.5-3B,qwen_qwen2_5_3b,class_span,small,conflict-class_large_standard_small-ant-S90-V83-t3,sibling_standard_gate_pred_large_expected_small,-7.6458159190537565,-6.584913051151623,base,-1.0609028679021337,90,83
conflict_swap:t3,-8.82928770641475,-8.140081719310524,elephant,90,ant,class_large_standard_small,conflict-class_large_standard_small-ant-S90-V83-t3,class_donor,small,conflict_swap,False,-0.3310492866082848,bias_corrected,large,1.3107108456658363,0.9796615590575515,size-conflict_swap-class_large_standard_small-ant-S90-V83-class_span-to_small-t3,False,borderline,Qwen/Qwen2.5-3B,qwen_qwen2_5_3b,class_span,small,conflict-class_large_standard_small-ant-S90-V83-t3,sibling_standard_gate_pred_large_expected_small,-7.518576860748913,-7.160420160252973,cf,0.3581567004959405,90,83
conflict_swap:t3,-8.82928770641475,-8.140081719310524,elephant,90,ant,class_large_standard_small,conflict-class_large_standard_small-ant-S90-V83-t3,class_donor,large,conflict_swap,True,1.3246283431483068,bias_corrected,large,2.061506258542444,0.7368779153941372,size-conflict_swap-class_large_standard_small-ant-S90-V83-class_span-to_small-t3,False,borderline,Qwen/Qwen2.5-3B,qwen_qwen2_5_3b,class_span,large,conflict-class_large_standard_small-ant-S90-V83-t3,sibling_standard_gate_pred_large_expected_small,-6.767781447872306,-7.403203803916387,sibling_class,0.6354223560440815,90,83
conflict_swap:t3,-8.82928770641475,-8.140081719310524,elephant,90,ant,class_large_standard_small,conflict-class_large_standard_small-ant-S90-V83-t3,class_donor,small,conflict_swap,True,-0.3310492866082848,bias_corrected,large,1.3107108456658363,0.9796615590575515,size-conflict_swap-class_large_standard_small-ant-S90-V83-class_span-to_small-t3,False,borderline,Qwen/Qwen2.5-3B,qwen_qwen2_5_3b,class_span,small,conflict-class_large_standard_small-ant-S90-V83-t3,sibling_standard_gate_pred_large_expected_small,-7.518576860748913,-7.160420160252973,sibling_standard,0.3581567004959405,90,83
conflict_swap:t3,-8.82928770641475,-8.140081719310524,ant,10,ant,class_large_standard_small,conflict-class_large_standard_small-ant-S90-V83-t3,standard_donor,small,conflict_swap,False,0.3716968807979084,bias_corrected,small,1.1834717873609932,1.5551686681589016,size-conflict_swap-class_large_standard_small-ant-S90-V83-standard_span-to_large-t3,False,borderline,Qwen/Qwen2.5-3B,qwen_qwen2_5_3b,standard_span,small,conflict-class_large_standard_small-ant-S90-V83-t3,sibling_standard_gate_pred_large_expected_small,-7.6458159190537565,-6.584913051151623,base,1.0609028679021337,90,83
conflict_swap:t3,-8.82928770641475,-8.140081719310524,ant,10,ant,class_large_standard_small,conflict-class_large_standard_small-ant-S90-V83-t3,standard_donor,large,conflict_swap,False,1.3246283431483068,bias_corrected,large,2.061506258542444,0.7368779153941372,size-conflict_swap-class_large_standard_small-ant-S90-V83-standard_span-to_large-t3,False,borderline,Qwen/Qwen2.5-3B,qwen_qwen2_5_3b,standard_span,large,conflict-class_large_standard_small-ant-S90-V83-t3,sibling_standard_gate_pred_large_expected_small,-6.767781447872306,-7.403203803916387,cf,0.6354223560440815,90,83
conflict_swap:t3,-8.82928770641475,-8.140081719310524,ant,10,ant,class_large_standard_small,conflict-class_large_standard_small-ant-S90-V83-t3,standard_donor,large,conflict_swap,True,1.3246283431483068,bias_corrected,large,2.061506258542444,0.7368779153941372,size-conflict_swap-class_large_standard_small-ant-S90-V83-standard_span-to_large-t3,False,borderline,Qwen/Qwen2.5-3B,qwen_qwen2_5_3b,standard_span,large,conflict-class_large_standard_small-ant-S90-V83-t3,sibling_standard_gate_pred_large_expected_small,-6.767781447872306,-7.403203803916387,sibling_class,0.6354223560440815,90,83
conflict_swap:t3,-8.82928770641475,-8.140081719310524,ant,10,ant,class_large_standard_small,conflict-class_large_standard_small-ant-S90-V83-t3,standard_donor,small,conflict_swap,True,-0.3310492866082848,bias_corrected,large,1.3107108456658363,0.9796615590575515,size-conflict_swap-class_large_standard_small-ant-S90-V83-standard_span-to_large-t3,False,borderline,Qwen/Qwen2.5-3B,qwen_qwen2_5_3b,standard_span,small,conflict-class_large_standard_small-ant-S90-V83-t3,sibling_standard_gate_pred_large_expected_small,-7.518576860748913,-7.160420160252973,sibling_standard,0.3581567004959405,90,83
conflict_swap:t3,-8.82928770641475,-8.140081719310524,ant,10,human,class_small_standard_large,conflict-class_small_standard_large-human-S10-V22-t3,class_donor,small,conflict_swap,False,-1.2109258644521521,bias_corrected,large,1.6687296622073395,0.4578037977551874,size-conflict_swap-class_small_standard_large-human-S10-V22-class_span-to_large-t3,True,clear,Qwen/Qwen2.5-3B,qwen_qwen2_5_3b,class_span,large,conflict-class_small_standard_large-human-S10-V22-t3,,-7.16055804420741,-7.682277921555337,base,-0.5217198773479268,10,22
conflict_swap:t3,-8.82928770641475,-8.140081719310524,ant,10,human,class_small_standard_large,conflict-class_small_standard_large-human-S10-V22-t3,class_donor,large,conflict_swap,False,1.3539858206971358,bias_corrected,large,2.112903452643015,0.758917631945879,size-conflict_swap-class_small_standard_large-human-S10-V22-class_span-to_large-t3,True,clear,Qwen/Qwen2.5-3B,qwen_qwen2_5_3b,class_span,large,conflict-class_small_standard_large-human-S10-V22-t3,,-6.716384253771735,-7.381164087364645,cf,0.6647798335929105,10,22
conflict_swap:t3,-8.82928770641475,-8.140081719310524,ant,10,human,class_small_standard_large,conflict-class_small_standard_large-human-S10-V22-t3,class_donor,small,conflict_swap,True,0.9968366038120227,bias_corrected,small,1.1234745288785657,2.1203111326905884,size-conflict_swap-class_small_standard_large-human-S10-V22-class_span-to_large-t3,True,clear,Qwen/Qwen2.5-3B,qwen_qwen2_5_3b,class_span,small,conflict-class_small_standard_large-human-S10-V22-t3,,-7.705813177536184,-6.019770586619936,sibling_class,1.686042590916248,10,22
conflict_swap:t3,-8.82928770641475,-8.140081719310524,ant,10,human,class_small_standard_large,conflict-class_small_standard_large-human-S10-V22-t3,class_donor,large,conflict_swap,True,1.3539858206971358,bias_corrected,large,2.112903452643015,0.758917631945879,size-conflict_swap-class_small_standard_large-human-S10-V22-class_span-to_large-t3,True,clear,Qwen/Qwen2.5-3B,qwen_qwen2_5_3b,class_span,large,conflict-class_small_standard_large-human-S10-V22-t3,,-6.716384253771735,-7.381164087364645,sibling_standard,0.6647798335929105,10,22
conflict_swap:t3,-8.82928770641475,-8.140081719310524,human,90,human,class_small_standard_large,conflict-class_small_standard_large-human-S10-V22-t3,standard_donor,large,conflict_swap,False,1.2109258644521521,bias_corrected,large,1.6687296622073395,0.4578037977551874,size-conflict_swap-class_small_standard_large-human-S10-V22-standard_span-to_small-t3,True,clear,Qwen/Qwen2.5-3B,qwen_qwen2_5_3b,standard_span,large,conflict-class_small_standard_large-human-S10-V22-t3,,-7.16055804420741,-7.682277921555337,base,0.5217198773479268,10,22
conflict_swap:t3,-8.82928770641475,-8.140081719310524,human,90,human,class_small_standard_large,conflict-class_small_standard_large-human-S10-V22-t3,standard_donor,small,conflict_swap,False,0.9968366038120227,bias_corrected,small,1.1234745288785657,2.1203111326905884,size-conflict_swap-class_small_standard_large-human-S10-V22-standard_span-to_small-t3,True,clear,Qwen/Qwen2.5-3B,qwen_qwen2_5_3b,standard_span,small,conflict-class_small_standard_large-human-S10-V22-t3,,-7.705813177536184,-6.019770586619936,cf,1.686042590916248,10,22
conflict_swap:t3,-8.82928770641475,-8.140081719310524,human,90,human,class_small_standard_large,conflict-class_small_standard_large-human-S10-V22-t3,standard_donor,small,conflict_swap,True,0.9968366038120227,bias_corrected,small,1.1234745288785657,2.1203111326905884,size-conflict_swap-class_small_standard_large-human-S10-V22-standard_span-to_small-t3,True,clear,Qwen/Qwen2.5-3B,qwen_qwen2_5_3b,standard_span,small,conflict-class_small_standard_large-human-S10-V22-t3,,-7.705813177536184,-6.019770586619936,sibling_class,1.686042590916248,10,22
conflict_swap:t3,-8.82928770641475,-8.140081719310524,human,90,human,class_small_standard_large,conflict-class_small_standard_large-human-S10-V22-t3,standard_donor,large,conflict_swap,True,1.3539858206971358,bias_corrected,large,2.112903452643015,0.758917631945879,size-conflict_swap-class_small_standard_large-human-S10-V22-standard_span-to_small-t3,True,clear,Qwen/Qwen2.5-3B,qwen_qwen2_5_3b,standard_span,large,conflict-class_small_standard_large-human-S10-V22-t3,,-6.716384253771735,-7.381164087364645,sibling_standard,0.6647798335929105,10,22
conflict_swap:t3,-8.82928770641475,-8.140081719310524,human,90,ant,class_large_standard_small,conflict-class_large_standard_small-ant-S90-V22-t3,class_donor,large,conflict_swap,False,-0.8316241561107569,bias_corrected,small,1.2966106711715426,2.1282348272822995,size-conflict_swap-class_large_standard_small-ant-S90-V22-class_span-to_small-t3,True,clear,Qwen/Qwen2.5-3B,qwen_qwen2_5_3b,class_span,small,conflict-class_large_standard_small-ant-S90-V22-t3,,-7.532677035243207,-6.011846892028225,base,-1.5208301432149822,90,22
conflict_swap:t3,-8.82928770641475,-8.140081719310524,human,90,ant,class_large_standard_small,conflict-class_large_standard_small-ant-S90-V22-t3,class_donor,small,conflict_swap,False,0.9968366038120227,bias_corrected,small,1.1234745288785657,2.1203111326905884,size-conflict_swap-class_large_standard_small-ant-S90-V22-class_span-to_small-t3,True,clear,Qwen/Qwen2.5-3B,qwen_qwen2_5_3b,class_span,small,conflict-class_large_standard_small-ant-S90-V22-t3,,-7.705813177536184,-6.019770586619936,cf,1.686042590916248,90,22
conflict_swap:t3,-8.82928770641475,-8.140081719310524,human,90,ant,class_large_standard_small,conflict-class_large_standard_small-ant-S90-V22-t3,class_donor,large,conflict_swap,True,1.3539858206971358,bias_corrected,large,2.112903452643015,0.758917631945879,size-conflict_swap-class_large_standard_small-ant-S90-V22-class_span-to_small-t3,True,clear,Qwen/Qwen2.5-3B,qwen_qwen2_5_3b,class_span,large,conflict-class_large_standard_small-ant-S90-V22-t3,,-6.716384253771735,-7.381164087364645,sibling_class,0.6647798335929105,90,22
conflict_swap:t3,-8.82928770641475,-8.140081719310524,human,90,ant,class_large_standard_small,conflict-class_large_standard_small-ant-S90-V22-t3,class_donor,small,conflict_swap,True,0.9968366038120227,bias_corrected,small,1.1234745288785657,2.1203111326905884,size-conflict_swap-class_large_standard_small-ant-S90-V22-class_span-to_small-t3,True,clear,Qwen/Qwen2.5-3B,qwen_qwen2_5_3b,class_span,small,conflict-class_large_standard_small-ant-S90-V22-t3,,-7.705813177536184,-6.019770586619936,sibling_standard,1.686042590916248,90,22
conflict_swap:t3,-8.82928770641475,-8.140081719310524,ant,10,ant,class_large_standard_small,conflict-class_large_standard_small-ant-S90-V22-t3,standard_donor,small,conflict_swap,False,0.8316241561107569,bias_corrected,small,1.2966106711715426,2.1282348272822995,size-conflict_swap-class_large_standard_small-ant-S90-V22-standard_span-to_large-t3,True,clear,Qwen/Qwen2.5-3B,qwen_qwen2_5_3b,standard_span,small,conflict-class_large_standard_small-ant-S90-V22-t3,,-7.532677035243207,-6.011846892028225,base,1.5208301432149822,90,22
conflict_swap:t3,-8.82928770641475,-8.140081719310524,ant,10,ant,class_large_standard_small,conflict-class_large_standard_small-ant-S90-V22-t3,standard_donor,large,conflict_swap,False,1.3539858206971358,bias_corrected,large,2.112903452643015,0.758917631945879,size-conflict_swap-class_large_standard_small-ant-S90-V22-standard_span-to_large-t3,True,clear,Qwen/Qwen2.5-3B,qwen_qwen2_5_3b,standard_span,large,conflict-class_large_standard_small-ant-S90-V22-t3,,-6.716384253771735,-7.381164087364645,cf,0.6647798335929105,90,22
conflict_swap:t3,-8.82928770641475,-8.140081719310524,ant,10,ant,class_large_standard_small,conflict-class_large_standard_small-ant-S90-V22-t3,standard_donor,large,conflict_swap,True,1.3539858206971358,bias_corrected,large,2.112903452643015,0.758917631945879,size-conflict_swap-class_large_standard_small-ant-S90-V22-standard_span-to_large-t3,True,clear,Qwen/Qwen2.5-3B,qwen_qwen2_5_3b,standard_span,large,conflict-class_large_standard_small-ant-S90-V22-t3,,-6.716384253771735,-7.381164087364645,sibling_class,0.6647798335929105,90,22
conflict_swap:t3,-8.82928770641475,-8.140081719310524,ant,10,ant,class_large_standard_small,conflict-class_large_standard_small-ant-S90-V22-t3,standard_donor,small,conflict_swap,True,0.9968366038120227,bias_corrected,small,1.1234745288785657,2.1203111326905884,size-conflict_swap-class_large_standard_small-ant-S90-V22-standard_span-to_large-t3,True,clear,Qwen/Qwen2.5-3B,qwen_qwen2_5_3b,standard_span,small,conflict-class_large_standard_small-ant-S90-V22-t3,,-7.705813177536184,-6.019770586619936,sibling_standard,1.686042590916248,90,22
conflict_swap:t3,-8.82928770641475,-8.140081719310524,ant,10,human,class_small_standard_large,conflict-class_small_standard_large-human-S10-V53-t3,class_donor,small,conflict_swap,False,-1.353918370154461,bias_corrected,large,1.8342693983844622,0.4803510282300012,size-conflict_swap-class_small_standard_large-human-S10-V53-class_span-to_large-t3,True,extreme,Qwen/Qwen2.5-3B,qwen_qwen2_5_3b,class_span,large,conflict-class_small_standard_large-human-S10-V53-t3,,-6.9950183080302875,-7.659730691080523,base,-0.6647123830502357,10,53
conflict_swap:t3,-8.82928770641475,-8.140081719310524,ant,10,human,class_small_standard_large,conflict-class_small_standard_large-human-S10-V53-t3,class_donor,large,conflict_swap,False,1.4364843831412903,bias_corrected,large,2.1500772689350915,0.7135928857938012,size-conflict_swap-class_small_standard_large-human-S10-V53-class_span-to_large-t3,True,extreme,Qwen/Qwen2.5-3B,qwen_qwen2_5_3b,class_span,large,conflict-class_small_standard_large-human-S10-V53-t3,,-6.679210437479658,-7.426488833516723,cf,0.747278396037065,10,53
conflict_swap:t3,-8.82928770641475,-8.140081719310524,ant,10,human,class_small_standard_large,conflict-class_small_standard_large-human-S10-V53-t3,class_donor,small,conflict_swap,True,0.44295808748962795,bias_corrected,small,1.1328890707654855,1.5758471582551135,size-conflict_swap-class_small_standard_large-human-S10-V53-class_span-to_large-t3,True,extreme,Qwen/Qwen2.5-3B,qwen_qwen2_5_3b,class_span,small,conflict-class_small_standard_large-human-S10-V53-t3,,-7.696398635649264,-6.564234561055411,sibling_class,1.1321640745938533,10,53
conflict_swap:t3,-8.82928770641475,-8.140081719310524,ant,10,human,class_small_standard_large,conflict-class_small_standard_large-human-S10-V53-t3,class_donor,large,conflict_swap,True,1.4364843831412903,bias_corrected,large,2.1500772689350915,0.7135928857938012,size-conflict_swap-class_small_standard_large-human-S10-V53-class_span-to_large-t3,True,extreme,Qwen/Qwen2.5-3B,qwen_qwen2_5_3b,class_span,large,conflict-class_small_standard_large-human-S10-V53-t3,,-6.679210437479658,-7.426488833516723,sibling_standard,0.747278396037065,10,53
conflict_swap:t3,-8.82928770641475,-8.140081719310524,human,90,human,class_small_standard_large,conflict-class_small_standard_large-human-S10-V53-t3,standard_donor,large,conflict_swap,False,1.353918370154461,bias_corrected,large,1.8342693983844622,0.4803510282300012,size-conflict_swap-class_small_standard_large-human-S10-V53-standard_span-to_small-t3,True,extreme,Qwen/Qwen2.5-3B,qwen_qwen2_5_3b,standard_span,large,conflict-class_small_standard_large-human-S10-V53-t3,,-6.9950183080302875,-7.659730691080523,base,0.6647123830502357,10,53
conflict_swap:t3,-8.82928770641475,-8.140081719310524,human,90,human,class_small_standard_large,conflict-class_small_standard_large-human-S10-V53-t3,standard_donor,small,conflict_swap,False,0.44295808748962795,bias_corrected,small,1.1328890707654855,1.5758471582551135,size-conflict_swap-class_small_standard_large-human-S10-V53-standard_span-to_small-t3,True,extreme,Qwen/Qwen2.5-3B,qwen_qwen2_5_3b,standard_span,small,conflict-class_small_standard_large-human-S10-V53-t3,,-7.696398635649264,-6.564234561055411,cf,1.1321640745938533,10,53
conflict_swap:t3,-8.82928770641475,-8.140081719310524,human,90,human,class_small_standard_large,conflict-class_small_standard_large-human-S10-V53-t3,standard_donor,small,conflict_swap,True,0.44295808748962795,bias_corrected,small,1.1328890707654855,1.5758471582551135,size-conflict_swap-class_small_standard_large-human-S10-V53-standard_span-to_small-t3,True,extreme,Qwen/Qwen2.5-3B,qwen_qwen2_5_3b,standard_span,small,conflict-class_small_standard_large-human-S10-V53-t3,,-7.696398635649264,-6.564234561055411,sibling_class,1.1321640745938533,10,53
conflict_swap:t3,-8.82928770641475,-8.140081719310524,human,90,human,class_small_standard_large,conflict-class_small_standard_large-human-S10-V53-t3,standard_donor,large,conflict_swap,True,1.4364843831412903,bias_corrected,large,2.1500772689350915,0.7135928857938012,size-conflict_swap-class_small_standard_large-human-S10-V53-standard_span-to_small-t3,True,extreme,Qwen/Qwen2.5-3B,qwen_qwen2_5_3b,standard_span,large,conflict-class_small_standard_large-human-S10-V53-t3,,-6.679210437479658,-7.426488833516723,sibling_standard,0.747278396037065,10,53
conflict_swap:t3,-8.82928770641475,-8.140081719310524,human,90,ant,class_large_standard_small,conflict-class_large_standard_small-ant-S90-V53-t3,class_donor,large,conflict_swap,False,-0.4799651964381155,bias_corrected,small,1.2218030375971054,1.701768234035221,size-conflict_swap-class_large_standard_small-ant-S90-V53-class_span-to_small-t3,True,clear,Qwen/Qwen2.5-3B,qwen_qwen2_5_3b,class_span,small,conflict-class_large_standard_small-ant-S90-V53-t3,,-7.607484668817644,-6.4383134852753034,base,-1.1691711835423408,90,53
conflict_swap:t3,-8.82928770641475,-8.140081719310524,human,90,ant,class_large_standard_small,conflict-class_large_standard_small-ant-S90-V53-t3,class_donor,small,conflict_swap,False,0.44295808748962795,bias_corrected,small,1.1328890707654855,1.5758471582551135,size-conflict_swap-class_large_standard_small-ant-S90-V53-class_span-to_small-t3,True,clear,Qwen/Qwen2.5-3B,qwen_qwen2_5_3b,class_span,small,conflict-class_large_standard_small-ant-S90-V53-t3,,-7.696398635649264,-6.564234561055411,cf,1.1321640745938533,90,53
conflict_swap:t3,-8.82928770641475,-8.140081719310524,human,90,ant,class_large_standard_small,conflict-class_large_standard_small-ant-S90-V53-t3,class_donor,large,conflict_swap,True,1.4364843831412903,bias_corrected,large,2.1500772689350915,0.7135928857938012,size-conflict_swap-class_large_standard_small-ant-S90-V53-class_span-to_small-t3,True,clear,Qwen/Qwen2.5-3B,qwen_qwen2_5_3b,class_span,large,conflict-class_large_standard_small-ant-S90-V53-t3,,-6.679210437479658,-7.426488833516723,sibling_class,0.747278396037065,90,53
conflict_swap:t3,-8.82928770641475,-8.140081719310524,human,90,ant,class_large_standard_small,conflict-class_large_standard_small-ant-S90-V53-t3,class_donor,small,conflict_swap,True,0.44295808748962795,bias_corrected,small,1.1328890707654855,1.5758471582551135,size-conflict_swap-class_large_standard_small-ant-S90-V53-class_span-to_small-t3,True,clear,Qwen/Qwen2.5-3B,qwen_qwen2_5_3b,class_span,small,conflict-class_large_standard_small-ant-S90-V53-t3,,-7.696398635649264,-6.564234561055411,sibling_standard,1.1321640745938533,90,53
conflict_swap:t3,-8.82928770641475,-8.140081719310524,ant,10,ant,class_large_standard_small,conflict-class_large_standard_small-ant-S90-V53-t3,standard_donor,small,conflict_swap,False,0.4799651964381155,bias_corrected,small,1.2218030375971054,1.701768234035221,size-conflict_swap-class_large_standard_small-ant-S90-V53-standard_span-to_large-t3,True,clear,Qwen/Qwen2.5-3B,qwen_qwen2_5_3b,standard_span,small,conflict-class_large_standard_small-ant-S90-V53-t3,,-7.607484668817644,-6.4383134852753034,base,1.1691711835423408,90,53
conflict_swap:t3,-8.82928770641475,-8.140081719310524,ant,10,ant,class_large_standard_small,conflict-class_large_standard_small-ant-S90-V53-t3,standard_donor,large,conflict_swap,False,1.4364843831412903,bias_corrected,large,2.1500772689350915,0.7135928857938012,size-conflict_swap-class_large_standard_small-ant-S90-V53-standard_span-to_large-t3,True,clear,Qwen/Qwen2.5-3B,qwen_qwen2_5_3b,standard_span,large,conflict-class_large_standard_small-ant-S90-V53-t3,,-6.679210437479658,-7.426488833516723,cf,0.747278396037065,90,53
conflict_swap:t3,-8.82928770641475,-8.140081719310524,ant,10,ant,class_large_standard_small,conflict-class_large_standard_small-ant-S90-V53-t3,standard_donor,large,conflict_swap,True,1.4364843831412903,bias_corrected,large,2.1500772689350915,0.7135928857938012,size-conflict_swap-class_large_standard_small-ant-S90-V53-standard_span-to_large-t3,True,clear,Qwen/Qwen2.5-3B,qwen_qwen2_5_3b,standard_span,large,conflict-class_large_standard_small-ant-S90-V53-t3,,-6.679210437479658,-7.426488833516723,sibling_class,0.747278396037065,90,53
conflict_swap:t3,-8.82928770641475,-8.140081719310524,ant,10,ant,class_large_standard_small,conflict-class_large_standard_small-ant-S90-V53-t3,standard_donor,small,conflict_swap,True,0.44295808748962795,bias_corrected,small,1.1328890707654855,1.5758471582551135,size-conflict_swap-class_large_standard_small-ant-S90-V53-standard_span-to_large-t3,True,clear,Qwen/Qwen2.5-3B,qwen_qwen2_5_3b,standard_span,small,conflict-class_large_standard_small-ant-S90-V53-t3,,-7.696398635649264,-6.564234561055411,sibling_standard,1.1321640745938533,90,53
conflict_swap:t3,-8.82928770641475,-8.140081719310524,human,100,elephant,class_small_standard_large,conflict-class_small_standard_large-elephant-S100-V190-t3,class_donor,small,conflict_swap,False,-1.767826721481688,bias_corrected,large,2.123196646828042,0.3553699253463538,size-conflict_swap-class_small_standard_large-elephant-S100-V190-class_span-to_large-t3,False,clear,Qwen/Qwen2.5-3B,qwen_qwen2_5_3b,class_span,large,conflict-class_small_standard_large-elephant-S100-V190-t3,sibling_class_gate_pred_large_expected_small,-6.706091059586708,-7.784711793964171,base,-1.0786207343774628,100,190
conflict_swap:t3,-8.82928770641475,-8.140081719310524,human,100,elephant,class_small_standard_large,conflict-class_small_standard_large-elephant-S100-V190-t3,class_donor,large,conflict_swap,False,1.7395420302867421,bias_corrected,large,1.835958896448485,0.09641686616174283,size-conflict_swap-class_small_standard_large-elephant-S100-V190-class_span-to_large-t3,False,clear,Qwen/Qwen2.5-3B,qwen_qwen2_5_3b,class_span,large,conflict-class_small_standard_large-elephant-S100-V190-t3,sibling_class_gate_pred_large_expected_small,-6.993328809966265,-8.043664853148782,cf,1.0503360431825168,100,190
conflict_swap:t3,-8.82928770641475,-8.140081719310524,human,100,elephant,class_small_standard_large,conflict-class_small_standard_large-elephant-S100-V190-t3,class_donor,small,conflict_swap,True,-0.3962973291307259,bias_corrected,large,1.543844217710486,1.1475468885797602,size-conflict_swap-class_small_standard_large-elephant-S100-V190-class_span-to_large-t3,False,clear,Qwen/Qwen2.5-3B,qwen_qwen2_5_3b,class_span,small,conflict-class_small_standard_large-elephant-S100-V190-t3,sibling_class_gate_pred_large_expected_small,-7.285443488704264,-6.992534830730764,sibling_class,0.2929086579734994,100,190
conflict_swap:t3,-8.82928770641475,-8.140081719310524,human,100,elephant,class_small_standard_large,conflict-class_small_standard_large-elephant-S100-V190-t3,class_donor,large,conflict_swap,True,1.7395420302867421,bias_corrected,large,1.835958896448485,0.09641686616174283,size-conflict_swap-class_small_standard_large-elephant-S100-V190-class_span-to_large-t3,False,clear,Qwen/Qwen2.5-3B,qwen_qwen2_5_3b,class_span,large,conflict-class_small_standard_large-elephant-S100-V190-t3,sibling_class_gate_pred_large_expected_small,-6.993328809966265,-8.043664853148782,sibling_standard,1.0503360431825168,100,190
conflict_swap:t3,-8.82928770641475,-8.140081719310524,elephant,200,elephant,class_small_standard_large,conflict-class_small_standard_large-elephant-S100-V190-t3,standard_donor,large,conflict_swap,False,1.767826721481688,bias_corrected,large,2.123196646828042,0.3553699253463538,size-conflict_swap-class_small_standard_large-elephant-S100-V190-standard_span-to_small-t3,False,clear,Qwen/Qwen2.5-3B,qwen_qwen2_5_3b,standard_span,large,conflict-class_small_standard_large-elephant-S100-V190-t3,sibling_class_gate_pred_large_expected_small,-6.706091059586708,-7.784711793964171,base,1.0786207343774628,100,190
conflict_swap:t3,-8.82928770641475,-8.140081719310524,elephant,200,elephant,class_small_standard_large,conflict-class_small_standard_large-elephant-S100-V190-t3,standard_donor,small,conflict_swap,False,-0.3962973291307259,bias_corrected,large,1.543844217710486,1.1475468885797602,size-conflict_swap-class_small_standard_large-elephant-S100-V190-standard_span-to_small-t3,False,clear,Qwen/Qwen2.5-3B,qwen_qwen2_5_3b,standard_span,small,conflict-class_small_standard_large-elephant-S100-V190-t3,sibling_class_gate_pred_large_expected_small,-7.285443488704264,-6.992534830730764,cf,0.2929086579734994,100,190
conflict_swap:t3,-8.82928770641475,-8.140081719310524,elephant,200,elephant,class_small_standard_large,conflict-class_small_standard_large-elephant-S100-V190-t3,standard_donor,small,conflict_swap,True,-0.3962973291307259,bias_corrected,large,1.543844217710486,1.1475468885797602,size-conflict_swap-class_small_standard_large-elephant-S100-V190-standard_span-to_small-t3,False,clear,Qwen/Qwen2.5-3B,qwen_qwen2_5_3b,standard_span,small,conflict-class_small_standard_large-elephant-S100-V190-t3,sibling_class_gate_pred_large_expected_small,-7.285443488704264,-6.992534830730764,sibling_class,0.2929086579734994,100,190
conflict_swap:t3,-8.82928770641475,-8.140081719310524,elephant,200,elephant,class_small_standard_large,conflict-class_small_standard_large-elephant-S100-V190-t3,standard_donor,large,conflict_swap,True,1.7395420302867421,bias_corrected,large,1.835958896448485,0.09641686616174283,size-conflict_swap-class_small_standard_large-elephant-S100-V190-standard_span-to_small-t3,False,clear,Qwen/Qwen2.5-3B,qwen_qwen2_5_3b,standard_span,large,conflict-class_small_standard_large-elephant-S100-V190-t3,sibling_class_gate_pred_large_expected_small,-6.993328809966265,-8.043664853148782,sibling_standard,1.0503360431825168,100,190
conflict_swap:t3,-8.82928770641475,-8.140081719310524,elephant,200,human,class_large_standard_small,conflict-class_large_standard_small-human-S200-V190-t3,class_donor,large,conflict_swap,False,-0.476980856000945,bias_corrected,small,1.0965636160535714,1.5735444720545164,size-conflict_swap-class_large_standard_small-human-S200-V190-class_span-to_small-t3,False,borderline,Qwen/Qwen2.5-3B,qwen_qwen2_5_3b,class_span,small,conflict-class_large_standard_small-human-S200-V190-t3,sibling_standard_gate_pred_large_expected_small,-7.732724090361178,-6.566537247256008,base,-1.1661868431051703,200,190
conflict_swap:t3,-8.82928770641475,-8.140081719310524,elephant,200,human,class_large_standard_small,conflict-class_large_standard_small-human-S200-V190-t3,class_donor,small,conflict_swap,False,-0.3962973291307259,bias_corrected,large,1.543844217710486,1.1475468885797602,size-conflict_swap-class_large_standard_small-human-S200-V190-class_span-to_small-t3,False,borderline,Qwen/Qwen2.5-3B,qwen_qwen2_5_3b,class_span,small,conflict-class_large_standard_small-human-S200-V190-t3,sibling_standard_gate_pred_large_expected_small,-7.285443488704264,-6.992534830730764,cf,0.2929086579734994,200,190
conflict_swap:t3,-8.82928770641475,-8.140081719310524,elephant,200,human,class_large_standard_small,conflict-class_large_standard_small-human-S200-V190-t3,class_donor,large,conflict_swap,True,1.7395420302867421,bias_corrected,large,1.835958896448485,0.09641686616174283,size-conflict_swap-class_large_standard_small-human-S200-V190-class_span-to_small-t3,False,borderline,Qwen/Qwen2.5-3B,qwen_qwen2_5_3b,class_span,large,conflict-class_large_standard_small-human-S200-V190-t3,sibling_standard_gate_pred_large_expected_small,-6.993328809966265,-8.043664853148782,sibling_class,1.0503360431825168,200,190
conflict_swap:t3,-8.82928770641475,-8.140081719310524,elephant,200,human,class_large_standard_small,conflict-class_large_standard_small-human-S200-V190-t3,class_donor,small,conflict_swap,True,-0.3962973291307259,bias_corrected,large,1.543844217710486,1.1475468885797602,size-conflict_swap-class_large_standard_small-human-S200-V190-class_span-to_small-t3,False,borderline,Qwen/Qwen2.5-3B,qwen_qwen2_5_3b,class_span,small,conflict-class_large_standard_small-human-S200-V190-t3,sibling_standard_gate_pred_large_expected_small,-7.285443488704264,-6.992534830730764,sibling_standard,0.2929086579734994,200,190
conflict_swap:t3,-8.82928770641475,-8.140081719310524,human,100,human,class_large_standard_small,conflict-class_large_standard_small-human-S200-V190-t3,standard_donor,small,conflict_swap,False,0.476980856000945,bias_corrected,small,1.0965636160535714,1.5735444720545164,size-conflict_swap-class_large_standard_small-human-S200-V190-standard_span-to_large-t3,False,borderline,Qwen/Qwen2.5-3B,qwen_qwen2_5_3b,standard_span,small,conflict-class_large_standard_small-human-S200-V190-t3,sibling_standard_gate_pred_large_expected_small,-7.732724090361178,-6.566537247256008,base,1.1661868431051703,200,190
conflict_swap:t3,-8.82928770641475,-8.140081719310524,human,100,human,class_large_standard_small,conflict-class_large_standard_small-human-S200-V190-t3,standard_donor,large,conflict_swap,False,1.7395420302867421,bias_corrected,large,1.835958896448485,0.09641686616174283,size-conflict_swap-class_large_standard_small-human-S200-V190-standard_span-to_large-t3,False,borderline,Qwen/Qwen2.5-3B,qwen_qwen2_5_3b,standard_span,large,conflict-class_large_standard_small-human-S200-V190-t3,sibling_standard_gate_pred_large_expected_small,-6.993328809966265,-8.043664853148782,cf,1.0503360431825168,200,190
conflict_swap:t3,-8.82928770641475,-8.140081719310524,human,100,human,class_large_standard_small,conflict-class_large_standard_small-human-S200-V190-t3,standard_donor,large,conflict_swap,True,1.7395420302867421,bias_corrected,large,1.835958896448485,0.09641686616174283,size-conflict_swap-class_large_standard_small-human-S200-V190-standard_span-to_large-t3,False,borderline,Qwen/Qwen2.5-3B,qwen_qwen2_5_3b,standard_span,large,conflict-class_large_standard_small-human-S200-V190-t3,sibling_standard_gate_pred_large_expected_small,-6.993328809966265,-8.043664853148782,sibling_class,1.0503360431825168,200,190
conflict_swap:t3,-8.82928770641475,-8.140081719310524,human,100,human,class_large_standard_small,conflict-class_large_standard_small-human-S200-V190-t3,standard_donor,small,conflict_swap,True,-0.3962973291307259,bias_corrected,large,1.543844217710486,1.1475468885797602,size-conflict_swap-class_large_standard_small-human-S200-V190-standard_span-to_large-t3,False,borderline,Qwen/Qwen2.5-3B,qwen_qwen2_5_3b,standard_span,small,conflict-class_large_standard_small-human-S200-V190-t3,sibling_standard_gate_pred_large_expected_small,-7.285443488704264,-6.992534830730764,sibling_standard,0.2929086579734994,200,190
conflict_swap:t3,-8.82928770641475,-8.140081719310524,human,100,elephant,class_small_standard_large,conflict-class_small_standard_large-elephant-S100-V207-t3,class_donor,small,conflict_swap,False,-1.8544712675113662,bias_corrected,large,1.9210575593363473,0.0665862918249811,size-conflict_swap-class_small_standard_large-elephant-S100-V207-class_span-to_large-t3,False,clear,Qwen/Qwen2.5-3B,qwen_qwen2_5_3b,class_span,large,conflict-class_small_standard_large-elephant-S100-V207-t3,sibling_class_gate_pred_large_expected_small,-6.908230147078402,-8.073495427485543,base,-1.1652652804071408,100,207
conflict_swap:t3,-8.82928770641475,-8.140081719310524,human,100,elephant,class_small_standard_large,conflict-class_small_standard_large-elephant-S100-V207-t3,class_donor,large,conflict_swap,False,1.731860794046705,bias_corrected,large,1.6218966019999215,-0.10996419204678354,size-conflict_swap-class_small_standard_large-elephant-S100-V207-class_span-to_large-t3,False,clear,Qwen/Qwen2.5-3B,qwen_qwen2_5_3b,class_span,large,conflict-class_small_standard_large-elephant-S100-V207-t3,sibling_class_gate_pred_large_expected_small,-7.207391104414828,-8.250045911357308,cf,1.0426548069424797,100,207
conflict_swap:t3,-8.82928770641475,-8.140081719310524,human,100,elephant,class_small_standard_large,conflict-class_small_standard_large-elephant-S100-V207-t3,class_donor,small,conflict_swap,True,-0.7084443791592916,bias_corrected,large,1.9171462503704904,1.2087018712111988,size-conflict_swap-class_small_standard_large-elephant-S100-V207-class_span-to_large-t3,False,clear,Qwen/Qwen2.5-3B,qwen_qwen2_5_3b,class_span,large,conflict-class_small_standard_large-elephant-S100-V207-t3,sibling_class_gate_pred_large_expected_small,-6.912141456044259,-6.931379848099326,sibling_class,-0.019238392055066278,100,207
conflict_swap:t3,-8.82928770641475,-8.140081719310524,human,100,elephant,class_small_standard_large,conflict-class_small_standard_large-elephant-S100-V207-t3,class_donor,large,conflict_swap,True,1.731860794046705,bias_corrected,large,1.6218966019999215,-0.10996419204678354,size-conflict_swap-class_small_standard_large-elephant-S100-V207-class_span-to_large-t3,False,clear,Qwen/Qwen2.5-3B,qwen_qwen2_5_3b,class_span,large,conflict-class_small_standard_large-elephant-S100-V207-t3,sibling_class_gate_pred_large_expected_small,-7.207391104414828,-8.250045911357308,sibling_standard,1.0426548069424797,100,207
conflict_swap:t3,-8.82928770641475,-8.140081719310524,elephant,900,elephant,class_small_standard_large,conflict-class_small_standard_large-elephant-S100-V207-t3,standard_donor,large,conflict_swap,False,1.8544712675113662,bias_corrected,large,1.9210575593363473,0.0665862918249811,size-conflict_swap-class_small_standard_large-elephant-S100-V207-standard_span-to_small-t3,False,clear,Qwen/Qwen2.5-3B,qwen_qwen2_5_3b,standard_span,large,conflict-class_small_standard_large-elephant-S100-V207-t3,sibling_class_gate_pred_large_expected_small,-6.908230147078402,-8.073495427485543,base,1.1652652804071408,100,207
conflict_swap:t3,-8.82928770641475,-8.140081719310524,elephant,900,elephant,class_small_standard_large,conflict-class_small_standard_large-elephant-S100-V207-t3,standard_donor,small,conflict_swap,False,-0.7084443791592916,bias_corrected,large,1.9171462503704904,1.2087018712111988,size-conflict_swap-class_small_standard_large-elephant-S100-V207-standard_span-to_small-t3,False,clear,Qwen/Qwen2.5-3B,qwen_qwen2_5_3b,standard_span,large,conflict-class_small_standard_large-elephant-S100-V207-t3,sibling_class_gate_pred_large_expected_small,-6.912141456044259,-6.931379848099326,cf,-0.019238392055066278,100,207
conflict_swap:t3,-8.82928770641475,-8.140081719310524,elephant,900,elephant,class_small_standard_large,conflict-class_small_standard_large-elephant-S100-V207-t3,standard_donor,small,conflict_swap,True,-0.7084443791592916,bias_corrected,large,1.9171462503704904,1.2087018712111988,size-conflict_swap-class_small_standard_large-elephant-S100-V207-standard_span-to_small-t3,False,clear,Qwen/Qwen2.5-3B,qwen_qwen2_5_3b,standard_span,large,conflict-class_small_standard_large-elephant-S100-V207-t3,sibling_class_gate_pred_large_expected_small,-6.912141456044259,-6.931379848099326,sibling_class,-0.019238392055066278,100,207
conflict_swap:t3,-8.82928770641475,-8.140081719310524,elephant,900,elephant,class_small_standard_large,conflict-class_small_standard_large-elephant-S100-V207-t3,standard_donor,large,conflict_swap,True,1.731860794046705,bias_corrected,large,1.6218966019999215,-0.10996419204678354,size-conflict_swap-class_small_standard_large-elephant-S100-V207-standard_span-to_small-t3,False,clear,Qwen/Qwen2.5-3B,qwen_qwen2_5_3b,standard_span,large,conflict-class_small_standard_large-elephant-S100-V207-t3,sibling_class_gate_pred_large_expected_small,-7.207391104414828,-8.250045911357308,sibling_standard,1.0426548069424797,100,207
conflict_swap:t3,-8.82928770641475,-8.140081719310524,elephant,900,human,class_large_standard_small,conflict-class_large_standard_small-human-S900-V207-t3,class_donor,large,conflict_swap,False,-0.24870200712115675,bias_corrected,small,1.4235826961754539,1.6722847032966106,size-conflict_swap-class_large_standard_small-human-S900-V207-class_span-to_small-t3,False,clear,Qwen/Qwen2.5-3B,qwen_qwen2_5_3b,class_span,small,conflict-class_large_standard_small-human-S900-V207-t3,sibling_standard_gate_pred_large_expected_small,-7.405705010239296,-6.467797016013914,base,-0.9379079942253821,900,207
conflict_swap:t3,-8.82928770641475,-8.140081719310524,elephant,900,human,class_large_standard_small,conflict-class_large_standard_small-human-S900-V207-t3,class_donor,small,conflict_swap,False,-0.7084443791592916,bias_corrected,large,1.9171462503704904,1.2087018712111988,size-conflict_swap-class_large_standard_small-human-S900-V207-class_span-to_small-t3,False,clear,Qwen/Qwen2.5-3B,qwen_qwen2_5_3b,class_span,large,conflict-class_large_standard_small-human-S900-V207-t3,sibling_standard_gate_pred_large_expected_small,-6.912141456044259,-6.931379848099326,cf,-0.019238392055066278,900,207
conflict_swap:t3,-8.82928770641475,-8.140081719310524,elephant,900,human,class_large_standard_small,conflict-class_large_standard_small-human-S900-V207-t3,class_donor,large,conflict_swap,True,1.731860794046705,bias_corrected,large,1.6218966019999215,-0.10996419204678354,size-conflict_swap-class_large_standard_small-human-S900-V207-class_span-to_small-t3,False,clear,Qwen/Qwen2.5-3B,qwen_qwen2_5_3b,class_span,large,conflict-class_large_standard_small-human-S900-V207-t3,sibling_standard_gate_pred_large_expected_small,-7.207391104414828,-8.250045911357308,sibling_class,1.0426548069424797,900,207
conflict_swap:t3,-8.82928770641475,-8.140081719310524,elephant,900,human,class_large_standard_small,conflict-class_large_standard_small-human-S900-V207-t3,class_donor,small,conflict_swap,True,-0.7084443791592916,bias_corrected,large,1.9171462503704904,1.2087018712111988,size-conflict_swap-class_large_standard_small-human-S900-V207-class_span-to_small-t3,False,clear,Qwen/Qwen2.5-3B,qwen_qwen2_5_3b,class_span,large,conflict-class_large_standard_small-human-S900-V207-t3,sibling_standard_gate_pred_large_expected_small,-6.912141456044259,-6.931379848099326,sibling_standard,-0.019238392055066278,900,207
conflict_swap:t3,-8.82928770641475,-8.140081719310524,human,100,human,class_large_standard_small,conflict-class_large_standard_small-human-S900-V207-t3,standard_donor,small,conflict_swap,False,0.24870200712115675,bias_corrected,small,1.4235826961754539,1.6722847032966106,size-conflict_swap-class_large_standard_small-human-S900-V207-standard_span-to_large-t3,False,clear,Qwen/Qwen2.5-3B,qwen_qwen2_5_3b,standard_span,small,conflict-class_large_standard_small-human-S900-V207-t3,sibling_standard_gate_pred_large_expected_small,-7.405705010239296,-6.467797016013914,base,0.9379079942253821,900,207
conflict_swap:t3,-8.82928770641475,-8.140081719310524,human,100,human,class_large_standard_small,conflict-class_large_standard_small-human-S900-V207-t3,standard_donor,large,conflict_swap,False,1.731860794046705,bias_corrected,large,1.6218966019999215,-0.10996419204678354,size-conflict_swap-class_large_standard_small-human-S900-V207-standard_span-to_large-t3,False,clear,Qwen/Qwen2.5-3B,qwen_qwen2_5_3b,standard_span,large,conflict-class_large_standard_small-human-S900-V207-t3,sibling_standard_gate_pred_large_expected_small,-7.207391104414828,-8.250045911357308,cf,1.0426548069424797,900,207
conflict_swap:t3,-8.82928770641475,-8.140081719310524,human,100,human,class_large_standard_small,conflict-class_large_standard_small-human-S900-V207-t3,standard_donor,large,conflict_swap,True,1.731860794046705,bias_corrected,large,1.6218966019999215,-0.10996419204678354,size-conflict_swap-class_large_standard_small-human-S900-V207-standard_span-to_large-t3,False,clear,Qwen/Qwen2.5-3B,qwen_qwen2_5_3b,standard_span,large,conflict-class_large_standard_small-human-S900-V207-t3,sibling_standard_gate_pred_large_expected_small,-7.207391104414828,-8.250045911357308,sibling_class,1.0426548069424797,900,207
conflict_swap:t3,-8.82928770641475,-8.140081719310524,human,100,human,class_large_standard_small,conflict-class_large_standard_small-human-S900-V207-t3,standard_donor,small,conflict_swap,True,-0.7084443791592916,bias_corrected,large,1.9171462503704904,1.2087018712111988,size-conflict_swap-class_large_standard_small-human-S900-V207-standard_span-to_large-t3,False,clear,Qwen/Qwen2.5-3B,qwen_qwen2_5_3b,standard_span,large,conflict-class_large_standard_small-human-S900-V207-t3,sibling_standard_gate_pred_large_expected_small,-6.912141456044259,-6.931379848099326,sibling_standard,-0.019238392055066278,900,207
conflict_swap:t3,-8.82928770641475,-8.140081719310524,human,100,elephant,class_small_standard_large,conflict-class_small_standard_large-elephant-S100-V226-t3,class_donor,small,conflict_swap,False,-1.8374852778400061,bias_corrected,large,1.9686929646595583,0.1312076868195522,size-conflict_swap-class_small_standard_large-elephant-S100-V226-class_span-to_large-t3,False,clear,Qwen/Qwen2.5-3B,qwen_qwen2_5_3b,class_span,large,conflict-class_small_standard_large-elephant-S100-V226-t3,sibling_class_gate_pred_large_expected_small,-6.860594741755191,-8.008874032490972,base,-1.1482792907357808,100,226
conflict_swap:t3,-8.82928770641475,-8.140081719310524,human,100,elephant,class_small_standard_large,conflict-class_small_standard_large-elephant-S100-V226-t3,class_donor,large,conflict_swap,False,1.7118767679254958,bias_corrected,large,1.7014528458911524,-0.010423922034343391,size-conflict_swap-class_small_standard_large-elephant-S100-V226-class_span-to_large-t3,False,clear,Qwen/Qwen2.5-3B,qwen_qwen2_5_3b,class_span,large,conflict-class_small_standard_large-elephant-S100-V226-t3,sibling_class_gate_pred_large_expected_small,-7.127834860523597,-8.150505641344868,cf,1.0226707808212705,100,226
conflict_swap:t3,-8.82928770641475,-8.140081719310524,human,100,elephant,class_small_standard_large,conflict-class_small_standard_large-elephant-S100-V226-t3,class_donor,small,conflict_swap,True,-0.6789205554189,bias_corrected,large,1.9225302187237618,1.243609663304862,size-conflict_swap-class_small_standard_large-elephant-S100-V226-class_span-to_large-t3,False,clear,Qwen/Qwen2.5-3B,qwen_qwen2_5_3b,class_span,small,conflict-class_small_standard_large-elephant-S100-V226-t3,sibling_class_gate_pred_large_expected_small,-6.906757487690988,-6.8964720560056625,sibling_class,0.010285431685325364,100,226
conflict_swap:t3,-8.82928770641475,-8.140081719310524,human,100,elephant,class_small_standard_large,conflict-class_small_standard_large-elephant-S100-V226-t3,class_donor,large,conflict_swap,True,1.7118767679254958,bias_corrected,large,1.7014528458911524,-0.010423922034343391,size-conflict_swap-class_small_standard_large-elephant-S100-V226-class_span-to_large-t3,False,clear,Qwen/Qwen2.5-3B,qwen_qwen2_5_3b,class_span,large,conflict-class_small_standard_large-elephant-S100-V226-t3,sibling_class_gate_pred_large_expected_small,-7.127834860523597,-8.150505641344868,sibling_standard,1.0226707808212705,100,226
conflict_swap:t3,-8.82928770641475,-8.140081719310524,elephant,900,elephant,class_small_standard_large,conflict-class_small_standard_large-elephant-S100-V226-t3,standard_donor,large,conflict_swap,False,1.8374852778400061,bias_corrected,large,1.9686929646595583,0.1312076868195522,size-conflict_swap-class_small_standard_large-elephant-S100-V226-standard_span-to_small-t3,False,clear,Qwen/Qwen2.5-3B,qwen_qwen2_5_3b,standard_span,large,conflict-class_small_standard_large-elephant-S100-V226-t3,sibling_class_gate_pred_large_expected_small,-6.860594741755191,-8.008874032490972,base,1.1482792907357808,100,226
conflict_swap:t3,-8.82928770641475,-8.140081719310524,elephant,900,elephant,class_small_standard_large,conflict-class_small_standard_large-elephant-S100-V226-t3,standard_donor,small,conflict_swap,False,-0.6789205554189,bias_corrected,large,1.9225302187237618,1.243609663304862,size-conflict_swap-class_small_standard_large-elephant-S100-V226-standard_span-to_small-t3,False,clear,Qwen/Qwen2.5-3B,qwen_qwen2_5_3b,standard_span,small,conflict-class_small_standard_large-elephant-S100-V226-t3,sibling_class_gate_pred_large_expected_small,-6.906757487690988,-6.8964720560056625,cf,0.010285431685325364,100,226
conflict_swap:t3,-8.82928770641475,-8.140081719310524,elephant,900,elephant,class_small_standard_large,conflict-class_small_standard_large-elephant-S100-V226-t3,standard_donor,small,conflict_swap,True,-0.6789205554189,bias_corrected,large,1.9225302187237618,1.243609663304862,size-conflict_swap-class_small_standard_large-elephant-S100-V226-standard_span-to_small-t3,False,clear,Qwen/Qwen2.5-3B,qwen_qwen2_5_3b,standard_span,small,conflict-class_small_standard_large-elephant-S100-V226-t3,sibling_class_gate_pred_large_expected_small,-6.906757487690988,-6.8964720560056625,sibling_class,0.010285431685325364,100,226
conflict_swap:t3,-8.82928770641475,-8.140081719310524,elephant,900,elephant,class_small_standard_large,conflict-class_small_standard_large-elephant-S100-V226-t3,standard_donor,large,conflict_swap,True,1.7118767679254958,bias_corrected,large,1.7014528458911524,-0.010423922034343391,size-conflict_swap-class_small_standard_large-elephant-S100-V226-standard_span-to_small-t3,False,clear,Qwen/Qwen2.5-3B,qwen_qwen2_5_3b,standard_span,large,conflict-class_small_standard_large-elephant-S100-V226-t3,sibling_class_gate_pred_large_expected_small,-7.127834860523597,-8.150505641344868,sibling_standard,1.0226707808212705,100,226
conflict_swap:t3,-8.82928770641475,-8.140081719310524,elephant,900,human,class_large_standard_small,conflict-class_large_standard_small-human-S900-V226-t3,class_donor,large,conflict_swap,False,-0.22324148725976123,bias_corrected,small,1.4154114144316248,1.638652901691386,size-conflict_swap-class_large_standard_small-human-S900-V226-class_span-to_small-t3,False,clear,Qwen/Qwen2.5-3B,qwen_qwen2_5_3b,class_span,small,conflict-class_large_standard_small-human-S900-V226-t3,sibling_standard_gate_pred_large_expected_small,-7.413876291983125,-6.501428817619138,base,-0.9124474743639865,900,226
conflict_swap:t3,-8.82928770641475,-8.140081719310524,elephant,900,human,class_large_standard_small,conflict-class_large_standard_small-human-S900-V226-t3,class_donor,small,conflict_swap,False,-0.6789205554189,bias_corrected,large,1.9225302187237618,1.243609663304862,size-conflict_swap-class_large_standard_small-human-S900-V226-class_span-to_small-t3,False,clear,Qwen/Qwen2.5-3B,qwen_qwen2_5_3b,class_span,small,conflict-class_large_standard_small-human-S900-V226-t3,sibling_standard_gate_pred_large_expected_small,-6.906757487690988,-6.8964720560056625,cf,0.010285431685325364,900,226
conflict_swap:t3,-8.82928770641475,-8.140081719310524,elephant,900,human,class_large_standard_small,conflict-class_large_standard_small-human-S900-V226-t3,class_donor,large,conflict_swap,True,1.7118767679254958,bias_corrected,large,1.7014528458911524,-0.010423922034343391,size-conflict_swap-class_large_standard_small-human-S900-V226-class_span-to_small-t3,False,clear,Qwen/Qwen2.5-3B,qwen_qwen2_5_3b,class_span,large,conflict-class_large_standard_small-human-S900-V226-t3,sibling_standard_gate_pred_large_expected_small,-7.127834860523597,-8.150505641344868,sibling_class,1.0226707808212705,900,226
conflict_swap:t3,-8.82928770641475,-8.140081719310524,elephant,900,human,class_large_standard_small,conflict-class_large_standard_small-human-S900-V226-t3,class_donor,small,conflict_swap,True,-0.6789205554189,bias_corrected,large,1.9225302187237618,1.243609663304862,size-conflict_swap-class_large_standard_small-human-S900-V226-class_span-to_small-t3,False,clear,Qwen/Qwen2.5-3B,qwen_qwen2_5_3b,class_span,small,conflict-class_large_standard_small-human-S900-V226-t3,sibling_standard_gate_pred_large_expected_small,-6.906757487690988,-6.8964720560056625,sibling_standard,0.010285431685325364,900,226
conflict_swap:t3,-8.82928770641475,-8.140081719310524,human,100,human,class_large_standard_small,conflict-class_large_standard_small-human-S900-V226-t3,standard_donor,small,conflict_swap,False,0.22324148725976123,bias_corrected,small,1.4154114144316248,1.638652901691386,size-conflict_swap-class_large_standard_small-human-S900-V226-standard_span-to_large-t3,False,clear,Qwen/Qwen2.5-3B,qwen_qwen2_5_3b,standard_span,small,conflict-class_large_standard_small-human-S900-V226-t3,sibling_standard_gate_pred_large_expected_small,-7.413876291983125,-6.501428817619138,base,0.9124474743639865,900,226
conflict_swap:t3,-8.82928770641475,-8.140081719310524,human,100,human,class_large_standard_small,conflict-class_large_standard_small-human-S900-V226-t3,standard_donor,large,conflict_swap,False,1.7118767679254958,bias_corrected,large,1.7014528458911524,-0.010423922034343391,size-conflict_swap-class_large_standard_small-human-S900-V226-standard_span-to_large-t3,False,clear,Qwen/Qwen2.5-3B,qwen_qwen2_5_3b,standard_span,large,conflict-class_large_standard_small-human-S900-V226-t3,sibling_standard_gate_pred_large_expected_small,-7.127834860523597,-8.150505641344868,cf,1.0226707808212705,900,226
conflict_swap:t3,-8.82928770641475,-8.140081719310524,human,100,human,class_large_standard_small,conflict-class_large_standard_small-human-S900-V226-t3,standard_donor,large,conflict_swap,True,1.7118767679254958,bias_corrected,large,1.7014528458911524,-0.010423922034343391,size-conflict_swap-class_large_standard_small-human-S900-V226-standard_span-to_large-t3,False,clear,Qwen/Qwen2.5-3B,qwen_qwen2_5_3b,standard_span,large,conflict-class_large_standard_small-human-S900-V226-t3,sibling_standard_gate_pred_large_expected_small,-7.127834860523597,-8.150505641344868,sibling_class,1.0226707808212705,900,226
conflict_swap:t3,-8.82928770641475,-8.140081719310524,human,100,human,class_large_standard_small,conflict-class_large_standard_small-human-S900-V226-t3,standard_donor,small,conflict_swap,True,-0.6789205554189,bias_corrected,large,1.9225302187237618,1.243609663304862,size-conflict_swap-class_large_standard_small-human-S900-V226-standard_span-to_large-t3,False,clear,Qwen/Qwen2.5-3B,qwen_qwen2_5_3b,standard_span,small,conflict-class_large_standard_small-human-S900-V226-t3,sibling_standard_gate_pred_large_expected_small,-6.906757487690988,-6.8964720560056625,sibling_standard,0.010285431685325364,900,226
conflict_swap:t3,-8.82928770641475,-8.140081719310524,human,100,elephant,class_small_standard_large,conflict-class_small_standard_large-elephant-S100-V246-t3,class_donor,small,conflict_swap,False,-1.8300104619687234,bias_corrected,large,1.9758392802425835,0.14582881827386007,size-conflict_swap-class_small_standard_large-elephant-S100-V246-class_span-to_large-t3,False,clear,Qwen/Qwen2.5-3B,qwen_qwen2_5_3b,class_span,large,conflict-class_small_standard_large-elephant-S100-V246-t3,sibling_class_gate_pred_large_expected_small,-6.853448426172166,-7.994252901036664,base,-1.140804474864498,100,246
conflict_swap:t3,-8.82928770641475,-8.140081719310524,human,100,elephant,class_small_standard_large,conflict-class_small_standard_large-elephant-S100-V246-t3,class_donor,large,conflict_swap,False,1.738499112025167,bias_corrected,large,1.6559330170947657,-0.08256609493040123,size-conflict_swap-class_small_standard_large-elephant-S100-V246-class_span-to_large-t3,False,clear,Qwen/Qwen2.5-3B,qwen_qwen2_5_3b,class_span,large,conflict-class_small_standard_large-elephant-S100-V246-t3,sibling_class_gate_pred_large_expected_small,-7.173354689319984,-8.222647814240926,cf,1.0492931249209416,100,246
conflict_swap:t3,-8.82928770641475,-8.140081719310524,human,100,elephant,class_small_standard_large,conflict-class_small_standard_large-elephant-S100-V246-t3,class_donor,small,conflict_swap,True,-0.7242223403548289,bias_corrected,large,1.9321820866682398,1.2079597463134109,size-conflict_swap-class_small_standard_large-elephant-S100-V246-class_span-to_large-t3,False,clear,Qwen/Qwen2.5-3B,qwen_qwen2_5_3b,class_span,large,conflict-class_small_standard_large-elephant-S100-V246-t3,sibling_class_gate_pred_large_expected_small,-6.89710561974651,-6.9321219729971135,sibling_class,-0.035016353250603593,100,246
conflict_swap:t3,-8.82928770641475,-8.140081719310524,human,100,elephant,class_small_standard_large,conflict-class_small_standard_large-elephant-S100-V246-t3,class_donor,large,conflict_swap,True,1.738499112025167,bias_corrected,large,1.6559330170947657,-0.08256609493040123,size-conflict_swap-class_small_standard_large-elephant-S100-V246-class_span-to_large-t3,False,clear,Qwen/Qwen2.5-3B,qwen_qwen2_5_3b,class_span,large,conflict-class_small_standard_large-elephant-S100-V246-t3,sibling_class_gate_pred_large_expected_small,-7.173354689319984,-8.222647814240926,sibling_standard,1.0492931249209416,100,246
conflict_swap:t3,-8.82928770641475,-8.140081719310524,elephant,900,elephant,class_small_standard_large,conflict-class_small_standard_large-elephant-S100-V246-t3,standard_donor,large,conflict_swap,False,1.8300104619687234,bias_corrected,large,1.9758392802425835,0.14582881827386007,size-conflict_swap-class_small_standard_large-elephant-S100-V246-standard_span-to_small-t3,False,clear,Qwen/Qwen2.5-3B,qwen_qwen2_5_3b,standard_span,large,conflict-class_small_standard_large-elephant-S100-V246-t3,sibling_class_gate_pred_large_expected_small,-6.853448426172166,-7.994252901036664,base,1.140804474864498,100,246
conflict_swap:t3,-8.82928770641475,-8.140081719310524,elephant,900,elephant,class_small_standard_large,conflict-class_small_standard_large-elephant-S100-V246-t3,standard_donor,small,conflict_swap,False,-0.7242223403548289,bias_corrected,large,1.9321820866682398,1.2079597463134109,size-conflict_swap-class_small_standard_large-elephant-S100-V246-standard_span-to_small-t3,False,clear,Qwen/Qwen2.5-3B,qwen_qwen2_5_3b,standard_span,large,conflict-class_small_standard_large-elephant-S100-V246-t3,sibling_class_gate_pred_large_expected_small,-6.89710561974651,-6.9321219729971135,cf,-0.035016353250603593,100,246
conflict_swap:t3,-8.82928770641475,-8.140081719310524,elephant,900,elephant,class_small_standard_large,conflict-class_small_standard_large-elephant-S100-V246-t3,standard_donor,small,conflict_swap,True,-0.7242223403548289,bias_corrected,large,1.9321820866682398,1.2079597463134109,size-conflict_swap-class_small_standard_large-elephant-S100-V246-standard_span-to_small-t3,False,clear,Qwen/Qwen2.5-3B,qwen_qwen2_5_3b,standard_span,large,conflict-class_small_standard_large-elephant-S100-V246-t3,sibling_class_gate_pred_large_expected_small,-6.89710561974651,-6.9321219729971135,sibling_class,-0.035016353250603593,100,246
conflict_swap:t3,-8.82928770641475,-8.140081719310524,elephant,900,elephant,class_small_standard_large,conflict-class_small_standard_large-elephant-S100-V246-t3,standard_donor,large,conflict_swap,True,1.738499112025167,bias_corrected,large,1.6559330170947657,-0.08256609493040123,size-conflict_swap-class_small_standard_large-elephant-S100-V246-standard_span-to_small-t3,False,clear,Qwen/Qwen2.5-3B,qwen_qwen2_5_3b,standard_span,large,conflict-class_small_standard_large-elephant-S100-V246-t3,sibling_class_gate_pred_large_expected_small,-7.173354689319984,-8.222647814240926,sibling_standard,1.0492931249209416,100,246
conflict_swap:t3,-8.82928770641475,-8.140081719310524,elephant,900,human,class_large_standard_small,conflict-class_large_standard_small-human-S900-V246-t3,class_donor,large,conflict_swap,False,-0.17733162984553896,bias_corrected,small,1.3675497710040911,1.54488140084963,size-conflict_swap-class_large_standard_small-human-S900-V246-class_span-to_small-t3,False,clear,Qwen/Qwen2.5-3B,qwen_qwen2_5_3b,class_span,small,conflict-class_large_standard_small-human-S900-V246-t3,sibling_standard_gate_pred_large_expected_small,-7.4617379354106586,-6.595200318460894,base,-0.8665376169497643,900,246
conflict_swap:t3,-8.82928770641475,-8.140081719310524,elephant,900,human,class_large_standard_small,conflict-class_large_standard_small-human-S900-V246-t3,class_donor,small,conflict_swap,False,-0.7242223403548289,bias_corrected,large,1.9321820866682398,1.2079597463134109,size-conflict_swap-class_large_standard_small-human-S900-V246-class_span-to_small-t3,False,clear,Qwen/Qwen2.5-3B,qwen_qwen2_5_3b,class_span,large,conflict-class_large_standard_small-human-S900-V246-t3,sibling_standard_gate_pred_large_expected_small,-6.89710561974651,-6.9321219729971135,cf,-0.035016353250603593,900,246
conflict_swap:t3,-8.82928770641475,-8.140081719310524,elephant,900,human,class_large_standard_small,conflict-class_large_standard_small-human-S900-V246-t3,class_donor,large,conflict_swap,True,1.738499112025167,bias_corrected,large,1.6559330170947657,-0.08256609493040123,size-conflict_swap-class_large_standard_small-human-S900-V246-class_span-to_small-t3,False,clear,Qwen/Qwen2.5-3B,qwen_qwen2_5_3b,class_span,large,conflict-class_large_standard_small-human-S900-V246-t3,sibling_standard_gate_pred_large_expected_small,-7.173354689319984,-8.222647814240926,sibling_class,1.0492931249209416,900,246
conflict_swap:t3,-8.82928770641475,-8.140081719310524,elephant,900,human,class_large_standard_small,conflict-class_large_standard_small-human-S900-V246-t3,class_donor,small,conflict_swap,True,-0.7242223403548289,bias_corrected,large,1.9321820866682398,1.2079597463134109,size-conflict_swap-class_large_standard_small-human-S900-V246-class_span-to_small-t3,False,clear,Qwen/Qwen2.5-3B,qwen_qwen2_5_3b,class_span,large,conflict-class_large_standard_small-human-S900-V246-t3,sibling_standard_gate_pred_large_expected_small,-6.89710561974651,-6.9321219729971135,sibling_standard,-0.035016353250603593,900,246
conflict_swap:t3,-8.82928770641475,-8.140081719310524,human,100,human,class_large_standard_small,conflict-class_large_standard_small-human-S900-V246-t3,standard_donor,small,conflict_swap,False,0.17733162984553896,bias_corrected,small,1.3675497710040911,1.54488140084963,size-conflict_swap-class_large_standard_small-human-S900-V246-standard_span-to_large-t3,False,clear,Qwen/Qwen2.5-3B,qwen_qwen2_5_3b,standard_span,small,conflict-class_large_standard_small-human-S900-V246-t3,sibling_standard_gate_pred_large_expected_small,-7.4617379354106586,-6.595200318460894,base,0.8665376169497643,900,246
conflict_swap:t3,-8.82928770641475,-8.140081719310524,human,100,human,class_large_standard_small,conflict-class_large_standard_small-human-S900-V246-t3,standard_donor,large,conflict_swap,False,1.738499112025167,bias_corrected,large,1.6559330170947657,-0.08256609493040123,size-conflict_swap-class_large_standard_small-human-S900-V246-standard_span-to_large-t3,False,clear,Qwen/Qwen2.5-3B,qwen_qwen2_5_3b,standard_span,large,conflict-class_large_standard_small-human-S900-V246-t3,sibling_standard_gate_pred_large_expected_small,-7.173354689319984,-8.222647814240926,cf,1.0492931249209416,900,246
conflict_swap:t3,-8.82928770641475,-8.140081719310524,human,100,human,class_large_standard_small,conflict-class_large_standard_small-human-S900-V246-t3,standard_donor,large,conflict_swap,True,1.738499112025167,bias_corrected,large,1.6559330170947657,-0.08256609493040123,size-conflict_swap-class_large_standard_small-human-S900-V246-standard_span-to_large-t3,False,clear,Qwen/Qwen2.5-3B,qwen_qwen2_5_3b,standard_span,large,conflict-class_large_standard_small-human-S900-V246-t3,sibling_standard_gate_pred_large_expected_small,-7.173354689319984,-8.222647814240926,sibling_class,1.0492931249209416,900,246
conflict_swap:t3,-8.82928770641475,-8.140081719310524,human,100,human,class_large_standard_small,conflict-class_large_standard_small-human-S900-V246-t3,standard_donor,small,conflict_swap,True,-0.7242223403548289,bias_corrected,large,1.9321820866682398,1.2079597463134109,size-conflict_swap-class_large_standard_small-human-S900-V246-standard_span-to_large-t3,False,clear,Qwen/Qwen2.5-3B,qwen_qwen2_5_3b,standard_span,large,conflict-class_large_standard_small-human-S900-V246-t3,sibling_standard_gate_pred_large_expected_small,-6.89710561974651,-6.9321219729971135,sibling_standard,-0.035016353250603593,900,246
conflict_swap:t3,-8.82928770641475,-8.140081719310524,human,100,elephant,class_small_standard_large,conflict-class_small_standard_large-elephant-S100-V268-t3,class_donor,small,conflict_swap,False,-1.8643751506938777,bias_corrected,large,2.006367391692029,0.14199224099815133,size-conflict_swap-class_small_standard_large-elephant-S100-V268-class_span-to_large-t3,False,clear,Qwen/Qwen2.5-3B,qwen_qwen2_5_3b,class_span,large,conflict-class_small_standard_large-elephant-S100-V268-t3,sibling_class_gate_pred_large_expected_small,-6.822920314722721,-7.998089478312373,base,-1.1751691635896524,100,268
conflict_swap:t3,-8.82928770641475,-8.140081719310524,human,100,elephant,class_small_standard_large,conflict-class_small_standard_large-elephant-S100-V268-t3,class_donor,large,conflict_swap,False,1.7571791712190876,bias_corrected,large,1.7163677540884041,-0.04081141713068348,size-conflict_swap-class_small_standard_large-elephant-S100-V268-class_span-to_large-t3,False,clear,Qwen/Qwen2.5-3B,qwen_qwen2_5_3b,class_span,large,conflict-class_small_standard_large-elephant-S100-V268-t3,sibling_class_gate_pred_large_expected_small,-7.1129199523263456,-8.180893136441208,cf,1.0679731841148623,100,268
conflict_swap:t3,-8.82928770641475,-8.140081719310524,human,100,elephant,class_small_standard_large,conflict-class_small_standard_large-elephant-S100-V268-t3,class_donor,small,conflict_swap,True,-0.737384327209635,bias_corrected,large,1.945781752724038,1.208397425514403,size-conflict_swap-class_small_standard_large-elephant-S100-V268-class_span-to_large-t3,False,clear,Qwen/Qwen2.5-3B,qwen_qwen2_5_3b,class_span,large,conflict-class_small_standard_large-elephant-S100-V268-t3,sibling_class_gate_pred_large_expected_small,-6.883505953690712,-6.931684293796121,sibling_class,-0.04817834010540967,100,268
conflict_swap:t3,-8.82928770641475,-8.140081719310524,human,100,elephant,class_small_standard_large,conflict-class_small_standard_large-elephant-S100-V268-t3,class_donor,large,conflict_swap,True,1.7571791712190876,bias_corrected,large,1.7163677540884041,-0.04081141713068348,size-conflict_swap-class_small_standard_large-elephant-S100-V268-class_span-to_large-t3,False,clear,Qwen/Qwen2.5-3B,qwen_qwen2_5_3b,class_span,large,conflict-class_small_standard_large-elephant-S100-V268-t3,sibling_class_gate_pred_large_expected_small,-7.1129199523263456,-8.180893136441208,sibling_standard,1.0679731841148623,100,268
conflict_swap:t3,-8.82928770641475,-8.140081719310524,elephant,900,elephant,class_small_standard_large,conflict-class_small_standard_large-elephant-S100-V268-t3,standard_donor,large,conflict_swap,False,1.8643751506938777,bias_corrected,large,2.006367391692029,0.14199224099815133,size-conflict_swap-class_small_standard_large-elephant-S100-V268-standard_span-to_small-t3,False,clear,Qwen/Qwen2.5-3B,qwen_qwen2_5_3b,standard_span,large,conflict-class_small_standard_large-elephant-S100-V268-t3,sibling_class_gate_pred_large_expected_small,-6.822920314722721,-7.998089478312373,base,1.1751691635896524,100,268
conflict_swap:t3,-8.82928770641475,-8.140081719310524,elephant,900,elephant,class_small_standard_large,conflict-class_small_standard_large-elephant-S100-V268-t3,standard_donor,small,conflict_swap,False,-0.737384327209635,bias_corrected,large,1.945781752724038,1.208397425514403,size-conflict_swap-class_small_standard_large-elephant-S100-V268-standard_span-to_small-t3,False,clear,Qwen/Qwen2.5-3B,qwen_qwen2_5_3b,standard_span,large,conflict-class_small_standard_large-elephant-S100-V268-t3,sibling_class_gate_pred_large_expected_small,-6.883505953690712,-6.931684293796121,cf,-0.04817834010540967,100,268
conflict_swap:t3,-8.82928770641475,-8.140081719310524,elephant,900,elephant,class_small_standard_large,conflict-class_small_standard_large-elephant-S100-V268-t3,standard_donor,small,conflict_swap,True,-0.737384327209635,bias_corrected,large,1.945781752724038,1.208397425514403,size-conflict_swap-class_small_standard_large-elephant-S100-V268-standard_span-to_small-t3,False,clear,Qwen/Qwen2.5-3B,qwen_qwen2_5_3b,standard_span,large,conflict-class_small_standard_large-elephant-S100-V268-t3,sibling_class_gate_pred_large_expected_small,-6.883505953690712,-6.931684293796121,sibling_class,-0.04817834010540967,100,268
conflict_swap:t3,-8.82928770641475,-8.140081719310524,elephant,900,elephant,class_small_standard_large,conflict-class_small_standard_large-elephant-S100-V268-t3,standard_donor,large,conflict_swap,True,1.7571791712190876,bias_corrected,large,1.7163677540884041,-0.04081141713068348,size-conflict_swap-class_small_standard_large-elephant-S100-V268-standard_span-to_small-t3,False,clear,Qwen/Qwen2.5-3B,qwen_qwen2_5_3b,standard_span,large,conflict-class_small_standard_large-elephant-S100-V268-t3,sibling_class_gate_pred_large_expected_small,-7.1129199523263456,-8.180893136441208,sibling_standard,1.0679731841148623,100,268
conflict_swap:t3,-8.82928770641475,-8.140081719310524,elephant,900,human,class_large_standard_small,conflict-class_large_standard_small-human-S900-V268-t3,class_donor,large,conflict_swap,False,-0.12525363875751427,bias_corrected,small,1.4249592152700448,1.550212854027559,size-conflict_swap-class_large_standard_small-human-S900-V268-class_span-to_small-t3,False,clear,Qwen/Qwen2.5-3B,qwen_qwen2_5_3b,class_span,small,conflict-class_large_standard_small-human-S900-V268-t3,sibling_standard_gate_pred_large_expected_small,-7.404328491144705,-6.589868865282965,base,-0.8144596258617396,900,268
conflict_swap:t3,-8.82928770641475,-8.140081719310524,elephant,900,human,class_large_standard_small,conflict-class_large_standard_small-human-S900-V268-t3,class_donor,small,conflict_swap,False,-0.737384327209635,bias_corrected,large,1.945781752724038,1.208397425514403,size-conflict_swap-class_large_standard_small-human-S900-V268-class_span-to_small-t3,False,clear,Qwen/Qwen2.5-3B,qwen_qwen2_5_3b,class_span,large,conflict-class_large_standard_small-human-S900-V268-t3,sibling_standard_gate_pred_large_expected_small,-6.883505953690712,-6.931684293796121,cf,-0.04817834010540967,900,268
conflict_swap:t3,-8.82928770641475,-8.140081719310524,elephant,900,human,class_large_standard_small,conflict-class_large_standard_small-human-S900-V268-t3,class_donor,large,conflict_swap,True,1.7571791712190876,bias_corrected,large,1.7163677540884041,-0.04081141713068348,size-conflict_swap-class_large_standard_small-human-S900-V268-class_span-to_small-t3,False,clear,Qwen/Qwen2.5-3B,qwen_qwen2_5_3b,class_span,large,conflict-class_large_standard_small-human-S900-V268-t3,sibling_standard_gate_pred_large_expected_small,-7.1129199523263456,-8.180893136441208,sibling_class,1.0679731841148623,900,268
conflict_swap:t3,-8.82928770641475,-8.140081719310524,elephant,900,human,class_large_standard_small,conflict-class_large_standard_small-human-S900-V268-t3,class_donor,small,conflict_swap,True,-0.737384327209635,bias_corrected,large,1.945781752724038,1.208397425514403,size-conflict_swap-class_large_standard_small-human-S900-V268-class_span-to_small-t3,False,clear,Qwen/Qwen2.5-3B,qwen_qwen2_5_3b,class_span,large,conflict-class_large_standard_small-human-S900-V268-t3,sibling_standard_gate_pred_large_expected_small,-6.883505953690712,-6.931684293796121,sibling_standard,-0.04817834010540967,900,268
conflict_swap:t3,-8.82928770641475,-8.140081719310524,human,100,human,class_large_standard_small,conflict-class_large_standard_small-human-S900-V268-t3,standard_donor,small,conflict_swap,False,0.12525363875751427,bias_corrected,small,1.4249592152700448,1.550212854027559,size-conflict_swap-class_large_standard_small-human-S900-V268-standard_span-to_large-t3,False,clear,Qwen/Qwen2.5-3B,qwen_qwen2_5_3b,standard_span,small,conflict-class_large_standard_small-human-S900-V268-t3,sibling_standard_gate_pred_large_expected_small,-7.404328491144705,-6.589868865282965,base,0.8144596258617396,900,268
conflict_swap:t3,-8.82928770641475,-8.140081719310524,human,100,human,class_large_standard_small,conflict-class_large_standard_small-human-S900-V268-t3,standard_donor,large,conflict_swap,False,1.7571791712190876,bias_corrected,large,1.7163677540884041,-0.04081141713068348,size-conflict_swap-class_large_standard_small-human-S900-V268-standard_span-to_large-t3,False,clear,Qwen/Qwen2.5-3B,qwen_qwen2_5_3b,standard_span,large,conflict-class_large_standard_small-human-S900-V268-t3,sibling_standard_gate_pred_large_expected_small,-7.1129199523263456,-8.180893136441208,cf,1.0679731841148623,900,268
conflict_swap:t3,-8.82928770641475,-8.140081719310524,human,100,human,class_large_standard_small,conflict-class_large_standard_small-human-S900-V268-t3,standard_donor,large,conflict_swap,True,1.7571791712190876,bias_corrected,large,1.7163677540884041,-0.04081141713068348,size-conflict_swap-class_large_standard_small-human-S900-V268-standard_span-to_large-t3,False,clear,Qwen/Qwen2.5-3B,qwen_qwen2_5_3b,standard_span,large,conflict-class_large_standard_small-human-S900-V268-t3,sibling_standard_gate_pred_large_expected_small,-7.1129199523263456,-8.180893136441208,sibling_class,1.0679731841148623,900,268
conflict_swap:t3,-8.82928770641475,-8.140081719310524,human,100,human,class_large_standard_small,conflict-class_large_standard_small-human-S900-V268-t3,standard_donor,small,conflict_swap,True,-0.737384327209635,bias_corrected,large,1.945781752724038,1.208397425514403,size-conflict_swap-class_large_standard_small-human-S900-V268-standard_span-to_large-t3,False,clear,Qwen/Qwen2.5-3B,qwen_qwen2_5_3b,standard_span,large,conflict-class_large_standard_small-human-S900-V268-t3,sibling_standard_gate_pred_large_expected_small,-6.883505953690712,-6.931684293796121,sibling_standard,-0.04817834010540967,900,268
