abs_log_ratio,bias_context,bias_large,bias_small,cf_class_name,cf_standard_cm,class_name,conflict_direction,conflict_receiver_id,donor_kind,expected_label,family,gate_asserted,gate_margin,gate_mode,gate_pred_label,gate_score_large,gate_score_small,item_id,kept,margin_bin,model,model_slug,monotonicity_direction,patch_span,penumbra_axis,penumbra_soft_gate,penumbral_relation,pred_label,rank_in_chain,receiver_group_id,reject_reason,score_large,score_small,side,size_margin,standard_cm,value_cm,value_pair_id
0.009852296443011594,standard_swap:t1,-15.387454826255254,-12.943532289846681,,100,ant,,,,small,standard_swap,True,0.5991765173939925,bias_corrected,small,1.3071211207822664,1.9062976381762589,size-standard_swap-ant-S102-V101-small_to_large-mborderline-t1,False,borderline,google/gemma-3-4b-pt,google_gemma_3_4b_pt,,standard_span,,False,,small,,,cf_gate_pred_small_expected_large,-14.080333705472988,-11.037234651670422,base,3.0430990538025657,102,101,
0.009950330853168092,standard_swap:t1,-15.387454826255254,-12.943532289846681,,100,ant,,,,large,standard_swap,True,-0.08807924550402291,bias_corrected,small,0.5509645711369604,0.6390438166409833,size-standard_swap-ant-S102-V101-small_to_large-mborderline-t1,False,borderline,google/gemma-3-4b-pt,google_gemma_3_4b_pt,,standard_span,,False,,small,,,cf_gate_pred_small_expected_large,-14.836490255118294,-12.304488473205698,cf,-2.532001781912596,102,101,
0.08701137698962981,standard_swap:t1,-15.387454826255254,-12.943532289846681,,100,ant,,,,small,standard_swap,True,1.7757106199976764,bias_corrected,small,0.6080177801813083,2.3837284001789847,size-standard_swap-ant-S120-V110-small_to_large-mborderline-t1,False,borderline,google/gemma-3-4b-pt,google_gemma_3_4b_pt,,standard_span,,False,,small,,,cf_gate_margin_below_0.1,-14.779437046073946,-10.559803889667696,base,4.21963315640625,120,110,
0.09531017980432493,standard_swap:t1,-15.387454826255254,-12.943532289846681,,100,ant,,,,large,standard_swap,True,0.05045143927515916,bias_corrected,large,0.9235014393951779,0.8730500001200188,size-standard_swap-ant-S120-V110-small_to_large-mborderline-t1,False,borderline,google/gemma-3-4b-pt,google_gemma_3_4b_pt,,standard_span,,False,,small,,,cf_gate_margin_below_0.1,-14.463953386860076,-12.070482289726662,cf,-2.393471097133414,120,110,
0.20661424936299916,standard_swap:t1,-15.387454826255254,-12.943532289846681,,50,ant,,,,small,standard_swap,True,1.0470946656486753,bias_corrected,small,0.49327700226729654,1.5403716679159718,size-standard_swap-ant-S75-V61-small_to_large-mborderline-t1,True,borderline,google/gemma-3-4b-pt,google_gemma_3_4b_pt,,standard_span,,False,,small,,,,-14.894177823987958,-11.40316062193071,base,3.4910172020572485,75,61,
0.19885085874516517,standard_swap:t1,-15.387454826255254,-12.943532289846681,,50,ant,,,,large,standard_swap,True,1.8660717488703202,bias_corrected,large,3.060227818789709,1.194156069919389,size-standard_swap-ant-S75-V61-small_to_large-mborderline-t1,True,borderline,google/gemma-3-4b-pt,google_gemma_3_4b_pt,,standard_span,,False,,small,,,,-12.327227007465545,-11.749376219927292,cf,-0.577850787538253,75,61,
0.1823215567939546,standard_swap:t1,-15.387454826255254,-12.943532289846681,,100,ant,,,,small,standard_swap,True,2.1560525346334014,bias_corrected,small,1.1315632889117797,3.287615823545181,size-standard_swap-ant-S150-V125-small_to_large-mborderline-t1,True,borderline,google/gemma-3-4b-pt,google_gemma_3_4b_pt,,standard_span,,False,,small,,,,-14.255891537343475,-9.6559164663015,base,4.599975071041975,150,125,
0.22314355131420976,standard_swap:t1,-15.387454826255254,-12.943532289846681,,100,ant,,,,large,standard_swap,True,0.9769664519046906,bias_corrected,large,1.840341333743602,0.8633748818389115,size-standard_swap-ant-S150-V125-small_to_large-mborderline-t1,True,borderline,google/gemma-3-4b-pt,google_gemma_3_4b_pt,,standard_span,,False,,small,,,,-13.547113492511652,-12.08015740800777,cf,-1.4669560845038827,150,125,
0.2876820724517809,standard_swap:t1,-15.387454826255254,-12.943532289846681,,100,ant,,,,small,standard_swap,True,1.0439921621237858,bias_corrected,small,1.5185961105762544,2.56258827270004,size-standard_swap-ant-S200-V150-small_to_large-mclear-t1,True,clear,google/gemma-3-4b-pt,google_gemma_3_4b_pt,,standard_span,,False,,small,,,,-13.868858715679,-10.380944017146641,base,3.487914698532359,200,150,
0.4054651081081644,standard_swap:t1,-15.387454826255254,-12.943532289846681,,100,ant,,,,large,standard_swap,True,1.1147944899814366,bias_corrected,large,2.2388192342592674,1.1240247442778308,size-standard_swap-ant-S200-V150-small_to_large-mclear-t1,True,clear,google/gemma-3-4b-pt,google_gemma_3_4b_pt,,standard_span,,False,,small,,,,-13.148635591995987,-11.81950754556885,cf,-1.3291280464271367,200,150,
1.0986122886681098,standard_swap:t1,-15.387454826255254,-12.943532289846681,,10,ant,,,,small,standard_swap,True,0.22912674990171666,bias_corrected,small,1.7734236010832145,2.002550350984931,size-standard_swap-ant-S90-V30-small_to_large-mclear-t1,True,clear,google/gemma-3-4b-pt,google_gemma_3_4b_pt,,standard_span,,False,,small,,,,-13.61403122517204,-10.94098193886175,base,2.67304928631029,90,30,
1.0986122886681098,standard_swap:t1,-15.387454826255254,-12.943532289846681,,10,ant,,,,large,standard_swap,True,0.4586829383643387,bias_corrected,large,2.103281611594502,1.6445986732301634,size-standard_swap-ant-S90-V30-small_to_large-mclear-t1,True,clear,google/gemma-3-4b-pt,google_gemma_3_4b_pt,,standard_span,,False,,small,,,,-13.284173214660752,-11.298933616616518,cf,-1.9852395980442346,90,30,
1.0986122886681098,standard_swap:t1,-15.387454826255254,-12.943532289846681,,100,ant,,,,small,standard_swap,True,-0.739246916167243,bias_corrected,large,2.3794684663918417,1.6402215502245987,size-standard_swap-ant-S900-V300-small_to_large-mclear-t1,False,clear,google/gemma-3-4b-pt,google_gemma_3_4b_pt,,standard_span,,False,,small,,,base_gate_pred_large_expected_small,-13.007986359863413,-11.303310739622082,base,1.7046756202413302,900,300,
1.0986122886681098,standard_swap:t1,-15.387454826255254,-12.943532289846681,,100,ant,,,,large,standard_swap,True,2.67320856057281,bias_corrected,large,3.6966522538292903,1.02344369325648,size-standard_swap-ant-S900-V300-small_to_large-mclear-t1,False,clear,google/gemma-3-4b-pt,google_gemma_3_4b_pt,,standard_span,,False,,large,,,base_gate_pred_large_expected_small,-11.690802572425964,-11.920088596590201,cf,0.22928602416423693,900,300,
1.8961194845522977,standard_swap:t1,-15.387454826255254,-12.943532289846681,,100,ant,,,,small,standard_swap,True,-1.183094435009746,bias_corrected,large,3.812396724372519,2.629302289362773,size-standard_swap-ant-S999-V150-small_to_large-mextreme-t1,False,extreme,google/gemma-3-4b-pt,google_gemma_3_4b_pt,,standard_span,,False,,small,,,base_gate_pred_large_expected_small,-11.575058101882735,-10.314230000483908,base,1.2608281013988272,999,150,
0.4054651081081644,standard_swap:t1,-15.387454826255254,-12.943532289846681,,100,ant,,,,large,standard_swap,True,1.1147944899814366,bias_corrected,large,2.2388192342592674,1.1240247442778308,size-standard_swap-ant-S999-V150-small_to_large-mextreme-t1,False,extreme,google/gemma-3-4b-pt,google_gemma_3_4b_pt,,standard_span,,False,,small,,,base_gate_pred_large_expected_small,-13.148635591995987,-11.81950754556885,cf,-1.3291280464271367,999,150,
0.009852296443011594,standard_swap:t1,-15.387454826255254,-12.943532289846681,,100,human,,,,small,standard_swap,True,-0.6818471757415541,bias_corrected,large,1.819005942436652,1.137158766695098,size-standard_swap-human-S102-V101-small_to_large-mborderline-t1,False,borderline,google/gemma-3-4b-pt,google_gemma_3_4b_pt,,standard_span,,False,,small,,,base_gate_pred_large_expected_small;cf_gate_margin_below_0.1,-13.568448883818602,-11.806373523151583,base,1.7620753606670192,102,101,
0.009950330853168092,standard_swap:t1,-15.387454826255254,-12.943532289846681,,100,human,,,,large,standard_swap,True,0.0371259873222467,bias_corrected,large,-0.11354688332877494,-0.15067287065102164,size-standard_swap-human-S102-V101-small_to_large-mborderline-t1,False,borderline,google/gemma-3-4b-pt,google_gemma_3_4b_pt,,standard_span,,False,,small,,,base_gate_pred_large_expected_small;cf_gate_margin_below_0.1,-15.50100170958403,-13.094205160497703,cf,-2.4067965490863266,102,101,
0.08701137698962981,standard_swap:t1,-15.387454826255254,-12.943532289846681,,100,human,,,,small,standard_swap,True,1.15798068943125,bias_corrected,small,0.21757366811303314,1.3755543575442832,size-standard_swap-human-S120-V110-small_to_large-mborderline-t1,False,borderline,google/gemma-3-4b-pt,google_gemma_3_4b_pt,,standard_span,,False,,small,,,cf_gate_pred_small_expected_large,-15.169881158142221,-11.567977932302398,base,3.6019032258398234,120,110,
0.09531017980432493,standard_swap:t1,-15.387454826255254,-12.943532289846681,,100,human,,,,large,standard_swap,True,-0.014065312315532097,bias_corrected,small,0.3811243457980229,0.395189658113555,size-standard_swap-human-S120-V110-small_to_large-mborderline-t1,False,borderline,google/gemma-3-4b-pt,google_gemma_3_4b_pt,,standard_span,,False,,small,,,cf_gate_pred_small_expected_large,-15.006330480457232,-12.548342631733126,cf,-2.4579878487241054,120,110,
0.20661424936299916,standard_swap:t1,-15.387454826255254,-12.943532289846681,,50,human,,,,small,standard_swap,True,0.5502588507185635,bias_corrected,small,0.8623251564661469,1.4125840071847104,size-standard_swap-human-S75-V61-small_to_large-mborderline-t1,True,borderline,google/gemma-3-4b-pt,google_gemma_3_4b_pt,,standard_span,,False,,small,,,,-14.525129669789107,-11.53094828266197,base,2.9941813871271368,75,61,
0.19885085874516517,standard_swap:t1,-15.387454826255254,-12.943532289846681,,50,human,,,,large,standard_swap,True,0.744188160822441,bias_corrected,large,2.1549674246725186,1.4107792638500776,size-standard_swap-human-S75-V61-small_to_large-mborderline-t1,True,borderline,google/gemma-3-4b-pt,google_gemma_3_4b_pt,,standard_span,,False,,small,,,,-13.232487401582736,-11.532753025996604,cf,-1.6997343755861323,75,61,
0.1823215567939546,standard_swap:t1,-15.387454826255254,-12.943532289846681,,100,human,,,,small,standard_swap,True,1.8053861225553192,bias_corrected,small,0.06273619117327911,1.8681223137285983,size-standard_swap-human-S150-V125-small_to_large-mborderline-t1,True,borderline,google/gemma-3-4b-pt,google_gemma_3_4b_pt,,standard_span,,False,,small,,,,-15.324718635081975,-11.075409976118083,base,4.249308658963892,150,125,
0.22314355131420976,standard_swap:t1,-15.387454826255254,-12.943532289846681,,100,human,,,,large,standard_swap,True,0.6327766295130477,bias_corrected,large,0.8252447075490998,0.19246807803605215,size-standard_swap-human-S150-V125-small_to_large-mborderline-t1,True,borderline,google/gemma-3-4b-pt,google_gemma_3_4b_pt,,standard_span,,False,,small,,,,-14.562210118706155,-12.751064211810629,cf,-1.8111459068955256,150,125,
0.2876820724517809,standard_swap:t1,-15.387454826255254,-12.943532289846681,,100,human,,,,small,standard_swap,True,0.522245955584248,bias_corrected,small,1.8477526610437547,2.3699986166280027,size-standard_swap-human-S200-V150-small_to_large-mclear-t1,True,clear,google/gemma-3-4b-pt,google_gemma_3_4b_pt,,standard_span,,False,,small,,,,-13.5397021652115,-10.573533673218678,base,2.9661684919928213,200,150,
0.4054651081081644,standard_swap:t1,-15.387454826255254,-12.943532289846681,,100,human,,,,large,standard_swap,True,0.5980507779660176,bias_corrected,large,1.852231267157757,1.2541804891917394,size-standard_swap-human-S200-V150-small_to_large-mclear-t1,True,clear,google/gemma-3-4b-pt,google_gemma_3_4b_pt,,standard_span,,False,,small,,,,-13.535223559097497,-11.689351800654942,cf,-1.8458717584425557,200,150,
1.0986122886681098,standard_swap:t1,-15.387454826255254,-12.943532289846681,,10,human,,,,small,standard_swap,True,-1.2665394471989764,bias_corrected,large,2.170371463795501,0.9038320165965246,size-standard_swap-human-S90-V30-small_to_large-mclear-t1,False,clear,google/gemma-3-4b-pt,google_gemma_3_4b_pt,,standard_span,,False,,small,,,base_gate_pred_large_expected_small;cf_gate_pred_small_expected_large,-13.217083362459753,-12.039700273250157,base,1.177383089209597,90,30,
1.0986122886681098,standard_swap:t1,-15.387454826255254,-12.943532289846681,,10,human,,,,large,standard_swap,True,-0.015917470802763845,bias_corrected,small,1.6216023873124072,1.637519858115171,size-standard_swap-human-S90-V30-small_to_large-mclear-t1,False,clear,google/gemma-3-4b-pt,google_gemma_3_4b_pt,,standard_span,,False,,small,,,base_gate_pred_large_expected_small;cf_gate_pred_small_expected_large,-13.765852438942847,-11.30601243173151,cf,-2.459840007211337,90,30,
1.0986122886681098,standard_swap:t1,-15.387454826255254,-12.943532289846681,,100,human,,,,small,standard_swap,True,-1.3973014457542412,bias_corrected,large,1.7139864679580494,0.31668502220380823,size-standard_swap-human-S900-V300-small_to_large-mclear-t1,False,clear,google/gemma-3-4b-pt,google_gemma_3_4b_pt,,standard_span,,False,,small,,,base_gate_pred_large_expected_small,-13.673468358297205,-12.626847267642873,base,1.046621090654332,900,300,
1.0986122886681098,standard_swap:t1,-15.387454826255254,-12.943532289846681,,100,human,,,,large,standard_swap,True,2.3438180916716185,bias_corrected,large,2.715460870431567,0.37164277875994856,size-standard_swap-human-S900-V300-small_to_large-mclear-t1,False,clear,google/gemma-3-4b-pt,google_gemma_3_4b_pt,,standard_span,,False,,small,,,base_gate_pred_large_expected_small,-12.671993955823687,-12.571889511086733,cf,-0.10010444473695479,900,300,
1.8961194845522977,standard_swap:t1,-15.387454826255254,-12.943532289846681,,100,human,,,,small,standard_swap,True,-0.14688979852928696,bias_corrected,large,2.788688771612783,2.641798973083496,size-standard_swap-human-S999-V150-small_to_large-mextreme-t1,False,extreme,google/gemma-3-4b-pt,google_gemma_3_4b_pt,,standard_span,,False,,small,,,base_gate_pred_large_expected_small,-12.598766054642471,-10.301733316763185,base,2.2970327378792863,999,150,
0.4054651081081644,standard_swap:t1,-15.387454826255254,-12.943532289846681,,100,human,,,,large,standard_swap,True,0.5980507779660176,bias_corrected,large,1.852231267157757,1.2541804891917394,size-standard_swap-human-S999-V150-small_to_large-mextreme-t1,False,extreme,google/gemma-3-4b-pt,google_gemma_3_4b_pt,,standard_span,,False,,small,,,base_gate_pred_large_expected_small,-13.535223559097497,-11.689351800654942,cf,-1.8458717584425557,999,150,
0.009852296443011594,standard_swap:t1,-15.387454826255254,-12.943532289846681,,100,elephant,,,,small,standard_swap,True,0.41501717798365334,bias_corrected,small,4.290197973688558,4.705215151672212,size-standard_swap-elephant-S102-V101-small_to_large-mborderline-t1,True,borderline,google/gemma-3-4b-pt,google_gemma_3_4b_pt,,standard_span,,False,,small,,,,-11.097256852566696,-8.23831713817447,base,2.8589397143922266,102,101,
0.009950330853168092,standard_swap:t1,-15.387454826255254,-12.943532289846681,,100,elephant,,,,large,standard_swap,True,0.4025166262463937,bias_corrected,large,4.113567032650964,3.7110504064045706,size-standard_swap-elephant-S102-V101-small_to_large-mborderline-t1,True,borderline,google/gemma-3-4b-pt,google_gemma_3_4b_pt,,standard_span,,False,,small,,,,-11.27388779360429,-9.23248188344211,cf,-2.0414059101621795,102,101,
0.08701137698962981,standard_swap:t1,-15.387454826255254,-12.943532289846681,,100,elephant,,,,small,standard_swap,True,0.4716990680700981,bias_corrected,small,4.054649954279379,4.526349022349477,size-standard_swap-elephant-S120-V110-small_to_large-mborderline-t1,True,borderline,google/gemma-3-4b-pt,google_gemma_3_4b_pt,,standard_span,,False,,small,,,,-11.332804871975876,-8.417183267497204,base,2.9156216044786714,120,110,
0.09531017980432493,standard_swap:t1,-15.387454826255254,-12.943532289846681,,100,elephant,,,,large,standard_swap,True,0.751135279638369,bias_corrected,large,4.644119147670088,3.8929838680317186,size-standard_swap-elephant-S120-V110-small_to_large-mborderline-t1,True,borderline,google/gemma-3-4b-pt,google_gemma_3_4b_pt,,standard_span,,False,,small,,,,-10.743335678585167,-9.050548421814963,cf,-1.6927872567702043,120,110,
0.20661424936299916,standard_swap:t1,-15.387454826255254,-12.943532289846681,,50,elephant,,,,small,standard_swap,True,0.5252785818005385,bias_corrected,small,2.992459715146106,3.5177382969466446,size-standard_swap-elephant-S75-V61-small_to_large-mborderline-t1,True,borderline,google/gemma-3-4b-pt,google_gemma_3_4b_pt,,standard_span,,False,,small,,,,-12.394995111109148,-9.425793992900036,base,2.969201118209112,75,61,
0.19885085874516517,standard_swap:t1,-15.387454826255254,-12.943532289846681,,50,elephant,,,,large,standard_swap,True,0.7734096858564783,bias_corrected,large,5.2372547332375685,4.46384504738109,size-standard_swap-elephant-S75-V61-small_to_large-mborderline-t1,True,borderline,google/gemma-3-4b-pt,google_gemma_3_4b_pt,,standard_span,,False,,small,,,,-10.150200093017686,-8.479687242465591,cf,-1.670512850552095,75,61,
0.1823215567939546,standard_swap:t1,-15.387454826255254,-12.943532289846681,,100,elephant,,,,small,standard_swap,True,0.6472930286103384,bias_corrected,small,4.173460640744226,4.8207536693545645,size-standard_swap-elephant-S150-V125-small_to_large-mborderline-t1,True,borderline,google/gemma-3-4b-pt,google_gemma_3_4b_pt,,standard_span,,False,,small,,,,-11.213994185511028,-8.122778620492117,base,3.0912155650189117,150,125,
0.22314355131420976,standard_swap:t1,-15.387454826255254,-12.943532289846681,,100,elephant,,,,large,standard_swap,True,1.879788327509635,bias_corrected,large,5.798582053276496,3.918793725766861,size-standard_swap-elephant-S150-V125-small_to_large-mborderline-t1,True,borderline,google/gemma-3-4b-pt,google_gemma_3_4b_pt,,standard_span,,False,,small,,,,-9.588872772978759,-9.02473856407982,cf,-0.5641342088989383,150,125,
0.2876820724517809,standard_swap:t1,-15.387454826255254,-12.943532289846681,,100,elephant,,,,small,standard_swap,True,-0.15909001023387148,bias_corrected,large,5.05645186865385,4.897361858419979,size-standard_swap-elephant-S200-V150-small_to_large-mclear-t1,False,clear,google/gemma-3-4b-pt,google_gemma_3_4b_pt,,standard_span,,False,,small,,,base_gate_pred_large_expected_small,-10.331002957601404,-8.046170431426702,base,2.284832526174702,200,150,
0.4054651081081644,standard_swap:t1,-15.387454826255254,-12.943532289846681,,100,elephant,,,,large,standard_swap,True,1.3793015583110062,bias_corrected,large,5.79152628256478,4.4122247242537735,size-standard_swap-elephant-S200-V150-small_to_large-mclear-t1,False,clear,google/gemma-3-4b-pt,google_gemma_3_4b_pt,,standard_span,,False,,small,,,base_gate_pred_large_expected_small,-9.595928543690475,-8.531307565592908,cf,-1.064620978097567,200,150,
1.0986122886681098,standard_swap:t1,-15.387454826255254,-12.943532289846681,,10,elephant,,,,small,standard_swap,True,-0.8425102099073563,bias_corrected,large,4.490374983090442,3.6478647731830858,size-standard_swap-elephant-S90-V30-small_to_large-mclear-t1,False,clear,google/gemma-3-4b-pt,google_gemma_3_4b_pt,,standard_span,,False,,small,,,base_gate_pred_large_expected_small,-10.897079843164812,-9.295667516663595,base,1.601412326501217,90,30,
1.0986122886681098,standard_swap:t1,-15.387454826255254,-12.943532289846681,,10,elephant,,,,large,standard_swap,True,1.0163622868688904,bias_corrected,large,5.033136969049886,4.016774682180996,size-standard_swap-elephant-S90-V30-small_to_large-mclear-t1,False,clear,google/gemma-3-4b-pt,google_gemma_3_4b_pt,,standard_span,,False,,small,,,base_gate_pred_large_expected_small,-10.354317857205368,-8.926757607665685,cf,-1.4275602495396829,90,30,
1.0986122886681098,standard_swap:t1,-15.387454826255254,-12.943532289846681,,100,elephant,,,,small,standard_swap,True,-1.6695514225670713,bias_corrected,large,4.3381806586202725,2.668629236053201,size-standard_swap-elephant-S900-V300-small_to_large-mclear-t1,False,clear,google/gemma-3-4b-pt,google_gemma_3_4b_pt,,standard_span,,False,,small,,,base_gate_pred_large_expected_small,-11.049274167634982,-10.27490305379348,base,0.7743711138415019,900,300,
1.0986122886681098,standard_swap:t1,-15.387454826255254,-12.943532289846681,,100,elephant,,,,large,standard_swap,True,3.039084182781618,bias_corrected,large,6.345723405062712,3.3066392222810936,size-standard_swap-elephant-S900-V300-small_to_large-mclear-t1,False,clear,google/gemma-3-4b-pt,google_gemma_3_4b_pt,,standard_span,,False,,large,,,base_gate_pred_large_expected_small,-9.041731421192543,-9.636893067565588,cf,0.5951616463730449,900,300,
1.8961194845522977,standard_swap:t1,-15.387454826255254,-12.943532289846681,,100,elephant,,,,small,standard_swap,True,-1.49134629059823,bias_corrected,large,5.470953520296808,3.979607229698578,size-standard_swap-elephant-S999-V150-small_to_large-mextreme-t1,False,extreme,google/gemma-3-4b-pt,google_gemma_3_4b_pt,,standard_span,,False,,small,,,base_gate_pred_large_expected_small,-9.916501305958446,-8.963925060148103,base,0.9525762458103433,999,150,
0.4054651081081644,standard_swap:t1,-15.387454826255254,-12.943532289846681,,100,elephant,,,,large,standard_swap,True,1.3793015583110062,bias_corrected,large,5.79152628256478,4.4122247242537735,size-standard_swap-elephant-S999-V150-small_to_large-mextreme-t1,False,extreme,google/gemma-3-4b-pt,google_gemma_3_4b_pt,,standard_span,,False,,small,,,base_gate_pred_large_expected_small,-9.595928543690475,-8.531307565592908,cf,-1.064620978097567,999,150,
0.009852296443011594,standard_swap:t1,-15.387454826255254,-12.943532289846681,,100,glorb,,,,small,standard_swap,True,-0.7376500083394397,bias_corrected,large,2.762854379201439,2.0252043708619993,size-standard_swap-glorb-S102-V101-small_to_large-mborderline-t1,False,borderline,google/gemma-3-4b-pt,google_gemma_3_4b_pt,,standard_span,,False,,small,,,base_gate_pred_large_expected_small,-12.624600447053815,-10.918327918984682,base,1.7062725280691335,102,101,
0.009950330853168092,standard_swap:t1,-15.387454826255254,-12.943532289846681,,100,glorb,,,,large,standard_swap,True,0.30730681704385,bias_corrected,large,2.762122907469699,2.454816090425849,size-standard_swap-glorb-S102-V101-small_to_large-mborderline-t1,False,borderline,google/gemma-3-4b-pt,google_gemma_3_4b_pt,,standard_span,,False,,small,,,base_gate_pred_large_expected_small,-12.625331918785555,-10.488716199420832,cf,-2.1366157193647233,102,101,
0.08701137698962981,standard_swap:t1,-15.387454826255254,-12.943532289846681,,100,glorb,,,,small,standard_swap,True,0.48025540066246286,bias_corrected,small,1.7378501200026353,2.218105520665098,size-standard_swap-glorb-S120-V110-small_to_large-mborderline-t1,True,borderline,google/gemma-3-4b-pt,google_gemma_3_4b_pt,,standard_span,,False,,small,,,,-13.64960470625262,-10.725426769181583,base,2.924177937071036,120,110,
0.09531017980432493,standard_swap:t1,-15.387454826255254,-12.943532289846681,,100,glorb,,,,large,standard_swap,True,0.37231855333627273,bias_corrected,large,2.8322890695260714,2.4599705161897987,size-standard_swap-glorb-S120-V110-small_to_large-mborderline-t1,True,borderline,google/gemma-3-4b-pt,google_gemma_3_4b_pt,,standard_span,,False,,small,,,,-12.555165756729183,-10.483561773656882,cf,-2.0716039830723005,120,110,
0.20661424936299916,standard_swap:t1,-15.387454826255254,-12.943532289846681,,50,glorb,,,,small,standard_swap,True,-0.27706949096746847,bias_corrected,large,3.1557946458962363,2.878725154928768,size-standard_swap-glorb-S75-V61-small_to_large-mborderline-t1,False,borderline,google/gemma-3-4b-pt,google_gemma_3_4b_pt,,standard_span,,False,,small,,,base_gate_pred_large_expected_small,-12.231660180359018,-10.064807134917913,base,2.166853045441105,75,61,
0.19885085874516517,standard_swap:t1,-15.387454826255254,-12.943532289846681,,50,glorb,,,,large,standard_swap,True,1.1787364795042539,bias_corrected,large,3.465774863593454,2.2870383840892003,size-standard_swap-glorb-S75-V61-small_to_large-mborderline-t1,False,borderline,google/gemma-3-4b-pt,google_gemma_3_4b_pt,,standard_span,,False,,small,,,base_gate_pred_large_expected_small,-11.9216799626618,-10.65649390575748,cf,-1.2651860569043194,75,61,
0.1823215567939546,standard_swap:t1,-15.387454826255254,-12.943532289846681,,100,glorb,,,,small,standard_swap,True,0.2578061435874677,bias_corrected,small,1.254312243434276,1.5121183870217436,size-standard_swap-glorb-S150-V125-small_to_large-mborderline-t1,True,borderline,google/gemma-3-4b-pt,google_gemma_3_4b_pt,,standard_span,,False,,small,,,,-14.133142582820978,-11.431413902824938,base,2.701728679996041,150,125,
0.22314355131420976,standard_swap:t1,-15.387454826255254,-12.943532289846681,,100,glorb,,,,large,standard_swap,True,1.2575044146764522,bias_corrected,large,2.9439092066575334,1.6864047919810812,size-standard_swap-glorb-S150-V125-small_to_large-mborderline-t1,True,borderline,google/gemma-3-4b-pt,google_gemma_3_4b_pt,,standard_span,,False,,small,,,,-12.443545619597721,-11.2571274978656,cf,-1.186418121732121,150,125,
0.2876820724517809,standard_swap:t1,-15.387454826255254,-12.943532289846681,,100,glorb,,,,small,standard_swap,True,-0.07583751057112487,bias_corrected,large,2.6110844626800684,2.5352469521089436,size-standard_swap-glorb-S200-V150-small_to_large-mclear-t1,False,clear,google/gemma-3-4b-pt,google_gemma_3_4b_pt,,standard_span,,False,,small,,,base_gate_pred_large_expected_small,-12.776370363575186,-10.408285337737738,base,2.3680850258374484,200,150,
0.4054651081081644,standard_swap:t1,-15.387454826255254,-12.943532289846681,,100,glorb,,,,large,standard_swap,True,0.5825762761320199,bias_corrected,large,3.0734129974689086,2.4908367213368887,size-standard_swap-glorb-S200-V150-small_to_large-mclear-t1,False,clear,google/gemma-3-4b-pt,google_gemma_3_4b_pt,,standard_span,,False,,small,,,base_gate_pred_large_expected_small,-12.314041828786346,-10.452695568509792,cf,-1.8613462602765534,200,150,
1.0986122886681098,standard_swap:t1,-15.387454826255254,-12.943532289846681,,10,glorb,,,,small,standard_swap,True,-0.9642821533507338,bias_corrected,large,3.7101851532306274,2.7459029998798936,size-standard_swap-glorb-S90-V30-small_to_large-mclear-t1,False,clear,google/gemma-3-4b-pt,google_gemma_3_4b_pt,,standard_span,,False,,small,,,base_gate_pred_large_expected_small,-11.677269673024627,-10.197629289966788,base,1.4796403830578395,90,30,
1.0986122886681098,standard_swap:t1,-15.387454826255254,-12.943532289846681,,10,glorb,,,,large,standard_swap,True,0.33832348260600753,bias_corrected,large,3.0913990367368562,2.7530755541308487,size-standard_swap-glorb-S90-V30-small_to_large-mclear-t1,False,clear,google/gemma-3-4b-pt,google_gemma_3_4b_pt,,standard_span,,False,,small,,,base_gate_pred_large_expected_small,-12.296055789518398,-10.190456735715832,cf,-2.1055990538025657,90,30,
1.0986122886681098,standard_swap:t1,-15.387454826255254,-12.943532289846681,,100,glorb,,,,small,standard_swap,True,-1.784744425428734,bias_corrected,large,4.41673093843386,2.631986513005126,size-standard_swap-glorb-S900-V300-small_to_large-mclear-t1,False,clear,google/gemma-3-4b-pt,google_gemma_3_4b_pt,,standard_span,,False,,small,,,base_gate_pred_large_expected_small,-10.970723887821395,-10.311545776841555,base,0.6591781109798394,900,300,
1.0986122886681098,standard_swap:t1,-15.387454826255254,-12.943532289846681,,100,glorb,,,,large,standard_swap,True,1.9627712937370205,bias_corrected,large,4.405943438543527,2.443172144806507,size-standard_swap-glorb-S900-V300-small_to_large-mclear-t1,False,clear,google/gemma-3-4b-pt,google_gemma_3_4b_pt,,standard_span,,False,,small,,,base_gate_pred_large_expected_small,-10.981511387711727,-10.500360145040174,cf,-0.48115124267155274,900,300,
1.8961194845522977,standard_swap:t1,-15.387454826255254,-12.943532289846681,,100,glorb,,,,small,standard_swap,True,-1.4822581239010564,bias_corrected,large,3.8722927718962215,2.390034647995165,size-standard_swap-glorb-S999-V150-small_to_large-mextreme-t1,False,extreme,google/gemma-3-4b-pt,google_gemma_3_4b_pt,,standard_span,,False,,small,,,base_gate_pred_large_expected_small,-11.515162054359033,-10.553497641851516,base,0.9616644125075169,999,150,
0.4054651081081644,standard_swap:t1,-15.387454826255254,-12.943532289846681,,100,glorb,,,,large,standard_swap,True,0.5825762761320199,bias_corrected,large,3.0734129974689086,2.4908367213368887,size-standard_swap-glorb-S999-V150-small_to_large-mextreme-t1,False,extreme,google/gemma-3-4b-pt,google_gemma_3_4b_pt,,standard_span,,False,,small,,,base_gate_pred_large_expected_small,-12.314041828786346,-10.452695568509792,cf,-1.8613462602765534,999,150,
0.009852296443011594,standard_swap:t1,-15.387454826255254,-12.943532289846681,,100,dax,,,,small,standard_swap,True,-0.6325053272933729,bias_corrected,large,2.362732175055706,1.7302268477623333,size-standard_swap-dax-S102-V101-small_to_large-mborderline-t1,False,borderline,google/gemma-3-4b-pt,google_gemma_3_4b_pt,,standard_span,,False,,small,,,base_gate_pred_large_expected_small,-13.024722651199548,-11.213305442084348,base,1.8114172091152003,102,101,
0.009950330853168092,standard_swap:t1,-15.387454826255254,-12.943532289846681,,100,dax,,,,large,standard_swap,True,1.0720520792402812,bias_corrected,large,2.3590954864871776,1.2870434072468964,size-standard_swap-dax-S102-V101-small_to_large-mborderline-t1,False,borderline,google/gemma-3-4b-pt,google_gemma_3_4b_pt,,standard_span,,False,,small,,,base_gate_pred_large_expected_small,-13.028359339768077,-11.656488882599785,cf,-1.371870457168292,102,101,
0.08701137698962981,standard_swap:t1,-15.387454826255254,-12.943532289846681,,100,dax,,,,small,standard_swap,True,0.629851892815319,bias_corrected,small,1.8985611988598237,2.5284130916751426,size-standard_swap-dax-S120-V110-small_to_large-mborderline-t1,True,borderline,google/gemma-3-4b-pt,google_gemma_3_4b_pt,,standard_span,,False,,small,,,,-13.48889362739543,-10.415119198171539,base,3.073774429223892,120,110,
0.09531017980432493,standard_swap:t1,-15.387454826255254,-12.943532289846681,,100,dax,,,,large,standard_swap,True,0.7928300959056909,bias_corrected,large,2.385611942311126,1.592781846405435,size-standard_swap-dax-S120-V110-small_to_large-mborderline-t1,True,borderline,google/gemma-3-4b-pt,google_gemma_3_4b_pt,,standard_span,,False,,small,,,,-13.001842883944128,-11.350750443441246,cf,-1.6510924405028824,120,110,
0.20661424936299916,standard_swap:t1,-15.387454826255254,-12.943532289846681,,50,dax,,,,small,standard_swap,True,0.07660573227140333,bias_corrected,small,3.1235838581826982,3.2001895904541016,size-standard_swap-dax-S75-V61-small_to_large-mborderline-t1,False,borderline,google/gemma-3-4b-pt,google_gemma_3_4b_pt,,standard_span,,False,,small,,,base_gate_margin_below_0.1,-12.263870968072556,-9.74334269939258,base,2.5205282686799766,75,61,
0.19885085874516517,standard_swap:t1,-15.387454826255254,-12.943532289846681,,50,dax,,,,large,standard_swap,True,0.9440434347991005,bias_corrected,large,4.891052879710877,3.9470094449117763,size-standard_swap-dax-S75-V61-small_to_large-mborderline-t1,False,borderline,google/gemma-3-4b-pt,google_gemma_3_4b_pt,,standard_span,,False,,small,,,base_gate_margin_below_0.1,-10.496401946544378,-8.996522844934905,cf,-1.4998791016094728,75,61,
0.1823215567939546,standard_swap:t1,-15.387454826255254,-12.943532289846681,,100,dax,,,,small,standard_swap,True,0.8862576068420971,bias_corrected,small,1.8138156077424235,2.7000732145845205,size-standard_swap-dax-S150-V125-small_to_large-mborderline-t1,True,borderline,google/gemma-3-4b-pt,google_gemma_3_4b_pt,,standard_span,,False,,small,,,,-13.573639218512831,-10.24345907526216,base,3.3301801432506704,150,125,
0.22314355131420976,standard_swap:t1,-15.387454826255254,-12.943532289846681,,100,dax,,,,large,standard_swap,True,2.036598070325013,bias_corrected,large,3.022135034164288,0.9855369638392748,size-standard_swap-dax-S150-V125-small_to_large-mborderline-t1,True,borderline,google/gemma-3-4b-pt,google_gemma_3_4b_pt,,standard_span,,False,,small,,,,-12.365319792090967,-11.957995326007406,cf,-0.4073244660835602,150,125,
0.2876820724517809,standard_swap:t1,-15.387454826255254,-12.943532289846681,,100,dax,,,,small,standard_swap,True,0.02034676536200486,bias_corrected,small,3.634951331494083,3.6552980968560878,size-standard_swap-dax-S200-V150-small_to_large-mclear-t1,False,clear,google/gemma-3-4b-pt,google_gemma_3_4b_pt,,standard_span,,False,,small,,,base_gate_margin_below_0.1,-11.752503494761172,-9.288234192990593,base,2.464269301770578,200,150,
0.4054651081081644,standard_swap:t1,-15.387454826255254,-12.943532289846681,,100,dax,,,,large,standard_swap,True,1.2022120739657023,bias_corrected,large,3.2653456905769858,2.0631336166112835,size-standard_swap-dax-S200-V150-small_to_large-mclear-t1,False,clear,google/gemma-3-4b-pt,google_gemma_3_4b_pt,,standard_span,,False,,small,,,base_gate_margin_below_0.1,-12.122109135678269,-10.880398673235398,cf,-1.241710462442871,200,150,
1.0986122886681098,standard_swap:t1,-15.387454826255254,-12.943532289846681,,10,dax,,,,small,standard_swap,True,-1.0436100993415778,bias_corrected,large,3.9523527770842097,2.908742677742632,size-standard_swap-dax-S90-V30-small_to_large-mclear-t1,False,clear,google/gemma-3-4b-pt,google_gemma_3_4b_pt,,standard_span,,False,,small,,,base_gate_pred_large_expected_small,-11.435102049171045,-10.03478961210405,base,1.4003124370669955,90,30,
1.0986122886681098,standard_swap:t1,-15.387454826255254,-12.943532289846681,,10,dax,,,,large,standard_swap,True,0.38536251112733666,bias_corrected,large,3.430758866892317,3.0453963557649804,size-standard_swap-dax-S90-V30-small_to_large-mclear-t1,False,clear,google/gemma-3-4b-pt,google_gemma_3_4b_pt,,standard_span,,False,,small,,,base_gate_pred_large_expected_small,-11.956695959362937,-9.8981359340817,cf,-2.0585600252812366,90,30,
1.0986122886681098,standard_swap:t1,-15.387454826255254,-12.943532289846681,,100,dax,,,,small,standard_swap,True,-1.6049565830892583,bias_corrected,large,3.8962817332307047,2.2913251501414464,size-standard_swap-dax-S900-V300-small_to_large-mclear-t1,False,clear,google/gemma-3-4b-pt,google_gemma_3_4b_pt,,standard_span,,False,,small,,,base_gate_pred_large_expected_small,-11.49117309302455,-10.652207139705235,base,0.838965953319315,900,300,
1.0986122886681098,standard_swap:t1,-15.387454826255254,-12.943532289846681,,100,dax,,,,large,standard_swap,True,1.7485784451404793,bias_corrected,large,3.744425757263162,1.9958473121226827,size-standard_swap-dax-S900-V300-small_to_large-mclear-t1,False,clear,google/gemma-3-4b-pt,google_gemma_3_4b_pt,,standard_span,,False,,small,,,base_gate_pred_large_expected_small,-11.643029068992092,-10.947684977723998,cf,-0.6953440912680939,900,300,
1.8961194845522977,standard_swap:t1,-15.387454826255254,-12.943532289846681,,100,dax,,,,small,standard_swap,True,-1.0943691939959486,bias_corrected,large,4.433713077020364,3.3393438830244158,size-standard_swap-dax-S999-V150-small_to_large-mextreme-t1,False,extreme,google/gemma-3-4b-pt,google_gemma_3_4b_pt,,standard_span,,False,,small,,,base_gate_pred_large_expected_small,-10.95374174923489,-9.604188406822265,base,1.3495533424126247,999,150,
0.4054651081081644,standard_swap:t1,-15.387454826255254,-12.943532289846681,,100,dax,,,,large,standard_swap,True,1.2022120739657023,bias_corrected,large,3.2653456905769858,2.0631336166112835,size-standard_swap-dax-S999-V150-small_to_large-mextreme-t1,False,extreme,google/gemma-3-4b-pt,google_gemma_3_4b_pt,,standard_span,,False,,small,,,base_gate_pred_large_expected_small,-12.122109135678269,-10.880398673235398,cf,-1.241710462442871,999,150,
0.009852296443011594,standard_swap:t1,-15.387454826255254,-12.943532289846681,,100,fenzel,,,,small,standard_swap,True,-0.09962204153665155,bias_corrected,large,2.500623886537346,2.4010018450006942,size-standard_swap-fenzel-S102-V101-small_to_large-mborderline-t1,False,borderline,google/gemma-3-4b-pt,google_gemma_3_4b_pt,,standard_span,,False,,small,,,base_gate_pred_large_expected_small,-12.886830939717909,-10.542530444845987,base,2.3443004948719217,102,101,
0.009950330853168092,standard_swap:t1,-15.387454826255254,-12.943532289846681,,100,fenzel,,,,large,standard_swap,True,0.5349006325990739,bias_corrected,large,2.0138109145407945,1.4789102819417206,size-standard_swap-fenzel-S102-V101-small_to_large-mborderline-t1,False,borderline,google/gemma-3-4b-pt,google_gemma_3_4b_pt,,standard_span,,False,,small,,,base_gate_pred_large_expected_small,-13.37364391171446,-11.46462200790496,cf,-1.9090219038094993,102,101,
0.08701137698962981,standard_swap:t1,-15.387454826255254,-12.943532289846681,,100,fenzel,,,,small,standard_swap,True,0.5058029227447385,bias_corrected,small,1.2306472573109364,1.7364501800556749,size-standard_swap-fenzel-S120-V110-small_to_large-mborderline-t1,True,borderline,google/gemma-3-4b-pt,google_gemma_3_4b_pt,,standard_span,,False,,small,,,,-14.156807568944318,-11.207082109791006,base,2.9497254591533117,120,110,
0.09531017980432493,standard_swap:t1,-15.387454826255254,-12.943532289846681,,100,fenzel,,,,large,standard_swap,True,0.36215243392308416,bias_corrected,large,1.8346001285512088,1.4724476946281246,size-standard_swap-fenzel-S120-V110-small_to_large-mborderline-t1,True,borderline,google/gemma-3-4b-pt,google_gemma_3_4b_pt,,standard_span,,False,,small,,,,-13.552854697704046,-11.471084595218557,cf,-2.081770102485489,120,110,
0.20661424936299916,standard_swap:t1,-15.387454826255254,-12.943532289846681,,50,fenzel,,,,small,standard_swap,True,-0.31774425229137115,bias_corrected,large,2.412693743106395,2.094949490815024,size-standard_swap-fenzel-S75-V61-small_to_large-mborderline-t1,False,borderline,google/gemma-3-4b-pt,google_gemma_3_4b_pt,,standard_span,,False,,small,,,base_gate_pred_large_expected_small,-12.97476108314886,-10.848582799031657,base,2.126178284117202,75,61,
0.19885085874516517,standard_swap:t1,-15.387454826255254,-12.943532289846681,,50,fenzel,,,,large,standard_swap,True,0.6106636672819636,bias_corrected,large,3.575254693588116,2.9645910263061523,size-standard_swap-fenzel-S75-V61-small_to_large-mborderline-t1,False,borderline,google/gemma-3-4b-pt,google_gemma_3_4b_pt,,standard_span,,False,,small,,,base_gate_pred_large_expected_small,-11.812200132667138,-9.978941263540529,cf,-1.8332588691266096,75,61,
0.1823215567939546,standard_swap:t1,-15.387454826255254,-12.943532289846681,,100,fenzel,,,,small,standard_swap,True,0.9965086608190799,bias_corrected,small,1.5701788407842692,2.566687501603349,size-standard_swap-fenzel-S150-V125-small_to_large-mborderline-t1,True,borderline,google/gemma-3-4b-pt,google_gemma_3_4b_pt,,standard_span,,False,,small,,,,-13.817275985470985,-10.376844788243332,base,3.440431197227653,150,125,
0.22314355131420976,standard_swap:t1,-15.387454826255254,-12.943532289846681,,100,fenzel,,,,large,standard_swap,True,1.3970273903611687,bias_corrected,large,3.095811219534376,1.6987838291732071,size-standard_swap-fenzel-S150-V125-small_to_large-mborderline-t1,True,borderline,google/gemma-3-4b-pt,google_gemma_3_4b_pt,,standard_span,,False,,small,,,,-12.291643606720879,-11.244748460673474,cf,-1.0468951460474045,150,125,
0.2876820724517809,standard_swap:t1,-15.387454826255254,-12.943532289846681,,100,fenzel,,,,small,standard_swap,True,-0.20783307128134965,bias_corrected,large,2.7338643088714747,2.526031237590125,size-standard_swap-fenzel-S200-V150-small_to_large-mclear-t1,False,clear,google/gemma-3-4b-pt,google_gemma_3_4b_pt,,standard_span,,False,,small,,,base_gate_pred_large_expected_small,-12.65359051738378,-10.417501052256556,base,2.2360894651272236,200,150,
0.4054651081081644,standard_swap:t1,-15.387454826255254,-12.943532289846681,,100,fenzel,,,,large,standard_swap,True,1.1611469471145668,bias_corrected,large,3.177962405427893,2.016815458313326,size-standard_swap-fenzel-S200-V150-small_to_large-mclear-t1,False,clear,google/gemma-3-4b-pt,google_gemma_3_4b_pt,,standard_span,,False,,small,,,base_gate_pred_large_expected_small,-12.209492420827361,-10.926716831533355,cf,-1.2827755892940065,200,150,
1.0986122886681098,standard_swap:t1,-15.387454826255254,-12.943532289846681,,10,fenzel,,,,small,standard_swap,True,-1.1056547876488416,bias_corrected,large,3.2781004617552423,2.1724456741064007,size-standard_swap-fenzel-S90-V30-small_to_large-mclear-t1,False,clear,google/gemma-3-4b-pt,google_gemma_3_4b_pt,,standard_span,,False,,small,,,base_gate_pred_large_expected_small,-12.109354364500012,-10.77108661574028,base,1.3382677487597316,90,30,
1.0986122886681098,standard_swap:t1,-15.387454826255254,-12.943532289846681,,10,fenzel,,,,large,standard_swap,True,0.40040838674160106,bias_corrected,large,3.2762532488015097,2.8758448620599086,size-standard_swap-fenzel-S90-V30-small_to_large-mclear-t1,False,clear,google/gemma-3-4b-pt,google_gemma_3_4b_pt,,standard_span,,False,,small,,,base_gate_pred_large_expected_small,-12.111201577453745,-10.067687427786773,cf,-2.043514149666972,90,30,
1.0986122886681098,standard_swap:t1,-15.387454826255254,-12.943532289846681,,100,fenzel,,,,small,standard_swap,True,-1.2549870087175687,bias_corrected,large,2.659251540534372,1.4042645318168034,size-standard_swap-fenzel-S900-V300-small_to_large-mclear-t1,False,clear,google/gemma-3-4b-pt,google_gemma_3_4b_pt,,standard_span,,False,,small,,,base_gate_pred_large_expected_small,-12.728203285720882,-11.539267758029878,base,1.1889355276910045,900,300,
1.0986122886681098,standard_swap:t1,-15.387454826255254,-12.943532289846681,,100,fenzel,,,,large,standard_swap,True,1.8102973988272986,bias_corrected,large,3.7578820944752263,1.9475846956479277,size-standard_swap-fenzel-S900-V300-small_to_large-mclear-t1,False,clear,google/gemma-3-4b-pt,google_gemma_3_4b_pt,,standard_span,,False,,small,,,base_gate_pred_large_expected_small,-11.629572731780028,-10.995947594198753,cf,-0.6336251375812747,900,300,
1.8961194845522977,standard_swap:t1,-15.387454826255254,-12.943532289846681,,100,fenzel,,,,small,standard_swap,True,-1.1035401114038308,bias_corrected,large,2.5640160821654696,1.4604759707616388,size-standard_swap-fenzel-S999-V150-small_to_large-mextreme-t1,False,extreme,google/gemma-3-4b-pt,google_gemma_3_4b_pt,,standard_span,,False,,small,,,base_gate_pred_large_expected_small,-12.823438744089785,-11.483056319085042,base,1.3403824250047425,999,150,
0.4054651081081644,standard_swap:t1,-15.387454826255254,-12.943532289846681,,100,fenzel,,,,large,standard_swap,True,1.1611469471145668,bias_corrected,large,3.177962405427893,2.016815458313326,size-standard_swap-fenzel-S999-V150-small_to_large-mextreme-t1,False,extreme,google/gemma-3-4b-pt,google_gemma_3_4b_pt,,standard_span,,False,,small,,,base_gate_pred_large_expected_small,-12.209492420827361,-10.926716831533355,cf,-1.2827755892940065,999,150,
0.009852296443011594,standard_swap:t2,-12.140146842934877,-10.648689984287898,,100,ant,,,,small,standard_swap,True,2.405315402389803,bias_corrected,small,-0.10486414286457446,2.3004512595252287,size-standard_swap-ant-S102-V101-small_to_large-mborderline-t2,True,borderline,google/gemma-3-4b-pt,google_gemma_3_4b_pt,,standard_span,,False,,small,,,,-12.245010985799452,-8.34823872476267,base,3.896772261036782,102,101,
0.009950330853168092,standard_swap:t2,-12.140146842934877,-10.648689984287898,,100,ant,,,,large,standard_swap,True,1.2691163723426513,bias_corrected,large,2.33874357922873,1.0696272068860786,size-standard_swap-ant-S102-V101-small_to_large-mborderline-t2,True,borderline,google/gemma-3-4b-pt,google_gemma_3_4b_pt,,standard_span,,False,,small,,,,-9.801403263706147,-9.57906277740182,cf,-0.22234048630432746,102,101,
0.08701137698962981,standard_swap:t2,-12.140146842934877,-10.648689984287898,,100,ant,,,,small,standard_swap,True,1.4705839996512502,bias_corrected,small,0.5709443201585689,2.041528319809819,size-standard_swap-ant-S120-V110-small_to_large-mborderline-t2,True,borderline,google/gemma-3-4b-pt,google_gemma_3_4b_pt,,standard_span,,False,,small,,,,-11.569202522776308,-8.60716166447808,base,2.962040858298229,120,110,
0.09531017980432493,standard_swap:t2,-12.140146842934877,-10.648689984287898,,100,ant,,,,large,standard_swap,True,1.7019814849177184,bias_corrected,large,2.7893487257159517,1.0873672407982333,size-standard_swap-ant-S120-V110-small_to_large-mborderline-t2,True,borderline,google/gemma-3-4b-pt,google_gemma_3_4b_pt,,standard_span,,False,,large,,,,-9.350798117218925,-9.561322743489665,cf,0.21052462627073965,120,110,
0.20661424936299916,standard_swap:t2,-12.140146842934877,-10.648689984287898,,50,ant,,,,small,standard_swap,True,0.9927206884672994,bias_corrected,small,2.024932110063988,3.0176527985312873,size-standard_swap-ant-S75-V61-small_to_large-mborderline-t2,True,borderline,google/gemma-3-4b-pt,google_gemma_3_4b_pt,,standard_span,,False,,small,,,,-10.11521473287089,-7.631037185756611,base,2.484177547114278,75,61,
0.19885085874516517,standard_swap:t2,-12.140146842934877,-10.648689984287898,,50,ant,,,,large,standard_swap,True,1.4436623174875933,bias_corrected,large,3.4958658070553295,2.052203489567736,size-standard_swap-ant-S75-V61-small_to_large-mborderline-t2,True,borderline,google/gemma-3-4b-pt,google_gemma_3_4b_pt,,standard_span,,False,,small,,,,-8.644281035879548,-8.596486494720162,cf,-0.04779454115938542,75,61,
0.1823215567939546,standard_swap:t2,-12.140146842934877,-10.648689984287898,,100,ant,,,,small,standard_swap,True,1.0582922281671365,bias_corrected,small,1.268064209738542,2.3263564379056785,size-standard_swap-ant-S150-V125-small_to_large-mborderline-t2,True,borderline,google/gemma-3-4b-pt,google_gemma_3_4b_pt,,standard_span,,False,,small,,,,-10.872082633196335,-8.32233354638222,base,2.5497490868141153,150,125,
0.22314355131420976,standard_swap:t2,-12.140146842934877,-10.648689984287898,,100,ant,,,,large,standard_swap,True,2.123124574871582,bias_corrected,large,2.76159981260337,0.6384752377317877,size-standard_swap-ant-S150-V125-small_to_large-mborderline-t2,True,borderline,google/gemma-3-4b-pt,google_gemma_3_4b_pt,,standard_span,,False,,large,,,,-9.378547030331507,-10.01021474655611,cf,0.6316677162246034,150,125,
0.2876820724517809,standard_swap:t2,-12.140146842934877,-10.648689984287898,,100,ant,,,,small,standard_swap,True,0.6785316855119792,bias_corrected,small,-0.2509346156131276,0.4275970698988516,size-standard_swap-ant-S200-V150-small_to_large-mclear-t2,True,clear,google/gemma-3-4b-pt,google_gemma_3_4b_pt,,standard_span,,False,,small,,,,-12.391081458548005,-10.221092914389047,base,2.169988544158958,200,150,
0.4054651081081644,standard_swap:t2,-12.140146842934877,-10.648689984287898,,100,ant,,,,large,standard_swap,True,2.0733705073370494,bias_corrected,large,1.9334952869646411,-0.1398752203724083,size-standard_swap-ant-S200-V150-small_to_large-mclear-t2,True,clear,google/gemma-3-4b-pt,google_gemma_3_4b_pt,,standard_span,,False,,large,,,,-10.206651555970236,-10.788565204660307,cf,0.5819136486900707,200,150,
1.0986122886681098,standard_swap:t2,-12.140146842934877,-10.648689984287898,,10,ant,,,,small,standard_swap,True,0.7491121212995413,bias_corrected,small,1.16006127735022,1.9091733986497612,size-standard_swap-ant-S90-V30-small_to_large-mclear-t2,True,clear,google/gemma-3-4b-pt,google_gemma_3_4b_pt,,standard_span,,False,,small,,,,-10.980085565584657,-8.739516585638137,base,2.24056897994652,90,30,
1.0986122886681098,standard_swap:t2,-12.140146842934877,-10.648689984287898,,10,ant,,,,large,standard_swap,True,0.8842548857462074,bias_corrected,large,2.8524422666900584,1.968187380943851,size-standard_swap-ant-S90-V30-small_to_large-mclear-t2,True,clear,google/gemma-3-4b-pt,google_gemma_3_4b_pt,,standard_span,,False,,small,,,,-9.287704576244819,-8.680502603344047,cf,-0.6072019729007714,90,30,
1.0986122886681098,standard_swap:t2,-12.140146842934877,-10.648689984287898,,100,ant,,,,small,standard_swap,True,-0.01104170534473603,bias_corrected,large,1.0378264154841705,1.0267847101394345,size-standard_swap-ant-S900-V300-small_to_large-mclear-t2,False,clear,google/gemma-3-4b-pt,google_gemma_3_4b_pt,,standard_span,,False,,small,,,base_gate_pred_large_expected_small,-11.102320427450707,-9.621905274148464,base,1.4804151533022427,900,300,
1.0986122886681098,standard_swap:t2,-12.140146842934877,-10.648689984287898,,100,ant,,,,large,standard_swap,True,2.544030611559954,bias_corrected,large,2.895726751236724,0.35169613967677016,size-standard_swap-ant-S900-V300-small_to_large-mclear-t2,False,clear,google/gemma-3-4b-pt,google_gemma_3_4b_pt,,standard_span,,False,,large,,,base_gate_pred_large_expected_small,-9.244420091698153,-10.296993844611128,cf,1.0525737529129753,900,300,
1.8961194845522977,standard_swap:t2,-12.140146842934877,-10.648689984287898,,100,ant,,,,small,standard_swap,True,-0.7664442749302243,bias_corrected,large,2.4387672717682154,1.6723229968379911,size-standard_swap-ant-S999-V150-small_to_large-mextreme-t2,False,extreme,google/gemma-3-4b-pt,google_gemma_3_4b_pt,,standard_span,,False,,small,,,base_gate_pred_large_expected_small,-9.701379571166662,-8.976366987449907,base,0.7250125837167545,999,150,
0.4054651081081644,standard_swap:t2,-12.140146842934877,-10.648689984287898,,100,ant,,,,large,standard_swap,True,2.0733705073370494,bias_corrected,large,1.9334952869646411,-0.1398752203724083,size-standard_swap-ant-S999-V150-small_to_large-mextreme-t2,False,extreme,google/gemma-3-4b-pt,google_gemma_3_4b_pt,,standard_span,,False,,large,,,base_gate_pred_large_expected_small,-10.206651555970236,-10.788565204660307,cf,0.5819136486900707,999,150,
0.009852296443011594,standard_swap:t2,-12.140146842934877,-10.648689984287898,,100,human,,,,small,standard_swap,True,2.7987840587645714,bias_corrected,small,-1.3822253294748013,1.4165587292897701,size-standard_swap-human-S102-V101-small_to_large-mborderline-t2,False,borderline,google/gemma-3-4b-pt,google_gemma_3_4b_pt,,standard_span,,False,,small,,,cf_gate_pred_small_expected_large,-13.522372172409678,-9.232131254998128,base,4.29024091741155,102,101,
0.009950330853168092,standard_swap:t2,-12.140146842934877,-10.648689984287898,,100,human,,,,large,standard_swap,True,-0.0596737477266327,bias_corrected,small,0.020568758892350658,0.08024250661898336,size-standard_swap-human-S102-V101-small_to_large-mborderline-t2,False,borderline,google/gemma-3-4b-pt,google_gemma_3_4b_pt,,standard_span,,False,,small,,,cf_gate_pred_small_expected_large,-12.119578084042526,-10.568447477668915,cf,-1.5511306063736114,102,101,
0.08701137698962981,standard_swap:t2,-12.140146842934877,-10.648689984287898,,100,human,,,,small,standard_swap,True,1.5114746452772003,bias_corrected,small,-1.1652856364464146,0.34618900883078574,size-standard_swap-human-S120-V110-small_to_large-mborderline-t2,True,borderline,google/gemma-3-4b-pt,google_gemma_3_4b_pt,,standard_span,,False,,small,,,,-13.305432479381292,-10.302500975457113,base,3.002931503924179,120,110,
0.09531017980432493,standard_swap:t2,-12.140146842934877,-10.648689984287898,,100,human,,,,large,standard_swap,True,0.1206674918020969,bias_corrected,large,0.30262239317403505,0.18195490137193815,size-standard_swap-human-S120-V110-small_to_large-mborderline-t2,True,borderline,google/gemma-3-4b-pt,google_gemma_3_4b_pt,,standard_span,,False,,small,,,,-11.837524449760842,-10.46673508291596,cf,-1.3707893668448818,120,110,
0.20661424936299916,standard_swap:t2,-12.140146842934877,-10.648689984287898,,50,human,,,,small,standard_swap,True,1.5572785597919694,bias_corrected,small,0.4510100153068137,2.008288575098783,size-standard_swap-human-S75-V61-small_to_large-mborderline-t2,True,borderline,google/gemma-3-4b-pt,google_gemma_3_4b_pt,,standard_span,,False,,small,,,,-11.689136827628063,-8.640401409189115,base,3.048735418438948,75,61,
0.19885085874516517,standard_swap:t2,-12.140146842934877,-10.648689984287898,,50,human,,,,large,standard_swap,True,0.5078723612346874,bias_corrected,large,1.9786189569556427,1.4707465957209553,size-standard_swap-human-S75-V61-small_to_large-mborderline-t2,True,borderline,google/gemma-3-4b-pt,google_gemma_3_4b_pt,,standard_span,,False,,small,,,,-10.161527885979234,-9.177943388566943,cf,-0.9835844974122914,75,61,
0.1823215567939546,standard_swap:t2,-12.140146842934877,-10.648689984287898,,100,human,,,,small,standard_swap,True,0.6830436417619623,bias_corrected,small,-0.4922577367699432,0.19078590499201908,size-standard_swap-human-S150-V125-small_to_large-mborderline-t2,True,borderline,google/gemma-3-4b-pt,google_gemma_3_4b_pt,,standard_span,,False,,small,,,,-12.63240457970482,-10.45790407929588,base,2.174500500408941,150,125,
0.22314355131420976,standard_swap:t2,-12.140146842934877,-10.648689984287898,,100,human,,,,large,standard_swap,True,1.0716425700716794,bias_corrected,large,0.5654057230403229,-0.5062368470313565,size-standard_swap-human-S150-V125-small_to_large-mborderline-t2,True,borderline,google/gemma-3-4b-pt,google_gemma_3_4b_pt,,standard_span,,False,,small,,,,-11.574741119894554,-11.154926831319255,cf,-0.41981428857529934,150,125,
0.2876820724517809,standard_swap:t2,-12.140146842934877,-10.648689984287898,,100,human,,,,small,standard_swap,True,0.4141525877175205,bias_corrected,small,-0.2907830307241799,0.12336955699334062,size-standard_swap-human-S200-V150-small_to_large-mclear-t2,True,clear,google/gemma-3-4b-pt,google_gemma_3_4b_pt,,standard_span,,False,,small,,,,-12.430929873659057,-10.525320427294558,base,1.9056094463644992,200,150,
0.4054651081081644,standard_swap:t2,-12.140146842934877,-10.648689984287898,,100,human,,,,large,standard_swap,True,1.3575739001986324,bias_corrected,large,0.4855726667223692,-0.8720012334762632,size-standard_swap-human-S200-V150-small_to_large-mclear-t2,True,clear,google/gemma-3-4b-pt,google_gemma_3_4b_pt,,standard_span,,False,,small,,,,-11.654574176212508,-11.520691217764162,cf,-0.1338829584483463,200,150,
1.0986122886681098,standard_swap:t2,-12.140146842934877,-10.648689984287898,,10,human,,,,small,standard_swap,True,0.17121019978028684,bias_corrected,small,0.38959378487118457,0.5608039846514714,size-standard_swap-human-S90-V30-small_to_large-mclear-t2,True,clear,google/gemma-3-4b-pt,google_gemma_3_4b_pt,,standard_span,,False,,small,,,,-11.750553058063693,-10.087885999636427,base,1.6626670584272656,90,30,
1.0986122886681098,standard_swap:t2,-12.140146842934877,-10.648689984287898,,10,human,,,,large,standard_swap,True,0.4192569165662352,bias_corrected,large,0.5833490796862364,0.1640921631200012,size-standard_swap-human-S90-V30-small_to_large-mclear-t2,True,clear,google/gemma-3-4b-pt,google_gemma_3_4b_pt,,standard_span,,False,,small,,,,-11.55679776324864,-10.484597821167897,cf,-1.0721999420807435,90,30,
1.0986122886681098,standard_swap:t2,-12.140146842934877,-10.648689984287898,,100,human,,,,small,standard_swap,True,-0.46208075363487566,bias_corrected,large,-0.08131753222146543,-0.5433982858563411,size-standard_swap-human-S900-V300-small_to_large-mclear-t2,False,clear,google/gemma-3-4b-pt,google_gemma_3_4b_pt,,standard_span,,False,,small,,,base_gate_pred_large_expected_small,-12.221464375156343,-11.19208827014424,base,1.029376105012103,900,300,
1.0986122886681098,standard_swap:t2,-12.140146842934877,-10.648689984287898,,100,human,,,,large,standard_swap,True,1.8024956512755104,bias_corrected,large,0.7971909819565486,-1.0053046693189618,size-standard_swap-human-S900-V300-small_to_large-mclear-t2,False,clear,google/gemma-3-4b-pt,google_gemma_3_4b_pt,,standard_span,,False,,large,,,base_gate_pred_large_expected_small,-11.342955860978329,-11.65399465360686,cf,0.3110387926285316,900,300,
1.8961194845522977,standard_swap:t2,-12.140146842934877,-10.648689984287898,,100,human,,,,small,standard_swap,True,-0.45422887958483926,bias_corrected,large,1.2607457090044853,0.8065168294196461,size-standard_swap-human-S999-V150-small_to_large-mextreme-t2,False,extreme,google/gemma-3-4b-pt,google_gemma_3_4b_pt,,standard_span,,False,,small,,,base_gate_pred_large_expected_small,-10.879401133930392,-9.842173154868252,base,1.0372279790621395,999,150,
0.4054651081081644,standard_swap:t2,-12.140146842934877,-10.648689984287898,,100,human,,,,large,standard_swap,True,1.3575739001986324,bias_corrected,large,0.4855726667223692,-0.8720012334762632,size-standard_swap-human-S999-V150-small_to_large-mextreme-t2,False,extreme,google/gemma-3-4b-pt,google_gemma_3_4b_pt,,standard_span,,False,,small,,,base_gate_pred_large_expected_small,-11.654574176212508,-11.520691217764162,cf,-0.1338829584483463,999,150,
0.009852296443011594,standard_swap:t2,-12.140146842934877,-10.648689984287898,,100,elephant,,,,small,standard_swap,True,3.6660243212386323,bias_corrected,small,-0.7187995636285702,2.947224757610062,size-standard_swap-elephant-S102-V101-small_to_large-mborderline-t2,True,borderline,google/gemma-3-4b-pt,google_gemma_3_4b_pt,,standard_span,,False,,small,,,,-12.858946406563447,-7.701465226677836,base,5.157481179885611,102,101,
0.009950330853168092,standard_swap:t2,-12.140146842934877,-10.648689984287898,,100,elephant,,,,large,standard_swap,True,0.3188101301492203,bias_corrected,large,0.5290128647731116,0.21020273462389127,size-standard_swap-elephant-S102-V101-small_to_large-mborderline-t2,True,borderline,google/gemma-3-4b-pt,google_gemma_3_4b_pt,,standard_span,,False,,small,,,,-11.611133978161766,-10.438487249664007,cf,-1.1726467284977584,102,101,
0.08701137698962981,standard_swap:t2,-12.140146842934877,-10.648689984287898,,100,elephant,,,,small,standard_swap,True,2.069723009203962,bias_corrected,small,0.5258388519287109,2.5955618611326727,size-standard_swap-elephant-S120-V110-small_to_large-mborderline-t2,True,borderline,google/gemma-3-4b-pt,google_gemma_3_4b_pt,,standard_span,,False,,small,,,,-11.614307991006166,-8.053128123155226,base,3.5611798678509405,120,110,
0.09531017980432493,standard_swap:t2,-12.140146842934877,-10.648689984287898,,100,elephant,,,,large,standard_swap,True,1.2666538472875537,bias_corrected,large,1.6401227099391402,0.3734688626515865,size-standard_swap-elephant-S120-V110-small_to_large-mborderline-t2,True,borderline,google/gemma-3-4b-pt,google_gemma_3_4b_pt,,standard_span,,False,,small,,,,-10.500024132995737,-10.275221121636312,cf,-0.22480301135942504,120,110,
0.20661424936299916,standard_swap:t2,-12.140146842934877,-10.648689984287898,,50,elephant,,,,small,standard_swap,True,2.84533717585908,bias_corrected,small,1.5281454551107831,4.373482630969863,size-standard_swap-elephant-S75-V61-small_to_large-mborderline-t2,True,borderline,google/gemma-3-4b-pt,google_gemma_3_4b_pt,,standard_span,,False,,small,,,,-10.612001387824094,-6.275207353318035,base,4.336794034506059,75,61,
0.19885085874516517,standard_swap:t2,-12.140146842934877,-10.648689984287898,,50,elephant,,,,large,standard_swap,True,0.8946280661943709,bias_corrected,large,3.858817903456126,2.9641898372617552,size-standard_swap-elephant-S75-V61-small_to_large-mborderline-t2,True,borderline,google/gemma-3-4b-pt,google_gemma_3_4b_pt,,standard_span,,False,,small,,,,-8.281328939478751,-7.684500147026143,cf,-0.5968287924526079,75,61,
0.1823215567939546,standard_swap:t2,-12.140146842934877,-10.648689984287898,,100,elephant,,,,small,standard_swap,True,1.9239103210046569,bias_corrected,small,0.13563787027491436,2.0595481912795712,size-standard_swap-elephant-S150-V125-small_to_large-mborderline-t2,True,borderline,google/gemma-3-4b-pt,google_gemma_3_4b_pt,,standard_span,,False,,small,,,,-12.004508972659963,-8.589141793008327,base,3.4153671796516356,150,125,
0.22314355131420976,standard_swap:t2,-12.140146842934877,-10.648689984287898,,100,elephant,,,,large,standard_swap,True,1.7758414541138912,bias_corrected,large,1.186822815395523,-0.5890186387183682,size-standard_swap-elephant-S150-V125-small_to_large-mborderline-t2,True,borderline,google/gemma-3-4b-pt,google_gemma_3_4b_pt,,standard_span,,False,,large,,,,-10.953324027539354,-11.237708623006267,cf,0.2843845954669124,150,125,
0.2876820724517809,standard_swap:t2,-12.140146842934877,-10.648689984287898,,100,elephant,,,,small,standard_swap,True,1.0106072748216857,bias_corrected,small,-0.678001888525495,0.33260538629619063,size-standard_swap-elephant-S200-V150-small_to_large-mclear-t2,True,clear,google/gemma-3-4b-pt,google_gemma_3_4b_pt,,standard_span,,False,,small,,,,-12.818148731460372,-10.316084597991708,base,2.5020641334686644,200,150,
0.4054651081081644,standard_swap:t2,-12.140146842934877,-10.648689984287898,,100,elephant,,,,large,standard_swap,True,2.152921158602023,bias_corrected,large,1.0410554845038558,-1.1118656740981674,size-standard_swap-elephant-S200-V150-small_to_large-mclear-t2,True,clear,google/gemma-3-4b-pt,google_gemma_3_4b_pt,,standard_span,,False,,large,,,,-11.099091358431021,-11.760555658386066,cf,0.6614642999550444,200,150,
1.0986122886681098,standard_swap:t2,-12.140146842934877,-10.648689984287898,,10,elephant,,,,small,standard_swap,True,1.4579810356434564,bias_corrected,small,0.47413248666840424,1.9321135223118606,size-standard_swap-elephant-S90-V30-small_to_large-mclear-t2,True,clear,google/gemma-3-4b-pt,google_gemma_3_4b_pt,,standard_span,,False,,small,,,,-11.666014356266473,-8.716576461976038,base,2.949437894290435,90,30,
1.0986122886681098,standard_swap:t2,-12.140146842934877,-10.648689984287898,,10,elephant,,,,large,standard_swap,True,0.5023452381678393,bias_corrected,large,1.5447068963478632,1.042361658180024,size-standard_swap-elephant-S90-V30-small_to_large-mclear-t2,True,clear,google/gemma-3-4b-pt,google_gemma_3_4b_pt,,standard_span,,False,,small,,,,-10.595439946587014,-9.606328326107874,cf,-0.9891116204791395,90,30,
1.0986122886681098,standard_swap:t2,-12.140146842934877,-10.648689984287898,,100,elephant,,,,small,standard_swap,True,0.5511130857882343,bias_corrected,small,-0.5938931399113603,-0.04278005412312602,size-standard_swap-elephant-S900-V300-small_to_large-mclear-t2,True,clear,google/gemma-3-4b-pt,google_gemma_3_4b_pt,,standard_span,,False,,small,,,,-12.734039982846237,-10.691470038411024,base,2.042569944435213,900,300,
1.0986122886681098,standard_swap:t2,-12.140146842934877,-10.648689984287898,,100,elephant,,,,large,standard_swap,True,2.3413328195801704,bias_corrected,large,0.8869878982075647,-1.4543449213726056,size-standard_swap-elephant-S900-V300-small_to_large-mclear-t2,True,clear,google/gemma-3-4b-pt,google_gemma_3_4b_pt,,standard_span,,False,,large,,,,-11.253158944727312,-12.103034905660504,cf,0.8498759609331916,900,300,
1.8961194845522977,standard_swap:t2,-12.140146842934877,-10.648689984287898,,100,elephant,,,,small,standard_swap,True,0.9405693090730924,bias_corrected,small,1.1902157024643305,2.130785011537423,size-standard_swap-elephant-S999-V150-small_to_large-mextreme-t2,True,extreme,google/gemma-3-4b-pt,google_gemma_3_4b_pt,,standard_span,,False,,small,,,,-10.949931140470547,-8.517904972750475,base,2.432026167720071,999,150,
0.4054651081081644,standard_swap:t2,-12.140146842934877,-10.648689984287898,,100,elephant,,,,large,standard_swap,True,2.152921158602023,bias_corrected,large,1.0410554845038558,-1.1118656740981674,size-standard_swap-elephant-S999-V150-small_to_large-mextreme-t2,True,extreme,google/gemma-3-4b-pt,google_gemma_3_4b_pt,,standard_span,,False,,large,,,,-11.099091358431021,-11.760555658386066,cf,0.6614642999550444,999,150,
0.009852296443011594,standard_swap:t2,-12.140146842934877,-10.648689984287898,,100,glorb,,,,small,standard_swap,True,1.633516106829962,bias_corrected,small,-0.1657728000381109,1.467743306791851,size-standard_swap-glorb-S102-V101-small_to_large-mborderline-t2,True,borderline,google/gemma-3-4b-pt,google_gemma_3_4b_pt,,standard_span,,False,,small,,,,-12.305919642972988,-9.180946677496047,base,3.1249729654769407,102,101,
0.009950330853168092,standard_swap:t2,-12.140146842934877,-10.648689984287898,,100,glorb,,,,large,standard_swap,True,0.2096468036461534,bias_corrected,large,0.8473469465969838,0.6377001429508304,size-standard_swap-glorb-S102-V101-small_to_large-mborderline-t2,True,borderline,google/gemma-3-4b-pt,google_gemma_3_4b_pt,,standard_span,,False,,small,,,,-11.292799896337893,-10.010989841337068,cf,-1.2818100550008253,102,101,
0.08701137698962981,standard_swap:t2,-12.140146842934877,-10.648689984287898,,100,glorb,,,,small,standard_swap,True,1.6033362632200383,bias_corrected,small,-1.0046622043972189,0.5986740588228194,size-standard_swap-glorb-S120-V110-small_to_large-mborderline-t2,True,borderline,google/gemma-3-4b-pt,google_gemma_3_4b_pt,,standard_span,,False,,small,,,,-13.144809047332096,-10.050015925465079,base,3.094793121867017,120,110,
0.09531017980432493,standard_swap:t2,-12.140146842934877,-10.648689984287898,,100,glorb,,,,large,standard_swap,True,0.20110118251526465,bias_corrected,large,1.6337267804766533,1.4326255979613887,size-standard_swap-glorb-S120-V110-small_to_large-mborderline-t2,True,borderline,google/gemma-3-4b-pt,google_gemma_3_4b_pt,,standard_span,,False,,small,,,,-10.506420062458224,-9.21606438632651,cf,-1.290355676131714,120,110,
0.20661424936299916,standard_swap:t2,-12.140146842934877,-10.648689984287898,,50,glorb,,,,small,standard_swap,True,0.6869016778805879,bias_corrected,small,0.755213006623384,1.4421146845039718,size-standard_swap-glorb-S75-V61-small_to_large-mborderline-t2,True,borderline,google/gemma-3-4b-pt,google_gemma_3_4b_pt,,standard_span,,False,,small,,,,-11.384933836311493,-9.206575299783927,base,2.1783585365275666,75,61,
0.19885085874516517,standard_swap:t2,-12.140146842934877,-10.648689984287898,,50,glorb,,,,large,standard_swap,True,0.81366780518821,bias_corrected,large,1.817119346412941,1.003451541224731,size-standard_swap-glorb-S75-V61-small_to_large-mborderline-t2,True,borderline,google/gemma-3-4b-pt,google_gemma_3_4b_pt,,standard_span,,False,,small,,,,-10.323027496521936,-9.645238443063167,cf,-0.6777890534587687,75,61,
0.1823215567939546,standard_swap:t2,-12.140146842934877,-10.648689984287898,,100,glorb,,,,small,standard_swap,True,1.6294202250219083,bias_corrected,small,-0.9017063000476107,0.7277139249742977,size-standard_swap-glorb-S150-V125-small_to_large-mborderline-t2,True,borderline,google/gemma-3-4b-pt,google_gemma_3_4b_pt,,standard_span,,False,,small,,,,-13.041853142982488,-9.9209760593136,base,3.120877083668887,150,125,
0.22314355131420976,standard_swap:t2,-12.140146842934877,-10.648689984287898,,100,glorb,,,,large,standard_swap,True,1.4355350431757898,bias_corrected,large,2.142236644847321,0.7067016016715311,size-standard_swap-glorb-S150-V125-small_to_large-mborderline-t2,True,borderline,google/gemma-3-4b-pt,google_gemma_3_4b_pt,,standard_span,,False,,small,,,,-9.997910198087556,-9.941988382616367,cf,-0.05592181547118891,150,125,
0.2876820724517809,standard_swap:t2,-12.140146842934877,-10.648689984287898,,100,glorb,,,,small,standard_swap,True,1.0580259186981849,bias_corrected,small,-1.1723754562062059,-0.11434953750802102,size-standard_swap-glorb-S200-V150-small_to_large-mclear-t2,True,clear,google/gemma-3-4b-pt,google_gemma_3_4b_pt,,standard_span,,False,,small,,,,-13.312522299141083,-10.76303952179592,base,2.5494827773451636,200,150,
0.4054651081081644,standard_swap:t2,-12.140146842934877,-10.648689984287898,,100,glorb,,,,large,standard_swap,True,1.9535474337855678,bias_corrected,large,1.8182457263580591,-0.1353017074275087,size-standard_swap-glorb-S200-V150-small_to_large-mclear-t2,True,clear,google/gemma-3-4b-pt,google_gemma_3_4b_pt,,standard_span,,False,,large,,,,-10.321901116576818,-10.783991691715407,cf,0.4620905751385891,200,150,
1.0986122886681098,standard_swap:t2,-12.140146842934877,-10.648689984287898,,10,glorb,,,,small,standard_swap,True,0.2439121607427719,bias_corrected,small,0.897648576759563,1.1415607375023349,size-standard_swap-glorb-S90-V30-small_to_large-mclear-t2,True,clear,google/gemma-3-4b-pt,google_gemma_3_4b_pt,,standard_span,,False,,small,,,,-11.242498266175314,-9.507129246785563,base,1.7353690193897506,90,30,
1.0986122886681098,standard_swap:t2,-12.140146842934877,-10.648689984287898,,10,glorb,,,,large,standard_swap,True,1.1383135315464408,bias_corrected,large,1.0395954425445826,-0.09871808900185819,size-standard_swap-glorb-S90-V30-small_to_large-mclear-t2,True,clear,google/gemma-3-4b-pt,google_gemma_3_4b_pt,,standard_span,,False,,small,,,,-11.100551400390295,-10.747408073289757,cf,-0.353143327100538,90,30,
1.0986122886681098,standard_swap:t2,-12.140146842934877,-10.648689984287898,,100,glorb,,,,small,standard_swap,True,-0.3373780013159582,bias_corrected,large,0.8647903321584174,0.5274123308424592,size-standard_swap-glorb-S900-V300-small_to_large-mclear-t2,False,clear,google/gemma-3-4b-pt,google_gemma_3_4b_pt,,standard_span,,False,,small,,,base_gate_pred_large_expected_small,-11.27535651077646,-10.12127765344544,base,1.1540788573310206,900,300,
1.0986122886681098,standard_swap:t2,-12.140146842934877,-10.648689984287898,,100,glorb,,,,large,standard_swap,True,2.6701470183952356,bias_corrected,large,2.36791166551647,-0.3022353528787658,size-standard_swap-glorb-S900-V300-small_to_large-mclear-t2,False,clear,google/gemma-3-4b-pt,google_gemma_3_4b_pt,,standard_span,,False,,large,,,base_gate_pred_large_expected_small,-9.772235177418407,-10.950925337166664,cf,1.1786901597482569,900,300,
1.8961194845522977,standard_swap:t2,-12.140146842934877,-10.648689984287898,,100,glorb,,,,small,standard_swap,True,0.23355926492304846,bias_corrected,small,1.1398589063311455,1.373418171254194,size-standard_swap-glorb-S999-V150-small_to_large-mextreme-t2,True,extreme,google/gemma-3-4b-pt,google_gemma_3_4b_pt,,standard_span,,False,,small,,,,-11.000287936603732,-9.275271813033704,base,1.7250161235700272,999,150,
0.4054651081081644,standard_swap:t2,-12.140146842934877,-10.648689984287898,,100,glorb,,,,large,standard_swap,True,1.9535474337855678,bias_corrected,large,1.8182457263580591,-0.1353017074275087,size-standard_swap-glorb-S999-V150-small_to_large-mextreme-t2,True,extreme,google/gemma-3-4b-pt,google_gemma_3_4b_pt,,standard_span,,False,,large,,,,-10.321901116576818,-10.783991691715407,cf,0.4620905751385891,999,150,
0.009852296443011594,standard_swap:t2,-12.140146842934877,-10.648689984287898,,100,dax,,,,small,standard_swap,True,0.7770078464786732,bias_corrected,small,1.0772724527156257,1.8542802991942988,size-standard_swap-dax-S102-V101-small_to_large-mborderline-t2,True,borderline,google/gemma-3-4b-pt,google_gemma_3_4b_pt,,standard_span,,False,,small,,,,-11.062874390219251,-8.7944096850936,base,2.268464705125652,102,101,
0.009950330853168092,standard_swap:t2,-12.140146842934877,-10.648689984287898,,100,dax,,,,large,standard_swap,True,2.0186175713451338,bias_corrected,large,2.8995171827472017,0.880899611402068,size-standard_swap-dax-S102-V101-small_to_large-mborderline-t2,True,borderline,google/gemma-3-4b-pt,google_gemma_3_4b_pt,,standard_span,,False,,large,,,,-9.240629660187675,-9.76779037288583,cf,0.527160712698155,102,101,
0.08701137698962981,standard_swap:t2,-12.140146842934877,-10.648689984287898,,100,dax,,,,small,standard_swap,True,0.1780322093795519,bias_corrected,small,1.5175328276031443,1.6955650369826962,size-standard_swap-dax-S120-V110-small_to_large-mborderline-t2,True,borderline,google/gemma-3-4b-pt,google_gemma_3_4b_pt,,standard_span,,False,,small,,,,-10.622614015331733,-8.953124947305202,base,1.6694890680265306,120,110,
0.09531017980432493,standard_swap:t2,-12.140146842934877,-10.648689984287898,,100,dax,,,,large,standard_swap,True,2.393593148719866,bias_corrected,large,3.1408140101240836,0.7472208614042177,size-standard_swap-dax-S120-V110-small_to_large-mborderline-t2,True,borderline,google/gemma-3-4b-pt,google_gemma_3_4b_pt,,standard_span,,False,,large,,,,-8.999332832810794,-9.90146912288368,cf,0.9021362900728871,120,110,
0.20661424936299916,standard_swap:t2,-12.140146842934877,-10.648689984287898,,50,dax,,,,small,standard_swap,True,0.9882756873103808,bias_corrected,small,0.7697535695986115,1.7580292569089924,size-standard_swap-dax-S75-V61-small_to_large-mborderline-t2,True,borderline,google/gemma-3-4b-pt,google_gemma_3_4b_pt,,standard_span,,False,,small,,,,-11.370393273336266,-8.890660727378906,base,2.4797325459573596,75,61,
0.19885085874516517,standard_swap:t2,-12.140146842934877,-10.648689984287898,,50,dax,,,,large,standard_swap,True,2.0687877278167583,bias_corrected,large,3.795135833176346,1.7263481053595875,size-standard_swap-dax-S75-V61-small_to_large-mborderline-t2,True,borderline,google/gemma-3-4b-pt,google_gemma_3_4b_pt,,standard_span,,False,,large,,,,-8.345011009758531,-8.92234187892831,cf,0.5773308691697796,75,61,
0.1823215567939546,standard_swap:t2,-12.140146842934877,-10.648689984287898,,100,dax,,,,small,standard_swap,True,0.3756044876906621,bias_corrected,small,0.9180602719528554,1.2936647596435176,size-standard_swap-dax-S150-V125-small_to_large-mborderline-t2,True,borderline,google/gemma-3-4b-pt,google_gemma_3_4b_pt,,standard_span,,False,,small,,,,-11.222086570982022,-9.35502522464438,base,1.8670613463376409,150,125,
0.22314355131420976,standard_swap:t2,-12.140146842934877,-10.648689984287898,,100,dax,,,,large,standard_swap,True,2.9466319123459233,bias_corrected,large,2.330542329811321,-0.6160895825346024,size-standard_swap-dax-S150-V125-small_to_large-mborderline-t2,True,borderline,google/gemma-3-4b-pt,google_gemma_3_4b_pt,,standard_span,,False,,large,,,,-9.809604513123556,-11.2647795668225,cf,1.4551750536989445,150,125,
0.2876820724517809,standard_swap:t2,-12.140146842934877,-10.648689984287898,,100,dax,,,,small,standard_swap,True,-0.25778064029343284,bias_corrected,large,0.23947177067634584,-0.018308869617086998,size-standard_swap-dax-S200-V150-small_to_large-mclear-t2,False,clear,google/gemma-3-4b-pt,google_gemma_3_4b_pt,,standard_span,,False,,small,,,base_gate_pred_large_expected_small,-11.900675072258531,-10.666998853904985,base,1.233676218353546,200,150,
0.4054651081081644,standard_swap:t2,-12.140146842934877,-10.648689984287898,,100,dax,,,,large,standard_swap,True,3.3303621705281508,bias_corrected,large,2.587407235542612,-0.7429549349855389,size-standard_swap-dax-S200-V150-small_to_large-mclear-t2,False,clear,google/gemma-3-4b-pt,google_gemma_3_4b_pt,,standard_span,,False,,large,,,base_gate_pred_large_expected_small,-9.552739607392265,-11.391644919273437,cf,1.838905311881172,200,150,
1.0986122886681098,standard_swap:t2,-12.140146842934877,-10.648689984287898,,10,dax,,,,small,standard_swap,True,-0.6361099602396276,bias_corrected,large,1.8580737135284373,1.2219637532888097,size-standard_swap-dax-S90-V30-small_to_large-mclear-t2,False,clear,google/gemma-3-4b-pt,google_gemma_3_4b_pt,,standard_span,,False,,small,,,base_gate_pred_large_expected_small,-10.28207312940644,-9.426726230999089,base,0.8553468984073511,90,30,
1.0986122886681098,standard_swap:t2,-12.140146842934877,-10.648689984287898,,10,dax,,,,large,standard_swap,True,2.8271627542621953,bias_corrected,large,3.7731545873205885,0.9459918330583932,size-standard_swap-dax-S90-V30-small_to_large-mclear-t2,False,clear,google/gemma-3-4b-pt,google_gemma_3_4b_pt,,standard_span,,False,,large,,,base_gate_pred_large_expected_small,-8.366992255614289,-9.702698151229505,cf,1.3357058956152166,90,30,
1.0986122886681098,standard_swap:t2,-12.140146842934877,-10.648689984287898,,100,dax,,,,small,standard_swap,True,-0.718466432434445,bias_corrected,large,1.659458084560562,0.940991652126117,size-standard_swap-dax-S900-V300-small_to_large-mclear-t2,False,clear,google/gemma-3-4b-pt,google_gemma_3_4b_pt,,standard_span,,False,,small,,,base_gate_pred_large_expected_small,-10.480688758374315,-9.707698332161781,base,0.7729904262125338,900,300,
1.0986122886681098,standard_swap:t2,-12.140146842934877,-10.648689984287898,,100,dax,,,,large,standard_swap,True,3.9681738696037794,bias_corrected,large,2.822250171393504,-1.1459236982102752,size-standard_swap-dax-S900-V300-small_to_large-mclear-t2,False,clear,google/gemma-3-4b-pt,google_gemma_3_4b_pt,,standard_span,,False,,large,,,base_gate_pred_large_expected_small,-9.317896671541373,-11.794613682498174,cf,2.4767170109568006,900,300,
1.8961194845522977,standard_swap:t2,-12.140146842934877,-10.648689984287898,,100,dax,,,,small,standard_swap,True,-0.9058558627938389,bias_corrected,large,1.6556891636621245,0.7498333008682856,size-standard_swap-dax-S999-V150-small_to_large-mextreme-t2,False,extreme,google/gemma-3-4b-pt,google_gemma_3_4b_pt,,standard_span,,False,,small,,,base_gate_pred_large_expected_small,-10.484457679272753,-9.898856683419613,base,0.5856009958531398,999,150,
0.4054651081081644,standard_swap:t2,-12.140146842934877,-10.648689984287898,,100,dax,,,,large,standard_swap,True,3.3303621705281508,bias_corrected,large,2.587407235542612,-0.7429549349855389,size-standard_swap-dax-S999-V150-small_to_large-mextreme-t2,False,extreme,google/gemma-3-4b-pt,google_gemma_3_4b_pt,,standard_span,,False,,large,,,base_gate_pred_large_expected_small,-9.552739607392265,-11.391644919273437,cf,1.838905311881172,999,150,
0.009852296443011594,standard_swap:t2,-12.140146842934877,-10.648689984287898,,100,fenzel,,,,small,standard_swap,True,1.8035674882516117,bias_corrected,small,1.0094414991534517,2.8130089874050634,size-standard_swap-fenzel-S102-V101-small_to_large-mborderline-t2,True,borderline,google/gemma-3-4b-pt,google_gemma_3_4b_pt,,standard_span,,False,,small,,,,-11.130705343781425,-7.835680996882835,base,3.2950243468985905,102,101,
0.009950330853168092,standard_swap:t2,-12.140146842934877,-10.648689984287898,,100,fenzel,,,,large,standard_swap,True,0.6899598794115285,bias_corrected,large,2.6910645454319013,2.001104666020373,size-standard_swap-fenzel-S102-V101-small_to_large-mborderline-t2,True,borderline,google/gemma-3-4b-pt,google_gemma_3_4b_pt,,standard_span,,False,,small,,,,-9.449082297502976,-8.647585318267526,cf,-0.8014969792354503,102,101,
0.08701137698962981,standard_swap:t2,-12.140146842934877,-10.648689984287898,,100,fenzel,,,,small,standard_swap,True,0.7273001529563867,bias_corrected,small,1.0566786961328276,1.7839788490892143,size-standard_swap-fenzel-S120-V110-small_to_large-mborderline-t2,True,borderline,google/gemma-3-4b-pt,google_gemma_3_4b_pt,,standard_span,,False,,small,,,,-11.08346814680205,-8.864711135198684,base,2.2187570116033655,120,110,
0.09531017980432493,standard_swap:t2,-12.140146842934877,-10.648689984287898,,100,fenzel,,,,large,standard_swap,True,1.6279195322119904,bias_corrected,large,3.1301940454566193,1.502274513244629,size-standard_swap-fenzel-S120-V110-small_to_large-mborderline-t2,True,borderline,google/gemma-3-4b-pt,google_gemma_3_4b_pt,,standard_span,,False,,large,,,,-9.009952797478258,-9.14641547104327,cf,0.13646267356501163,120,110,
0.20661424936299916,standard_swap:t2,-12.140146842934877,-10.648689984287898,,50,fenzel,,,,small,standard_swap,True,1.627547840358626,bias_corrected,small,1.0700260044435144,2.6975738448021405,size-standard_swap-fenzel-S75-V61-small_to_large-mborderline-t2,False,borderline,google/gemma-3-4b-pt,google_gemma_3_4b_pt,,standard_span,,False,,small,,,cf_gate_pred_small_expected_large,-11.070120838491363,-7.951116139485758,base,3.119004699005605,75,61,
0.19885085874516517,standard_swap:t2,-12.140146842934877,-10.648689984287898,,50,fenzel,,,,large,standard_swap,True,-0.12406346039841587,bias_corrected,small,2.20546506479673,2.329528525195146,size-standard_swap-fenzel-S75-V61-small_to_large-mborderline-t2,False,borderline,google/gemma-3-4b-pt,google_gemma_3_4b_pt,,standard_span,,False,,small,,,cf_gate_pred_small_expected_large,-9.934681778138147,-8.319161459092753,cf,-1.6155203190453946,75,61,
0.1823215567939546,standard_swap:t2,-12.140146842934877,-10.648689984287898,,100,fenzel,,,,small,standard_swap,True,1.2506044876906621,bias_corrected,small,-0.13005164363552346,1.1205528440551387,size-standard_swap-fenzel-S150-V125-small_to_large-mborderline-t2,True,borderline,google/gemma-3-4b-pt,google_gemma_3_4b_pt,,standard_span,,False,,small,,,,-12.2701984865704,-9.52813714023276,base,2.742061346337641,150,125,
0.22314355131420976,standard_swap:t2,-12.140146842934877,-10.648689984287898,,100,fenzel,,,,large,standard_swap,True,1.748052531781319,bias_corrected,large,2.720402465614601,0.9723499338332822,size-standard_swap-fenzel-S150-V125-small_to_large-mborderline-t2,True,borderline,google/gemma-3-4b-pt,google_gemma_3_4b_pt,,standard_span,,False,,large,,,,-9.419744377320276,-9.676340050454616,cf,0.2565956731343402,150,125,
0.2876820724517809,standard_swap:t2,-12.140146842934877,-10.648689984287898,,100,fenzel,,,,small,standard_swap,True,-0.5039727589534841,bias_corrected,large,1.1510879837352004,0.6471152247817162,size-standard_swap-fenzel-S200-V150-small_to_large-mclear-t2,False,clear,google/gemma-3-4b-pt,google_gemma_3_4b_pt,,standard_span,,False,,small,,,base_gate_pred_large_expected_small,-10.989058859199677,-10.001574759506182,base,0.9874840996934946,200,150,
0.4054651081081644,standard_swap:t2,-12.140146842934877,-10.648689984287898,,100,fenzel,,,,large,standard_swap,True,2.2571929963989845,bias_corrected,large,3.183350548266267,0.9261575518672824,size-standard_swap-fenzel-S200-V150-small_to_large-mclear-t2,False,clear,google/gemma-3-4b-pt,google_gemma_3_4b_pt,,standard_span,,False,,large,,,base_gate_pred_large_expected_small,-8.95679629466861,-9.722532432420616,cf,0.7657361377520058,200,150,
1.0986122886681098,standard_swap:t2,-12.140146842934877,-10.648689984287898,,10,fenzel,,,,small,standard_swap,True,-0.014020047981695427,bias_corrected,large,0.49791360037436583,0.4838935523926704,size-standard_swap-fenzel-S90-V30-small_to_large-mclear-t2,False,clear,google/gemma-3-4b-pt,google_gemma_3_4b_pt,,standard_span,,False,,small,,,base_gate_pred_large_expected_small,-11.642233242560511,-10.164796431895228,base,1.4774368106652833,90,30,
1.0986122886681098,standard_swap:t2,-12.140146842934877,-10.648689984287898,,10,fenzel,,,,large,standard_swap,True,0.32596397425444223,bias_corrected,large,1.5580743668874213,1.232110392632979,size-standard_swap-fenzel-S90-V30-small_to_large-mclear-t2,False,clear,google/gemma-3-4b-pt,google_gemma_3_4b_pt,,standard_span,,False,,small,,,base_gate_pred_large_expected_small,-10.582072476047456,-9.41657959165492,cf,-1.1654928843925365,90,30,
1.0986122886681098,standard_swap:t2,-12.140146842934877,-10.648689984287898,,100,fenzel,,,,small,standard_swap,True,-0.967293745695498,bias_corrected,large,1.1412080246002603,0.1739142789047623,size-standard_swap-fenzel-S900-V300-small_to_large-mclear-t2,False,clear,google/gemma-3-4b-pt,google_gemma_3_4b_pt,,standard_span,,False,,small,,,base_gate_pred_large_expected_small,-10.998938818334617,-10.474775705383136,base,0.5241631129514808,900,300,
1.0986122886681098,standard_swap:t2,-12.140146842934877,-10.648689984287898,,100,fenzel,,,,large,standard_swap,True,3.0501453070263977,bias_corrected,large,3.353922359216204,0.30377705218980644,size-standard_swap-fenzel-S900-V300-small_to_large-mclear-t2,False,clear,google/gemma-3-4b-pt,google_gemma_3_4b_pt,,standard_span,,False,,large,,,base_gate_pred_large_expected_small,-8.786224483718673,-10.344912932098092,cf,1.558688448379419,900,300,
1.8961194845522977,standard_swap:t2,-12.140146842934877,-10.648689984287898,,100,fenzel,,,,small,standard_swap,True,-0.3941739502539008,bias_corrected,large,2.3230325617598258,1.928858611505925,size-standard_swap-fenzel-S999-V150-small_to_large-mextreme-t2,False,extreme,google/gemma-3-4b-pt,google_gemma_3_4b_pt,,standard_span,,False,,small,,,base_gate_pred_large_expected_small,-9.817114281175051,-8.719831372781973,base,1.097282908393078,999,150,
0.4054651081081644,standard_swap:t2,-12.140146842934877,-10.648689984287898,,100,fenzel,,,,large,standard_swap,True,2.2571929963989845,bias_corrected,large,3.183350548266267,0.9261575518672824,size-standard_swap-fenzel-S999-V150-small_to_large-mextreme-t2,False,extreme,google/gemma-3-4b-pt,google_gemma_3_4b_pt,,standard_span,,False,,large,,,base_gate_pred_large_expected_small,-8.95679629466861,-9.722532432420616,cf,0.7657361377520058,999,150,
0.009852296443011594,standard_swap:t3,-12.181537389983355,-10.482027022589719,,100,ant,,,,small,standard_swap,True,0.8733745015948635,bias_corrected,small,-3.0122610779245047,-2.138886576329641,size-standard_swap-ant-S102-V101-small_to_large-mborderline-t3,True,borderline,google/gemma-3-4b-pt,google_gemma_3_4b_pt,,standard_span,,False,,small,,,,-15.19379846790786,-12.62091359891936,base,2.572884868988499,102,101,
0.009950330853168092,standard_swap:t3,-12.181537389983355,-10.482027022589719,,100,ant,,,,large,standard_swap,True,0.30072074669897475,bias_corrected,large,-1.5304735536284326,-1.8311943003274074,size-standard_swap-ant-S102-V101-small_to_large-mborderline-t3,True,borderline,google/gemma-3-4b-pt,google_gemma_3_4b_pt,,standard_span,,False,,small,,,,-13.712010943611787,-12.313221322917126,cf,-1.3987896206946608,102,101,
0.08701137698962981,standard_swap:t3,-12.181537389983355,-10.482027022589719,,100,ant,,,,small,standard_swap,True,-0.39434811454425756,bias_corrected,large,-0.8542690362454444,-1.248617150789702,size-standard_swap-ant-S120-V110-small_to_large-mborderline-t3,False,borderline,google/gemma-3-4b-pt,google_gemma_3_4b_pt,,standard_span,,False,,small,,,base_gate_pred_large_expected_small,-13.035806426228799,-11.730644173379421,base,1.305162252849378,120,110,
0.09531017980432493,standard_swap:t3,-12.181537389983355,-10.482027022589719,,100,ant,,,,large,standard_swap,True,0.8402810524864499,bias_corrected,large,-0.5358444745319471,-1.376125527018397,size-standard_swap-ant-S120-V110-small_to_large-mborderline-t3,False,borderline,google/gemma-3-4b-pt,google_gemma_3_4b_pt,,standard_span,,False,,small,,,base_gate_pred_large_expected_small,-12.717381864515302,-11.858152549608116,cf,-0.8592293149071857,120,110,
0.20661424936299916,standard_swap:t3,-12.181537389983355,-10.482027022589719,,50,ant,,,,small,standard_swap,True,0.9029162467737404,bias_corrected,small,-1.7914171815507292,-0.8885009347769888,size-standard_swap-ant-S75-V61-small_to_large-mborderline-t3,False,borderline,google/gemma-3-4b-pt,google_gemma_3_4b_pt,,standard_span,,False,,small,,,cf_gate_pred_small_expected_large,-13.972954571534084,-11.370527957366708,base,2.602426614167376,75,61,
0.19885085874516517,standard_swap:t3,-12.181537389983355,-10.482027022589719,,50,ant,,,,large,standard_swap,True,-1.3177846070353638,bias_corrected,small,-1.3192760629652511,-0.0014914559298873087,size-standard_swap-ant-S75-V61-small_to_large-mborderline-t3,False,borderline,google/gemma-3-4b-pt,google_gemma_3_4b_pt,,standard_span,,False,,small,,,cf_gate_pred_small_expected_large,-13.500813452948606,-10.483518478519606,cf,-3.0172949744289994,75,61,
0.1823215567939546,standard_swap:t3,-12.181537389983355,-10.482027022589719,,100,ant,,,,small,standard_swap,True,0.6555715952157932,bias_corrected,small,-2.8493629568774974,-2.193791361661704,size-standard_swap-ant-S150-V125-small_to_large-mborderline-t3,False,borderline,google/gemma-3-4b-pt,google_gemma_3_4b_pt,,standard_span,,False,,small,,,cf_gate_pred_small_expected_large,-15.030900346860852,-12.675818384251423,base,2.355081962609429,150,125,
0.22314355131420976,standard_swap:t3,-12.181537389983355,-10.482027022589719,,100,ant,,,,large,standard_swap,True,-0.7770992028795938,bias_corrected,small,-1.838307594420046,-1.0612083915404522,size-standard_swap-ant-S150-V125-small_to_large-mborderline-t3,False,borderline,google/gemma-3-4b-pt,google_gemma_3_4b_pt,,standard_span,,False,,small,,,cf_gate_pred_small_expected_large,-14.0198449844034,-11.543235414130171,cf,-2.4766095702732294,150,125,
0.2876820724517809,standard_swap:t3,-12.181537389983355,-10.482027022589719,,100,ant,,,,small,standard_swap,True,0.6084762739991785,bias_corrected,small,-2.303693327562357,-1.6952170535631783,size-standard_swap-ant-S200-V150-small_to_large-mclear-t3,True,clear,google/gemma-3-4b-pt,google_gemma_3_4b_pt,,standard_span,,False,,small,,,,-14.485230717545711,-12.177244076152897,base,2.307986641392814,200,150,
0.4054651081081644,standard_swap:t3,-12.181537389983355,-10.482027022589719,,100,ant,,,,large,standard_swap,True,0.7116150143257567,bias_corrected,large,-0.11264525085429078,-0.8242602651800475,size-standard_swap-ant-S200-V150-small_to_large-mclear-t3,True,clear,google/gemma-3-4b-pt,google_gemma_3_4b_pt,,standard_span,,False,,small,,,,-12.294182640837645,-11.306287287769766,cf,-0.9878953530678789,200,150,
1.0986122886681098,standard_swap:t3,-12.181537389983355,-10.482027022589719,,10,ant,,,,small,standard_swap,True,1.5825442655123645,bias_corrected,small,-2.0423735194318144,-0.45982925391944995,size-standard_swap-ant-S90-V30-small_to_large-mclear-t3,True,clear,google/gemma-3-4b-pt,google_gemma_3_4b_pt,,standard_span,,False,,small,,,,-14.223910909415169,-10.941856276509169,base,3.282054632906,90,30,
1.0986122886681098,standard_swap:t3,-12.181537389983355,-10.482027022589719,,10,ant,,,,large,standard_swap,True,0.4810715408595687,bias_corrected,large,-0.42240391317515247,-0.9034754540347212,size-standard_swap-ant-S90-V30-small_to_large-mclear-t3,True,clear,google/gemma-3-4b-pt,google_gemma_3_4b_pt,,standard_span,,False,,small,,,,-12.603941303158507,-11.38550247662444,cf,-1.2184388265340669,90,30,
1.0986122886681098,standard_swap:t3,-12.181537389983355,-10.482027022589719,,100,ant,,,,small,standard_swap,True,-0.5326467771795329,bias_corrected,large,-0.7839016949020614,-1.3165484720815943,size-standard_swap-ant-S900-V300-small_to_large-mclear-t3,False,clear,google/gemma-3-4b-pt,google_gemma_3_4b_pt,,standard_span,,False,,small,,,base_gate_pred_large_expected_small,-12.965439084885416,-11.798575494671313,base,1.1668635902141027,900,300,
1.0986122886681098,standard_swap:t3,-12.181537389983355,-10.482027022589719,,100,ant,,,,large,standard_swap,True,1.1706897007281931,bias_corrected,large,-0.2815227575594559,-1.452212458287649,size-standard_swap-ant-S900-V300-small_to_large-mclear-t3,False,clear,google/gemma-3-4b-pt,google_gemma_3_4b_pt,,standard_span,,False,,small,,,base_gate_pred_large_expected_small,-12.46306014754281,-11.934239480877368,cf,-0.5288206666654425,900,300,
1.8961194845522977,standard_swap:t3,-12.181537389983355,-10.482027022589719,,100,ant,,,,small,standard_swap,True,-1.051337956575443,bias_corrected,large,0.09850596711095427,-0.9528319894644888,size-standard_swap-ant-S999-V150-small_to_large-mextreme-t3,False,extreme,google/gemma-3-4b-pt,google_gemma_3_4b_pt,,standard_span,,False,,small,,,base_gate_pred_large_expected_small,-12.0830314228724,-11.434859012054208,base,0.6481724108181925,999,150,
0.4054651081081644,standard_swap:t3,-12.181537389983355,-10.482027022589719,,100,ant,,,,large,standard_swap,True,0.7116150143257567,bias_corrected,large,-0.11264525085429078,-0.8242602651800475,size-standard_swap-ant-S999-V150-small_to_large-mextreme-t3,False,extreme,google/gemma-3-4b-pt,google_gemma_3_4b_pt,,standard_span,,False,,small,,,base_gate_pred_large_expected_small,-12.294182640837645,-11.306287287769766,cf,-0.9878953530678789,999,150,
0.009852296443011594,standard_swap:t3,-12.181537389983355,-10.482027022589719,,100,human,,,,small,standard_swap,True,1.1515045358744356,bias_corrected,small,-2.6541258204851204,-1.5026212846106848,size-standard_swap-human-S102-V101-small_to_large-mborderline-t3,False,borderline,google/gemma-3-4b-pt,google_gemma_3_4b_pt,,standard_span,,False,,small,,,cf_gate_pred_small_expected_large,-14.835663210468475,-11.984648307200404,base,2.851014903268071,102,101,
0.009950330853168092,standard_swap:t3,-12.181537389983355,-10.482027022589719,,100,human,,,,large,standard_swap,True,-0.37365690151206365,bias_corrected,small,-1.1633845287854214,-0.7897276272733578,size-standard_swap-human-S102-V101-small_to_large-mborderline-t3,False,borderline,google/gemma-3-4b-pt,google_gemma_3_4b_pt,,standard_span,,False,,small,,,cf_gate_pred_small_expected_large,-13.344921918768776,-11.271754649863077,cf,-2.0731672689056992,102,101,
0.08701137698962981,standard_swap:t3,-12.181537389983355,-10.482027022589719,,100,human,,,,small,standard_swap,True,0.0548488992498406,bias_corrected,small,-2.013303618919119,-1.9584547196692785,size-standard_swap-human-S120-V110-small_to_large-mborderline-t3,False,borderline,google/gemma-3-4b-pt,google_gemma_3_4b_pt,,standard_span,,False,,small,,,base_gate_margin_below_0.1,-14.194841008902474,-12.440481742258997,base,1.7543592666434762,120,110,
0.09531017980432493,standard_swap:t3,-12.181537389983355,-10.482027022589719,,100,human,,,,large,standard_swap,True,1.222550845234018,bias_corrected,large,-0.7329064586560072,-1.9554573038900251,size-standard_swap-human-S120-V110-small_to_large-mborderline-t3,False,borderline,google/gemma-3-4b-pt,google_gemma_3_4b_pt,,standard_span,,False,,small,,,base_gate_margin_below_0.1,-12.914443848639362,-12.437484326479744,cf,-0.4769595221596177,120,110,
0.20661424936299916,standard_swap:t3,-12.181537389983355,-10.482027022589719,,50,human,,,,small,standard_swap,True,1.372249305949687,bias_corrected,small,-2.7584859243037396,-1.3862366183540527,size-standard_swap-human-S75-V61-small_to_large-mborderline-t3,False,borderline,google/gemma-3-4b-pt,google_gemma_3_4b_pt,,standard_span,,False,,small,,,cf_gate_pred_small_expected_large,-14.940023314287094,-11.868263640943772,base,3.0717596733433226,75,61,
0.19885085874516517,standard_swap:t3,-12.181537389983355,-10.482027022589719,,50,human,,,,large,standard_swap,True,-0.8340170188889413,bias_corrected,small,-1.4974905068030822,-0.6634734879141408,size-standard_swap-human-S75-V61-small_to_large-mborderline-t3,False,borderline,google/gemma-3-4b-pt,google_gemma_3_4b_pt,,standard_span,,False,,small,,,cf_gate_pred_small_expected_large,-13.679027896786437,-11.14550051050386,cf,-2.533527386282577,75,61,
0.1823215567939546,standard_swap:t3,-12.181537389983355,-10.482027022589719,,100,human,,,,small,standard_swap,True,0.6292804925058775,bias_corrected,small,-2.160471587874232,-1.5311910953683547,size-standard_swap-human-S150-V125-small_to_large-mborderline-t3,False,borderline,google/gemma-3-4b-pt,google_gemma_3_4b_pt,,standard_span,,False,,small,,,cf_gate_pred_small_expected_large,-14.342008977857587,-12.013218117958074,base,2.328790859899513,150,125,
0.22314355131420976,standard_swap:t3,-12.181537389983355,-10.482027022589719,,100,human,,,,large,standard_swap,True,-0.5135641144054564,bias_corrected,small,-1.053207824359518,-0.5396437099540616,size-standard_swap-human-S150-V125-small_to_large-mborderline-t3,False,borderline,google/gemma-3-4b-pt,google_gemma_3_4b_pt,,standard_span,,False,,small,,,cf_gate_pred_small_expected_large,-13.234745214342873,-11.02167073254378,cf,-2.213074481799092,150,125,
0.2876820724517809,standard_swap:t3,-12.181537389983355,-10.482027022589719,,100,human,,,,small,standard_swap,True,-0.36143587858901505,bias_corrected,large,-1.2603363491397914,-1.6217722277288065,size-standard_swap-human-S200-V150-small_to_large-mclear-t3,False,clear,google/gemma-3-4b-pt,google_gemma_3_4b_pt,,standard_span,,False,,small,,,base_gate_pred_large_expected_small,-13.441873739123146,-12.103799250318525,base,1.3380744888046205,200,150,
0.4054651081081644,standard_swap:t3,-12.181537389983355,-10.482027022589719,,100,human,,,,large,standard_swap,True,0.4246759741809001,bias_corrected,large,-0.8496319230911258,-1.2743078972720259,size-standard_swap-human-S200-V150-small_to_large-mclear-t3,False,clear,google/gemma-3-4b-pt,google_gemma_3_4b_pt,,standard_span,,False,,small,,,base_gate_pred_large_expected_small,-13.03116931307448,-11.756334919861745,cf,-1.2748343932127355,200,150,
1.0986122886681098,standard_swap:t3,-12.181537389983355,-10.482027022589719,,10,human,,,,small,standard_swap,True,0.4185041344418181,bias_corrected,small,-0.9409233268638584,-0.5224191924220403,size-standard_swap-human-S90-V30-small_to_large-mclear-t3,True,clear,google/gemma-3-4b-pt,google_gemma_3_4b_pt,,standard_span,,False,,small,,,,-13.122460716847213,-11.00444621501176,base,2.1180145018354537,90,30,
1.0986122886681098,standard_swap:t3,-12.181537389983355,-10.482027022589719,,10,human,,,,large,standard_swap,True,0.3415729699415486,bias_corrected,large,0.5093218925540555,0.16774892261250685,size-standard_swap-human-S90-V30-small_to_large-mclear-t3,True,clear,google/gemma-3-4b-pt,google_gemma_3_4b_pt,,standard_span,,False,,small,,,,-11.672215497429299,-10.314278099977212,cf,-1.357937397452087,90,30,
1.0986122886681098,standard_swap:t3,-12.181537389983355,-10.482027022589719,,100,human,,,,small,standard_swap,True,0.3813899008213024,bias_corrected,small,-1.592739895310432,-1.2113499944891295,size-standard_swap-human-S900-V300-small_to_large-mclear-t3,True,clear,google/gemma-3-4b-pt,google_gemma_3_4b_pt,,standard_span,,False,,small,,,,-13.774277285293786,-11.693377017078848,base,2.080900268214938,900,300,
1.0986122886681098,standard_swap:t3,-12.181537389983355,-10.482027022589719,,100,human,,,,large,standard_swap,True,1.029873765980943,bias_corrected,large,-0.46560804821607604,-1.495481814197019,size-standard_swap-human-S900-V300-small_to_large-mclear-t3,True,clear,google/gemma-3-4b-pt,google_gemma_3_4b_pt,,standard_span,,False,,small,,,,-12.64714543819943,-11.977508836786738,cf,-0.6696366014126927,900,300,
1.8961194845522977,standard_swap:t3,-12.181537389983355,-10.482027022589719,,100,human,,,,small,standard_swap,True,-1.160065838532061,bias_corrected,large,-0.06469103097622586,-1.2247568695082869,size-standard_swap-human-S999-V150-small_to_large-mextreme-t3,False,extreme,google/gemma-3-4b-pt,google_gemma_3_4b_pt,,standard_span,,False,,small,,,base_gate_pred_large_expected_small,-12.24622842095958,-11.706783892098006,base,0.5394445288615746,999,150,
0.4054651081081644,standard_swap:t3,-12.181537389983355,-10.482027022589719,,100,human,,,,large,standard_swap,True,0.4246759741809001,bias_corrected,large,-0.8496319230911258,-1.2743078972720259,size-standard_swap-human-S999-V150-small_to_large-mextreme-t3,False,extreme,google/gemma-3-4b-pt,google_gemma_3_4b_pt,,standard_span,,False,,small,,,base_gate_pred_large_expected_small,-13.03116931307448,-11.756334919861745,cf,-1.2748343932127355,999,150,
0.009852296443011594,standard_swap:t3,-12.181537389983355,-10.482027022589719,,100,elephant,,,,small,standard_swap,True,1.1858745015948635,bias_corrected,small,-2.7949549408395438,-1.6090804392446802,size-standard_swap-elephant-S102-V101-small_to_large-mborderline-t3,False,borderline,google/gemma-3-4b-pt,google_gemma_3_4b_pt,,standard_span,,False,,small,,,cf_gate_pred_small_expected_large,-14.976492330822898,-12.0911074618344,base,2.885384868988499,102,101,
0.009950330853168092,standard_swap:t3,-12.181537389983355,-10.482027022589719,,100,elephant,,,,large,standard_swap,True,-0.018285875488036396,bias_corrected,small,-0.3254571596827809,-0.3071712841947445,size-standard_swap-elephant-S102-V101-small_to_large-mborderline-t3,False,borderline,google/gemma-3-4b-pt,google_gemma_3_4b_pt,,standard_span,,False,,small,,,cf_gate_pred_small_expected_large,-12.506994549666135,-10.789198306784463,cf,-1.717796242881672,102,101,
0.08701137698962981,standard_swap:t3,-12.181537389983355,-10.482027022589719,,100,elephant,,,,small,standard_swap,True,-1.1199015546027855,bias_corrected,large,-0.2171114818634603,-1.3370130364662458,size-standard_swap-elephant-S120-V110-small_to_large-mborderline-t3,False,borderline,google/gemma-3-4b-pt,google_gemma_3_4b_pt,,standard_span,,False,,small,,,base_gate_pred_large_expected_small,-12.398648871846815,-11.819040059055965,base,0.5796088127908501,120,110,
0.09531017980432493,standard_swap:t3,-12.181537389983355,-10.482027022589719,,100,elephant,,,,large,standard_swap,True,1.9028644952240903,bias_corrected,large,0.4088700526364093,-1.493994442587681,size-standard_swap-elephant-S120-V110-small_to_large-mborderline-t3,False,borderline,google/gemma-3-4b-pt,google_gemma_3_4b_pt,,standard_span,,False,,large,,,base_gate_pred_large_expected_small,-11.772667337346945,-11.9760214651774,cf,0.2033541278304547,120,110,
0.20661424936299916,standard_swap:t3,-12.181537389983355,-10.482027022589719,,50,elephant,,,,small,standard_swap,True,1.4999483636011188,bias_corrected,small,-1.74433671176031,-0.24438834815919108,size-standard_swap-elephant-S75-V61-small_to_large-mborderline-t3,False,borderline,google/gemma-3-4b-pt,google_gemma_3_4b_pt,,standard_span,,False,,small,,,cf_gate_pred_small_expected_large,-13.925874101743664,-10.72641537074891,base,3.1994587309947544,75,61,
0.19885085874516517,standard_swap:t3,-12.181537389983355,-10.482027022589719,,50,elephant,,,,large,standard_swap,True,-0.09726648814399397,bias_corrected,small,0.16687110493316837,0.26413759307716234,size-standard_swap-elephant-S75-V61-small_to_large-mborderline-t3,False,borderline,google/gemma-3-4b-pt,google_gemma_3_4b_pt,,standard_span,,False,,small,,,cf_gate_pred_small_expected_large,-12.014666285050186,-10.217889429512557,cf,-1.7967768555376296,75,61,
0.1823215567939546,standard_swap:t3,-12.181537389983355,-10.482027022589719,,100,elephant,,,,small,standard_swap,True,0.7416178868950016,bias_corrected,small,-2.1442167022871637,-1.402598815392162,size-standard_swap-elephant-S150-V125-small_to_large-mborderline-t3,True,borderline,google/gemma-3-4b-pt,google_gemma_3_4b_pt,,standard_span,,False,,small,,,,-14.325754092270518,-11.884625837981881,base,2.4411282542886372,150,125,
0.22314355131420976,standard_swap:t3,-12.181537389983355,-10.482027022589719,,100,elephant,,,,large,standard_swap,True,0.2629824211085854,bias_corrected,large,-0.3988919588489779,-0.6618743799575633,size-standard_swap-elephant-S150-V125-small_to_large-mborderline-t3,True,borderline,google/gemma-3-4b-pt,google_gemma_3_4b_pt,,standard_span,,False,,small,,,,-12.580429348832332,-11.143901402547282,cf,-1.4365279462850502,150,125,
0.2876820724517809,standard_swap:t3,-12.181537389983355,-10.482027022589719,,100,elephant,,,,small,standard_swap,True,-0.3764984861497336,bias_corrected,large,-0.4798933375749641,-0.8563918237246977,size-standard_swap-elephant-S200-V150-small_to_large-mclear-t3,False,clear,google/gemma-3-4b-pt,google_gemma_3_4b_pt,,standard_span,,False,,small,,,base_gate_pred_large_expected_small,-12.661430727558319,-11.338418846314417,base,1.323011881243902,200,150,
0.4054651081081644,standard_swap:t3,-12.181537389983355,-10.482027022589719,,100,elephant,,,,large,standard_swap,True,1.277556362576684,bias_corrected,large,-0.036006618200993046,-1.313562980777677,size-standard_swap-elephant-S200-V150-small_to_large-mclear-t3,False,clear,google/gemma-3-4b-pt,google_gemma_3_4b_pt,,standard_span,,False,,small,,,base_gate_pred_large_expected_small,-12.217544008184348,-11.795590003367396,cf,-0.42195400481695167,200,150,
1.0986122886681098,standard_swap:t3,-12.181537389983355,-10.482027022589719,,10,elephant,,,,small,standard_swap,True,0.42756390494013097,bias_corrected,small,-2.363531474922116,-1.935967569981985,size-standard_swap-elephant-S90-V30-small_to_large-mclear-t3,True,clear,google/gemma-3-4b-pt,google_gemma_3_4b_pt,,standard_span,,False,,small,,,,-14.54506886490547,-12.417994592571704,base,2.1270742723337666,90,30,
1.0986122886681098,standard_swap:t3,-12.181537389983355,-10.482027022589719,,10,elephant,,,,large,standard_swap,True,0.39621839220932387,bias_corrected,large,-0.6273994105087262,-1.02361780271805,size-standard_swap-elephant-S90-V30-small_to_large-mclear-t3,True,clear,google/gemma-3-4b-pt,google_gemma_3_4b_pt,,standard_span,,False,,small,,,,-12.80893680049208,-11.505644825307769,cf,-1.3032919751843117,90,30,
1.0986122886681098,standard_swap:t3,-12.181537389983355,-10.482027022589719,,100,elephant,,,,small,standard_swap,True,-0.23032580980174266,bias_corrected,large,-0.4521295288252496,-0.6824553386269923,size-standard_swap-elephant-S900-V300-small_to_large-mclear-t3,False,clear,google/gemma-3-4b-pt,google_gemma_3_4b_pt,,standard_span,,False,,small,,,base_gate_pred_large_expected_small,-12.633666918808604,-11.164482361216711,base,1.469184557591893,900,300,
1.0986122886681098,standard_swap:t3,-12.181537389983355,-10.482027022589719,,100,elephant,,,,large,standard_swap,True,0.8318481145442576,bias_corrected,large,-0.2965221490384131,-1.1283702635826707,size-standard_swap-elephant-S900-V300-small_to_large-mclear-t3,False,clear,google/gemma-3-4b-pt,google_gemma_3_4b_pt,,standard_span,,False,,small,,,base_gate_pred_large_expected_small,-12.478059539021768,-11.61039728617239,cf,-0.867662252849378,900,300,
1.8961194845522977,standard_swap:t3,-12.181537389983355,-10.482027022589719,,100,elephant,,,,small,standard_swap,True,-0.9177761118420236,bias_corrected,large,-0.21449799651888846,-1.132274108360912,size-standard_swap-elephant-S999-V150-small_to_large-mextreme-t3,False,extreme,google/gemma-3-4b-pt,google_gemma_3_4b_pt,,standard_span,,False,,small,,,base_gate_pred_large_expected_small,-12.396035386502243,-11.614301130950631,base,0.781734255551612,999,150,
0.4054651081081644,standard_swap:t3,-12.181537389983355,-10.482027022589719,,100,elephant,,,,large,standard_swap,True,1.277556362576684,bias_corrected,large,-0.036006618200993046,-1.313562980777677,size-standard_swap-elephant-S999-V150-small_to_large-mextreme-t3,False,extreme,google/gemma-3-4b-pt,google_gemma_3_4b_pt,,standard_span,,False,,small,,,base_gate_pred_large_expected_small,-12.217544008184348,-11.795590003367396,cf,-0.42195400481695167,999,150,
0.009852296443011594,standard_swap:t3,-12.181537389983355,-10.482027022589719,,100,glorb,,,,small,standard_swap,True,2.522463312993267,bias_corrected,small,-3.9931505718254137,-1.4706872588321467,size-standard_swap-glorb-S102-V101-small_to_large-mborderline-t3,False,borderline,google/gemma-3-4b-pt,google_gemma_3_4b_pt,,standard_span,,False,,small,,,cf_gate_pred_small_expected_large,-16.174687961808768,-11.952714281421866,base,4.221973680386903,102,101,
0.009950330853168092,standard_swap:t3,-12.181537389983355,-10.482027022589719,,100,glorb,,,,large,standard_swap,True,-1.8137413695717726,bias_corrected,small,-1.7878860927921352,0.025855276779637393,size-standard_swap-glorb-S102-V101-small_to_large-mborderline-t3,False,borderline,google/gemma-3-4b-pt,google_gemma_3_4b_pt,,standard_span,,False,,small,,,cf_gate_pred_small_expected_large,-13.96942348277549,-10.456171745810082,cf,-3.513251736965408,102,101,
0.08701137698962981,standard_swap:t3,-12.181537389983355,-10.482027022589719,,100,glorb,,,,small,standard_swap,True,0.4433663362198619,bias_corrected,small,-1.6199225322784994,-1.1765561960586375,size-standard_swap-glorb-S120-V110-small_to_large-mborderline-t3,True,borderline,google/gemma-3-4b-pt,google_gemma_3_4b_pt,,standard_span,,False,,small,,,,-13.801459922261854,-11.658583218648356,base,2.1428767036134975,120,110,
0.09531017980432493,standard_swap:t3,-12.181537389983355,-10.482027022589719,,100,glorb,,,,large,standard_swap,True,0.15487376598094293,bias_corrected,large,-1.6050276038801385,-1.7599013698610815,size-standard_swap-glorb-S120-V110-small_to_large-mborderline-t3,True,borderline,google/gemma-3-4b-pt,google_gemma_3_4b_pt,,standard_span,,False,,small,,,,-13.786564993863493,-12.2419283924508,cf,-1.5446366014126927,120,110,
0.20661424936299916,standard_swap:t3,-12.181537389983355,-10.482027022589719,,50,glorb,,,,small,standard_swap,True,2.221403536981178,bias_corrected,small,-0.866862940080857,1.3545405969003212,size-standard_swap-glorb-S75-V61-small_to_large-mborderline-t3,False,borderline,google/gemma-3-4b-pt,google_gemma_3_4b_pt,,standard_span,,False,,small,,,cf_gate_pred_small_expected_large,-13.048400330064212,-9.127486425689398,base,3.920913904374814,75,61,
0.19885085874516517,standard_swap:t3,-12.181537389983355,-10.482027022589719,,50,glorb,,,,large,standard_swap,True,-0.29590253312530024,bias_corrected,small,0.9185257350790117,1.214428268204312,size-standard_swap-glorb-S75-V61-small_to_large-mborderline-t3,False,borderline,google/gemma-3-4b-pt,google_gemma_3_4b_pt,,standard_span,,False,,small,,,cf_gate_pred_small_expected_large,-11.263011654904343,-9.267598754385407,cf,-1.9954129005189358,75,61,
0.1823215567939546,standard_swap:t3,-12.181537389983355,-10.482027022589719,,100,glorb,,,,small,standard_swap,True,1.3710507848790208,bias_corrected,small,-2.678243100848743,-1.307192315969722,size-standard_swap-glorb-S150-V125-small_to_large-mborderline-t3,False,borderline,google/gemma-3-4b-pt,google_gemma_3_4b_pt,,standard_span,,False,,small,,,cf_gate_pred_small_expected_large,-14.859780490832097,-11.789219338559441,base,3.0705611522726564,150,125,
0.22314355131420976,standard_swap:t3,-12.181537389983355,-10.482027022589719,,100,glorb,,,,large,standard_swap,True,-0.6397699209059748,bias_corrected,small,-1.632644628927503,-0.9928747080215281,size-standard_swap-glorb-S150-V125-small_to_large-mborderline-t3,False,borderline,google/gemma-3-4b-pt,google_gemma_3_4b_pt,,standard_span,,False,,small,,,cf_gate_pred_small_expected_large,-13.814182018910858,-11.474901730611247,cf,-2.3392802882996104,150,125,
0.2876820724517809,standard_swap:t3,-12.181537389983355,-10.482027022589719,,100,glorb,,,,small,standard_swap,True,0.05038084597007142,bias_corrected,small,-1.9772574192874188,-1.9268765733173474,size-standard_swap-glorb-S200-V150-small_to_large-mclear-t3,False,clear,google/gemma-3-4b-pt,google_gemma_3_4b_pt,,standard_span,,False,,small,,,base_gate_margin_below_0.1,-14.158794809270773,-12.408903595907066,base,1.749891213363707,200,150,
0.4054651081081644,standard_swap:t3,-12.181537389983355,-10.482027022589719,,100,glorb,,,,large,standard_swap,True,0.3479633487156093,bias_corrected,large,-2.199447860371338,-2.547411209086947,size-standard_swap-glorb-S200-V150-small_to_large-mclear-t3,False,clear,google/gemma-3-4b-pt,google_gemma_3_4b_pt,,standard_span,,False,,small,,,base_gate_margin_below_0.1,-14.380985250354692,-13.029438231676666,cf,-1.3515470186780263,200,150,
1.0986122886681098,standard_swap:t3,-12.181537389983355,-10.482027022589719,,10,glorb,,,,small,standard_swap,True,-0.13060294597479682,bias_corrected,large,-2.314158711881218,-2.4447616578560147,size-standard_swap-glorb-S90-V30-small_to_large-mclear-t3,False,clear,google/gemma-3-4b-pt,google_gemma_3_4b_pt,,standard_span,,False,,small,,,base_gate_pred_large_expected_small,-14.495696101864572,-12.926788680445734,base,1.5689074214188388,90,30,
1.0986122886681098,standard_swap:t3,-12.181537389983355,-10.482027022589719,,10,glorb,,,,large,standard_swap,True,0.5513669755603043,bias_corrected,large,-0.32562623549626757,-0.8769932110565719,size-standard_swap-glorb-S90-V30-small_to_large-mclear-t3,False,clear,google/gemma-3-4b-pt,google_gemma_3_4b_pt,,standard_span,,False,,small,,,base_gate_pred_large_expected_small,-12.507163625479622,-11.35902023364629,cf,-1.1481433918333313,90,30,
1.0986122886681098,standard_swap:t3,-12.181537389983355,-10.482027022589719,,100,glorb,,,,small,standard_swap,True,0.2751699803172194,bias_corrected,small,-1.959617622574802,-1.6844476422575827,size-standard_swap-glorb-S900-V300-small_to_large-mclear-t3,True,clear,google/gemma-3-4b-pt,google_gemma_3_4b_pt,,standard_span,,False,,small,,,,-14.141155012558157,-12.166474664847302,base,1.974680347710855,900,300,
1.0986122886681098,standard_swap:t3,-12.181537389983355,-10.482027022589719,,100,glorb,,,,large,standard_swap,True,1.0550265756520076,bias_corrected,large,-0.6078829986166934,-1.662909574268701,size-standard_swap-glorb-S900-V300-small_to_large-mclear-t3,True,clear,google/gemma-3-4b-pt,google_gemma_3_4b_pt,,standard_span,,False,,small,,,,-12.789420388600048,-12.14493659685842,cf,-0.644483791741628,900,300,
1.8961194845522977,standard_swap:t3,-12.181537389983355,-10.482027022589719,,100,glorb,,,,small,standard_swap,True,-0.7192497395468962,bias_corrected,large,-1.0853343151547286,-1.8045840547016248,size-standard_swap-glorb-S999-V150-small_to_large-mextreme-t3,False,extreme,google/gemma-3-4b-pt,google_gemma_3_4b_pt,,standard_span,,False,,small,,,base_gate_pred_large_expected_small,-13.266871705138083,-12.286611077291344,base,0.9802606278467394,999,150,
0.4054651081081644,standard_swap:t3,-12.181537389983355,-10.482027022589719,,100,glorb,,,,large,standard_swap,True,0.3479633487156093,bias_corrected,large,-2.199447860371338,-2.547411209086947,size-standard_swap-glorb-S999-V150-small_to_large-mextreme-t3,False,extreme,google/gemma-3-4b-pt,google_gemma_3_4b_pt,,standard_span,,False,,small,,,base_gate_pred_large_expected_small,-14.380985250354692,-13.029438231676666,cf,-1.3515470186780263,999,150,
0.009852296443011594,standard_swap:t3,-12.181537389983355,-10.482027022589719,,100,dax,,,,small,standard_swap,True,0.9447429011547666,bias_corrected,small,-2.1906153412301688,-1.2458724400754022,size-standard_swap-dax-S102-V101-small_to_large-mborderline-t3,True,borderline,google/gemma-3-4b-pt,google_gemma_3_4b_pt,,standard_span,,False,,small,,,,-14.372152731213523,-11.727899462665121,base,2.644253268548402,102,101,
0.009950330853168092,standard_swap:t3,-12.181537389983355,-10.482027022589719,,100,dax,,,,large,standard_swap,True,0.5496479602729174,bias_corrected,large,-1.4677965928395942,-2.0174445531125116,size-standard_swap-dax-S102-V101-small_to_large-mborderline-t3,True,borderline,google/gemma-3-4b-pt,google_gemma_3_4b_pt,,standard_span,,False,,small,,,,-13.649333982822949,-12.49947157570223,cf,-1.1498624071207182,102,101,
0.08701137698962981,standard_swap:t3,-12.181537389983355,-10.482027022589719,,100,dax,,,,small,standard_swap,True,-0.5049685464866833,bias_corrected,large,-0.3840055667467315,-0.8889741132334148,size-standard_swap-dax-S120-V110-small_to_large-mborderline-t3,False,borderline,google/gemma-3-4b-pt,google_gemma_3_4b_pt,,standard_span,,False,,small,,,base_gate_pred_large_expected_small,-12.565542956730086,-11.371001135823134,base,1.1945418209069523,120,110,
0.09531017980432493,standard_swap:t3,-12.181537389983355,-10.482027022589719,,100,dax,,,,large,standard_swap,True,1.303585837053772,bias_corrected,large,-0.875764683213264,-2.179350520267036,size-standard_swap-dax-S120-V110-small_to_large-mborderline-t3,False,borderline,google/gemma-3-4b-pt,google_gemma_3_4b_pt,,standard_span,,False,,small,,,base_gate_pred_large_expected_small,-13.057302073196619,-12.661377542856755,cf,-0.3959245303398635,120,110,
0.20661424936299916,standard_swap:t3,-12.181537389983355,-10.482027022589719,,50,dax,,,,small,standard_swap,True,1.579289171071414,bias_corrected,small,-0.6354746612594138,0.9438145098120003,size-standard_swap-dax-S75-V61-small_to_large-mborderline-t3,False,borderline,google/gemma-3-4b-pt,google_gemma_3_4b_pt,,standard_span,,False,,small,,,cf_gate_pred_small_expected_large,-12.817012051242768,-9.538212512777719,base,3.2787995384650497,75,61,
0.19885085874516517,standard_swap:t3,-12.181537389983355,-10.482027022589719,,50,dax,,,,large,standard_swap,True,-0.2727220018859864,bias_corrected,small,0.6630916853306452,0.9358136872166316,size-standard_swap-dax-S75-V61-small_to_large-mborderline-t3,False,borderline,google/gemma-3-4b-pt,google_gemma_3_4b_pt,,standard_span,,False,,small,,,cf_gate_pred_small_expected_large,-11.51844570465271,-9.546213335373087,cf,-1.972232369279622,75,61,
0.1823215567939546,standard_swap:t3,-12.181537389983355,-10.482027022589719,,100,dax,,,,small,standard_swap,True,0.2514145779169237,bias_corrected,small,-2.3206814515254095,-2.069266873608486,size-standard_swap-dax-S150-V125-small_to_large-mborderline-t3,False,borderline,google/gemma-3-4b-pt,google_gemma_3_4b_pt,,standard_span,,False,,small,,,cf_gate_margin_below_0.1,-14.502218841508764,-12.551293896198205,base,1.9509249453105593,150,125,
0.22314355131420976,standard_swap:t3,-12.181537389983355,-10.482027022589719,,100,dax,,,,large,standard_swap,True,0.011351901928719599,bias_corrected,large,-1.4150946877333759,-1.4264465896620955,size-standard_swap-dax-S150-V125-small_to_large-mborderline-t3,False,borderline,google/gemma-3-4b-pt,google_gemma_3_4b_pt,,standard_span,,False,,small,,,cf_gate_margin_below_0.1,-13.59663207771673,-11.908473612251814,cf,-1.688158465464916,150,125,
0.2876820724517809,standard_swap:t3,-12.181537389983355,-10.482027022589719,,100,dax,,,,small,standard_swap,True,-0.22638397038017644,bias_corrected,large,-0.6190896501482701,-0.8454736205284465,size-standard_swap-dax-S200-V150-small_to_large-mclear-t3,False,clear,google/gemma-3-4b-pt,google_gemma_3_4b_pt,,standard_span,,False,,small,,,base_gate_pred_large_expected_small,-12.800627040131625,-11.327500643118166,base,1.4731263970134592,200,150,
0.4054651081081644,standard_swap:t3,-12.181537389983355,-10.482027022589719,,100,dax,,,,large,standard_swap,True,0.9339982922625314,bias_corrected,large,-0.6230037474690739,-1.5570020397316053,size-standard_swap-dax-S200-V150-small_to_large-mclear-t3,False,clear,google/gemma-3-4b-pt,google_gemma_3_4b_pt,,standard_span,,False,,small,,,base_gate_pred_large_expected_small,-12.804541137452429,-12.039029062321324,cf,-0.7655120751311042,200,150,
1.0986122886681098,standard_swap:t3,-12.181537389983355,-10.482027022589719,,10,dax,,,,small,standard_swap,True,-0.5325330489056288,bias_corrected,large,-1.0342600098863546,-1.5667930587919834,size-standard_swap-dax-S90-V30-small_to_large-mclear-t3,False,clear,google/gemma-3-4b-pt,google_gemma_3_4b_pt,,standard_span,,False,,small,,,base_gate_pred_large_expected_small,-13.21579739986971,-12.048820081381702,base,1.1669773184880068,90,30,
1.0986122886681098,standard_swap:t3,-12.181537389983355,-10.482027022589719,,10,dax,,,,large,standard_swap,True,0.6734979699166725,bias_corrected,large,0.8144274001862666,0.14092943026959404,size-standard_swap-dax-S90-V30-small_to_large-mclear-t3,False,clear,google/gemma-3-4b-pt,google_gemma_3_4b_pt,,standard_span,,False,,small,,,base_gate_pred_large_expected_small,-11.367109989797088,-10.341097592320125,cf,-1.026012397476963,90,30,
1.0986122886681098,standard_swap:t3,-12.181537389983355,-10.482027022589719,,100,dax,,,,small,standard_swap,True,-0.3958196130164957,bias_corrected,large,-0.10974359783764598,-0.5055632108541417,size-standard_swap-dax-S900-V300-small_to_large-mclear-t3,False,clear,google/gemma-3-4b-pt,google_gemma_3_4b_pt,,standard_span,,False,,small,,,base_gate_pred_large_expected_small,-12.291280987821,-10.98759023344386,base,1.3036907543771399,900,300,
1.0986122886681098,standard_swap:t3,-12.181537389983355,-10.482027022589719,,100,dax,,,,large,standard_swap,True,0.6521643766647376,bias_corrected,large,0.03410121231723906,-0.6180631643474985,size-standard_swap-dax-S900-V300-small_to_large-mclear-t3,False,clear,google/gemma-3-4b-pt,google_gemma_3_4b_pt,,standard_span,,False,,small,,,base_gate_pred_large_expected_small,-12.147436177666115,-11.100090186937217,cf,-1.047345990728898,900,300,
1.8961194845522977,standard_swap:t3,-12.181537389983355,-10.482027022589719,,100,dax,,,,small,standard_swap,True,-0.7918703333708557,bias_corrected,large,1.3300146531668169,0.5381443197959612,size-standard_swap-dax-S999-V150-small_to_large-mextreme-t3,False,extreme,google/gemma-3-4b-pt,google_gemma_3_4b_pt,,standard_span,,False,,small,,,base_gate_pred_large_expected_small,-10.851522736816538,-9.943882702793758,base,0.9076400340227799,999,150,
0.4054651081081644,standard_swap:t3,-12.181537389983355,-10.482027022589719,,100,dax,,,,large,standard_swap,True,0.9339982922625314,bias_corrected,large,-0.6230037474690739,-1.5570020397316053,size-standard_swap-dax-S999-V150-small_to_large-mextreme-t3,False,extreme,google/gemma-3-4b-pt,google_gemma_3_4b_pt,,standard_span,,False,,small,,,base_gate_pred_large_expected_small,-12.804541137452429,-12.039029062321324,cf,-0.7655120751311042,999,150,
0.009852296443011594,standard_swap:t3,-12.181537389983355,-10.482027022589719,,100,fenzel,,,,small,standard_swap,True,0.8058326004508061,bias_corrected,small,-2.834636550437674,-2.0288039499868677,size-standard_swap-fenzel-S102-V101-small_to_large-mborderline-t3,True,borderline,google/gemma-3-4b-pt,google_gemma_3_4b_pt,,standard_span,,False,,small,,,,-15.016173940421028,-12.510830972576587,base,2.5053429678444417,102,101,
0.009950330853168092,standard_swap:t3,-12.181537389983355,-10.482027022589719,,100,fenzel,,,,large,standard_swap,True,0.44810380678488393,bias_corrected,large,-0.5439200149770933,-0.9920238217619772,size-standard_swap-fenzel-S102-V101-small_to_large-mborderline-t3,True,borderline,google/gemma-3-4b-pt,google_gemma_3_4b_pt,,standard_span,,False,,small,,,,-12.725457404960448,-11.474050844351696,cf,-1.2514065606087517,102,101,
0.08701137698962981,standard_swap:t3,-12.181537389983355,-10.482027022589719,,100,fenzel,,,,small,standard_swap,True,-0.4496312657841628,bias_corrected,large,-0.6430744335751832,-1.092705699359346,size-standard_swap-fenzel-S120-V110-small_to_large-mborderline-t3,False,borderline,google/gemma-3-4b-pt,google_gemma_3_4b_pt,,standard_span,,False,,small,,,base_gate_pred_large_expected_small,-12.824611823558538,-11.574732721949065,base,1.2498791016094728,120,110,
0.09531017980432493,standard_swap:t3,-12.181537389983355,-10.482027022589719,,100,fenzel,,,,large,standard_swap,True,0.9973081844224634,bias_corrected,large,-0.683919220097895,-1.6812274045203583,size-standard_swap-fenzel-S120-V110-small_to_large-mborderline-t3,False,borderline,google/gemma-3-4b-pt,google_gemma_3_4b_pt,,standard_span,,False,,small,,,base_gate_pred_large_expected_small,-12.86545661008125,-12.163254427110077,cf,-0.7022021829711722,120,110,
0.20661424936299916,standard_swap:t3,-12.181537389983355,-10.482027022589719,,50,fenzel,,,,small,standard_swap,True,0.6590447630546645,bias_corrected,small,-0.20447441508636288,0.45457034796830165,size-standard_swap-fenzel-S75-V61-small_to_large-mborderline-t3,True,borderline,google/gemma-3-4b-pt,google_gemma_3_4b_pt,,standard_span,,False,,small,,,,-12.386011805069717,-10.027456674621417,base,2.3585551304483,75,61,
0.19885085874516517,standard_swap:t3,-12.181537389983355,-10.482027022589719,,50,fenzel,,,,large,standard_swap,True,0.10946088205335336,bias_corrected,large,0.6775464343843645,0.5680855523310111,size-standard_swap-fenzel-S75-V61-small_to_large-mborderline-t3,True,borderline,google/gemma-3-4b-pt,google_gemma_3_4b_pt,,standard_span,,False,,small,,,,-11.50399095559899,-9.913941470258708,cf,-1.5900494853402822,75,61,
0.1823215567939546,standard_swap:t3,-12.181537389983355,-10.482027022589719,,100,fenzel,,,,small,standard_swap,True,0.19406102401436698,bias_corrected,small,-1.7549323396069827,-1.5608713155926157,size-standard_swap-fenzel-S150-V125-small_to_large-mborderline-t3,True,borderline,google/gemma-3-4b-pt,google_gemma_3_4b_pt,,standard_span,,False,,small,,,,-13.936469729590337,-12.042898338182335,base,1.8935713914080026,150,125,
0.22314355131420976,standard_swap:t3,-12.181537389983355,-10.482027022589719,,100,fenzel,,,,large,standard_swap,True,0.5789186237752002,bias_corrected,large,-0.8988909748518061,-1.4778095986270063,size-standard_swap-fenzel-S150-V125-small_to_large-mborderline-t3,True,borderline,google/gemma-3-4b-pt,google_gemma_3_4b_pt,,standard_span,,False,,small,,,,-13.08042836483516,-11.959836621216725,cf,-1.1205917436184354,150,125,
0.2876820724517809,standard_swap:t3,-12.181537389983355,-10.482027022589719,,100,fenzel,,,,small,standard_swap,True,-0.37520010471347653,bias_corrected,large,-0.60851840127172,-0.9837185059851965,size-standard_swap-fenzel-S200-V150-small_to_large-mclear-t3,False,clear,google/gemma-3-4b-pt,google_gemma_3_4b_pt,,standard_span,,False,,small,,,base_gate_pred_large_expected_small,-12.790055791255075,-11.465745528574915,base,1.324310262680159,200,150,
0.4054651081081644,standard_swap:t3,-12.181537389983355,-10.482027022589719,,100,fenzel,,,,large,standard_swap,True,1.2629824292887086,bias_corrected,large,-0.9722791048450716,-2.2352615341337803,size-standard_swap-fenzel-S200-V150-small_to_large-mclear-t3,False,clear,google/gemma-3-4b-pt,google_gemma_3_4b_pt,,standard_span,,False,,small,,,base_gate_pred_large_expected_small,-13.153816494828426,-12.7172885567235,cf,-0.43652793810492696,200,150,
1.0986122886681098,standard_swap:t3,-12.181537389983355,-10.482027022589719,,10,fenzel,,,,small,standard_swap,True,0.20788916809395097,bias_corrected,small,0.08061642166046923,0.2885055897544202,size-standard_swap-fenzel-S90-V30-small_to_large-mclear-t3,True,clear,google/gemma-3-4b-pt,google_gemma_3_4b_pt,,standard_span,,False,,small,,,,-12.100920968322885,-10.193521432835299,base,1.9073995354875866,90,30,
1.0986122886681098,standard_swap:t3,-12.181537389983355,-10.482027022589719,,10,fenzel,,,,large,standard_swap,True,1.5319799934037377,bias_corrected,large,1.4932792433485087,-0.038700750055228994,size-standard_swap-fenzel-S90-V30-small_to_large-mclear-t3,True,clear,google/gemma-3-4b-pt,google_gemma_3_4b_pt,,standard_span,,False,,small,,,,-10.688258146634846,-10.520727772644948,cf,-0.1675303739898979,90,30,
1.0986122886681098,standard_swap:t3,-12.181537389983355,-10.482027022589719,,100,fenzel,,,,small,standard_swap,True,-0.529695564887863,bias_corrected,large,-0.7404540823439909,-1.2701496472318539,size-standard_swap-fenzel-S900-V300-small_to_large-mclear-t3,False,clear,google/gemma-3-4b-pt,google_gemma_3_4b_pt,,standard_span,,False,,small,,,base_gate_pred_large_expected_small,-12.921991472327345,-11.752176669821573,base,1.1698148025057726,900,300,
1.0986122886681098,standard_swap:t3,-12.181537389983355,-10.482027022589719,,100,fenzel,,,,large,standard_swap,True,1.3806619290076902,bias_corrected,large,-0.12846133577787455,-1.5091232647855648,size-standard_swap-fenzel-S900-V300-small_to_large-mclear-t3,False,clear,google/gemma-3-4b-pt,google_gemma_3_4b_pt,,standard_span,,False,,small,,,base_gate_pred_large_expected_small,-12.309998725761229,-11.991150287375284,cf,-0.31884843838594534,900,300,
1.8961194845522977,standard_swap:t3,-12.181537389983355,-10.482027022589719,,100,fenzel,,,,small,standard_swap,True,-1.133367967763128,bias_corrected,large,0.809775274604565,-0.3235926931585631,size-standard_swap-fenzel-S999-V150-small_to_large-mextreme-t3,False,extreme,google/gemma-3-4b-pt,google_gemma_3_4b_pt,,standard_span,,False,,small,,,base_gate_pred_large_expected_small,-11.37176211537879,-10.805619715748282,base,0.5661423996305075,999,150,
0.4054651081081644,standard_swap:t3,-12.181537389983355,-10.482027022589719,,100,fenzel,,,,large,standard_swap,True,1.2629824292887086,bias_corrected,large,-0.9722791048450716,-2.2352615341337803,size-standard_swap-fenzel-S999-V150-small_to_large-mextreme-t3,False,extreme,google/gemma-3-4b-pt,google_gemma_3_4b_pt,,standard_span,,False,,small,,,base_gate_pred_large_expected_small,-13.153816494828426,-12.7172885567235,cf,-0.43652793810492696,999,150,
0.019802627296179754,penumbra_standard:t1,-15.387454826255254,-12.943532289846681,,49,ant,,,,small,penumbra_standard,False,0.9428121191439178,bias_corrected,small,0.9893367494303327,1.9321488685742505,size-penumbra_standard-ant-C50-S51-to49-small_to_large-mborderline-d0p02-t1,True,borderline,google/gemma-3-4b-pt,google_gemma_3_4b_pt,lower_standard_increases_bigness,standard_span,stated_standard,True,standard_straddle,small,-1,,,-14.398118076824922,-11.01138342127243,base,3.386734655552491,51,50,penumbra-standard-C50-D0p02-ant-t1
0.02020270731751947,penumbra_standard:t1,-15.387454826255254,-12.943532289846681,,49,ant,,,,large,penumbra_standard,False,0.16243554867560306,bias_corrected,large,2.642154758146077,2.479719209470474,size-penumbra_standard-ant-C50-S51-to49-small_to_large-mborderline-d0p02-t1,True,borderline,google/gemma-3-4b-pt,google_gemma_3_4b_pt,lower_standard_increases_bigness,standard_span,stated_standard,True,standard_straddle,small,-1,,,-12.745300068109177,-10.463813080376207,cf,-2.28148698773297,51,50,penumbra-standard-C50-D0p02-ant-t1
0.02020270731751947,penumbra_standard:t1,-15.387454826255254,-12.943532289846681,,51,ant,,,,large,penumbra_standard,False,0.16243554867560306,bias_corrected,large,2.642154758146077,2.479719209470474,size-penumbra_standard-ant-C50-S49-to51-large_to_small-mborderline-d0p02-t1,True,borderline,google/gemma-3-4b-pt,google_gemma_3_4b_pt,lower_standard_increases_bigness,standard_span,stated_standard,True,standard_straddle,small,1,,,-12.745300068109177,-10.463813080376207,base,-2.28148698773297,49,50,penumbra-standard-C50-D0p02-ant-t1
0.019802627296179754,penumbra_standard:t1,-15.387454826255254,-12.943532289846681,,51,ant,,,,small,penumbra_standard,False,0.9428121191439178,bias_corrected,small,0.9893367494303327,1.9321488685742505,size-penumbra_standard-ant-C50-S49-to51-large_to_small-mborderline-d0p02-t1,True,borderline,google/gemma-3-4b-pt,google_gemma_3_4b_pt,lower_standard_increases_bigness,standard_span,stated_standard,True,standard_straddle,small,1,,,-14.398118076824922,-11.01138342127243,cf,3.386734655552491,49,50,penumbra-standard-C50-D0p02-ant-t1
0.05826890812397576,penumbra_standard:t1,-15.387454826255254,-12.943532289846681,,48,ant,,,,small,penumbra_standard,False,1.4729722676583101,bias_corrected,small,1.025691899145869,2.498664166804179,size-penumbra_standard-ant-C50-S53-to48-small_to_large-mborderline-d0p05-t1,True,borderline,google/gemma-3-4b-pt,google_gemma_3_4b_pt,lower_standard_increases_bigness,standard_span,stated_standard,True,standard_straddle,small,-1,,,-14.361762927109385,-10.444868123042502,base,3.9168948040668834,53,50,penumbra-standard-C50-D0p05-ant-t1
0.0408219945202552,penumbra_standard:t1,-15.387454826255254,-12.943532289846681,,48,ant,,,,large,penumbra_standard,False,0.5095428460037343,bias_corrected,large,2.4343440956716584,1.924801249667924,size-penumbra_standard-ant-C50-S53-to48-small_to_large-mborderline-d0p05-t1,True,borderline,google/gemma-3-4b-pt,google_gemma_3_4b_pt,lower_standard_increases_bigness,standard_span,stated_standard,True,standard_straddle,small,-1,,,-12.953110730583596,-11.018731040178757,cf,-1.934379690404839,53,50,penumbra-standard-C50-D0p05-ant-t1
0.0408219945202552,penumbra_standard:t1,-15.387454826255254,-12.943532289846681,,53,ant,,,,large,penumbra_standard,False,0.5095428460037343,bias_corrected,large,2.4343440956716584,1.924801249667924,size-penumbra_standard-ant-C50-S48-to53-large_to_small-mborderline-d0p05-t1,True,borderline,google/gemma-3-4b-pt,google_gemma_3_4b_pt,lower_standard_increases_bigness,standard_span,stated_standard,True,standard_straddle,small,1,,,-12.953110730583596,-11.018731040178757,base,-1.934379690404839,48,50,penumbra-standard-C50-D0p05-ant-t1
0.05826890812397576,penumbra_standard:t1,-15.387454826255254,-12.943532289846681,,53,ant,,,,small,penumbra_standard,False,1.4729722676583101,bias_corrected,small,1.025691899145869,2.498664166804179,size-penumbra_standard-ant-C50-S48-to53-large_to_small-mborderline-d0p05-t1,True,borderline,google/gemma-3-4b-pt,google_gemma_3_4b_pt,lower_standard_increases_bigness,standard_span,stated_standard,True,standard_straddle,small,1,,,-14.361762927109385,-10.444868123042502,cf,3.9168948040668834,48,50,penumbra-standard-C50-D0p05-ant-t1
0.0953101798043249,penumbra_standard:t1,-15.387454826255254,-12.943532289846681,,45,ant,,,,small,penumbra_standard,False,0.5578376572166874,bias_corrected,small,1.4987995299512367,2.056637187167924,size-penumbra_standard-ant-C50-S55-to45-small_to_large-mnear_boundary-d0p1-t1,True,near_boundary,google/gemma-3-4b-pt,google_gemma_3_4b_pt,lower_standard_increases_bigness,standard_span,stated_standard,True,standard_straddle,small,-1,,,-13.888655296304018,-10.886895102678757,base,3.0017601936252607,55,50,penumbra-standard-C50-D0p1-ant-t1
0.10536051565782635,penumbra_standard:t1,-15.387454826255254,-12.943532289846681,,45,ant,,,,large,penumbra_standard,False,0.747824479973227,bias_corrected,large,2.2323243659701646,1.4844998859969376,size-penumbra_standard-ant-C50-S55-to45-small_to_large-mnear_boundary-d0p1-t1,True,near_boundary,google/gemma-3-4b-pt,google_gemma_3_4b_pt,lower_standard_increases_bigness,standard_span,stated_standard,True,standard_straddle,small,-1,,,-13.15513046028509,-11.459032403849744,cf,-1.6960980564353463,55,50,penumbra-standard-C50-D0p1-ant-t1
0.10536051565782635,penumbra_standard:t1,-15.387454826255254,-12.943532289846681,,55,ant,,,,large,penumbra_standard,False,0.747824479973227,bias_corrected,large,2.2323243659701646,1.4844998859969376,size-penumbra_standard-ant-C50-S45-to55-large_to_small-mnear_boundary-d0p1-t1,True,near_boundary,google/gemma-3-4b-pt,google_gemma_3_4b_pt,lower_standard_increases_bigness,standard_span,stated_standard,True,standard_straddle,small,1,,,-13.15513046028509,-11.459032403849744,base,-1.6960980564353463,45,50,penumbra-standard-C50-D0p1-ant-t1
0.0953101798043249,penumbra_standard:t1,-15.387454826255254,-12.943532289846681,,55,ant,,,,small,penumbra_standard,False,0.5578376572166874,bias_corrected,small,1.4987995299512367,2.056637187167924,size-penumbra_standard-ant-C50-S45-to55-large_to_small-mnear_boundary-d0p1-t1,True,near_boundary,google/gemma-3-4b-pt,google_gemma_3_4b_pt,lower_standard_increases_bigness,standard_span,stated_standard,True,standard_straddle,small,1,,,-13.888655296304018,-10.886895102678757,cf,3.0017601936252607,45,50,penumbra-standard-C50-D0p1-ant-t1
0.14842000511827333,penumbra_standard:t1,-15.387454826255254,-12.943532289846681,,43,ant,,,,small,penumbra_standard,False,2.158362883429513,bias_corrected,small,1.3376527144073211,3.496015597836834,size-penumbra_standard-ant-C50-S58-to43-small_to_large-mnear_boundary-d0p15-t1,True,near_boundary,google/gemma-3-4b-pt,google_gemma_3_4b_pt,lower_standard_increases_bigness,standard_span,stated_standard,True,standard_straddle,small,-1,,,-14.049802111847933,-9.447516692009847,base,4.602285419838086,58,50,penumbra-standard-C50-D0p15-ant-t1
0.1508228897345837,penumbra_standard:t1,-15.387454826255254,-12.943532289846681,,43,ant,,,,large,penumbra_standard,False,-0.8060504290683674,bias_corrected,small,2.558512531609903,3.3645629606782705,size-penumbra_standard-ant-C50-S58-to43-small_to_large-mnear_boundary-d0p15-t1,True,near_boundary,google/gemma-3-4b-pt,google_gemma_3_4b_pt,lower_standard_increases_bigness,standard_span,stated_standard,True,standard_straddle,small,-1,,,-12.828942294645351,-9.57896932916841,cf,-3.2499729654769407,58,50,penumbra-standard-C50-D0p15-ant-t1
0.1508228897345837,penumbra_standard:t1,-15.387454826255254,-12.943532289846681,,58,ant,,,,large,penumbra_standard,False,-0.8060504290683674,bias_corrected,small,2.558512531609903,3.3645629606782705,size-penumbra_standard-ant-C50-S43-to58-large_to_small-mshoulder-d0p15-t1,True,shoulder,google/gemma-3-4b-pt,google_gemma_3_4b_pt,lower_standard_increases_bigness,standard_span,stated_standard,True,standard_straddle,small,1,,,-12.828942294645351,-9.57896932916841,base,-3.2499729654769407,43,50,penumbra-standard-C50-D0p15-ant-t1
0.14842000511827333,penumbra_standard:t1,-15.387454826255254,-12.943532289846681,,58,ant,,,,small,penumbra_standard,False,2.158362883429513,bias_corrected,small,1.3376527144073211,3.496015597836834,size-penumbra_standard-ant-C50-S43-to58-large_to_small-mshoulder-d0p15-t1,True,shoulder,google/gemma-3-4b-pt,google_gemma_3_4b_pt,lower_standard_increases_bigness,standard_span,stated_standard,True,standard_straddle,small,1,,,-14.049802111847933,-9.447516692009847,cf,4.602285419838086,43,50,penumbra-standard-C50-D0p15-ant-t1
0.29266961396281993,penumbra_standard:t1,-15.387454826255254,-12.943532289846681,,37,ant,,,,small,penumbra_standard,True,1.588965569784568,bias_corrected,small,1.4474215761330527,3.0363871459176206,size-penumbra_standard-ant-C50-S67-to37-small_to_large-mshoulder-d0p3-t1,False,shoulder,google/gemma-3-4b-pt,google_gemma_3_4b_pt,lower_standard_increases_bigness,standard_span,stated_standard,False,standard_straddle,small,-1,,cf_gate_pred_small_expected_large,-13.940033250122202,-9.90714514392906,base,4.032888106193141,67,50,penumbra-standard-C50-D0p3-ant-t1
0.3011050927839216,penumbra_standard:t1,-15.387454826255254,-12.943532289846681,,37,ant,,,,large,penumbra_standard,True,-0.3513786554640248,bias_corrected,small,1.5824209831514526,1.9337996386154774,size-penumbra_standard-ant-C50-S67-to37-small_to_large-mshoulder-d0p3-t1,False,shoulder,google/gemma-3-4b-pt,google_gemma_3_4b_pt,lower_standard_increases_bigness,standard_span,stated_standard,False,standard_straddle,small,-1,,cf_gate_pred_small_expected_large,-13.805033843103802,-11.009732651231204,cf,-2.795301191872598,67,50,penumbra-standard-C50-D0p3-ant-t1
0.3011050927839216,penumbra_standard:t1,-15.387454826255254,-12.943532289846681,,67,ant,,,,large,penumbra_standard,True,-0.3513786554640248,bias_corrected,small,1.5824209831514526,1.9337996386154774,size-penumbra_standard-ant-C50-S37-to67-large_to_small-mshoulder-d0p3-t1,False,shoulder,google/gemma-3-4b-pt,google_gemma_3_4b_pt,lower_standard_increases_bigness,standard_span,stated_standard,False,standard_straddle,small,1,,base_gate_pred_small_expected_large,-13.805033843103802,-11.009732651231204,base,-2.795301191872598,37,50,penumbra-standard-C50-D0p3-ant-t1
0.29266961396281993,penumbra_standard:t1,-15.387454826255254,-12.943532289846681,,67,ant,,,,small,penumbra_standard,True,1.588965569784568,bias_corrected,small,1.4474215761330527,3.0363871459176206,size-penumbra_standard-ant-C50-S37-to67-large_to_small-mshoulder-d0p3-t1,False,shoulder,google/gemma-3-4b-pt,google_gemma_3_4b_pt,lower_standard_increases_bigness,standard_span,stated_standard,False,standard_straddle,small,1,,base_gate_pred_small_expected_large,-13.940033250122202,-9.90714514392906,cf,4.032888106193141,37,50,penumbra-standard-C50-D0p3-ant-t1
0.49469624183610705,penumbra_standard:t1,-15.387454826255254,-12.943532289846681,,30,ant,,,,small,penumbra_standard,True,2.1493458588171244,bias_corrected,small,1.932458499194615,4.081804358011739,size-penumbra_standard-ant-C50-S82-to30-small_to_large-mclear-d0p5-t1,False,clear,google/gemma-3-4b-pt,google_gemma_3_4b_pt,lower_standard_increases_bigness,standard_span,stated_standard,False,standard_straddle,small,-1,,cf_gate_pred_small_expected_large,-13.45499632706064,-8.861727931834942,base,4.593268395225698,82,50,penumbra-standard-C50-D0p5-ant-t1
0.5108256237659907,penumbra_standard:t1,-15.387454826255254,-12.943532289846681,,30,ant,,,,large,penumbra_standard,True,-0.24616115689030416,bias_corrected,small,1.85913742006999,2.105298576960294,size-penumbra_standard-ant-C50-S82-to30-small_to_large-mclear-d0p5-t1,False,clear,google/gemma-3-4b-pt,google_gemma_3_4b_pt,lower_standard_increases_bigness,standard_span,stated_standard,False,standard_straddle,small,-1,,cf_gate_pred_small_expected_large,-13.528317406185264,-10.838233712886387,cf,-2.6900836932988774,82,50,penumbra-standard-C50-D0p5-ant-t1
0.5108256237659907,penumbra_standard:t1,-15.387454826255254,-12.943532289846681,,82,ant,,,,large,penumbra_standard,True,-0.24616115689030416,bias_corrected,small,1.85913742006999,2.105298576960294,size-penumbra_standard-ant-C50-S30-to82-large_to_small-mclear-d0p5-t1,False,clear,google/gemma-3-4b-pt,google_gemma_3_4b_pt,lower_standard_increases_bigness,standard_span,stated_standard,False,standard_straddle,small,1,,base_gate_pred_small_expected_large,-13.528317406185264,-10.838233712886387,base,-2.6900836932988774,30,50,penumbra-standard-C50-D0p5-ant-t1
0.49469624183610705,penumbra_standard:t1,-15.387454826255254,-12.943532289846681,,82,ant,,,,small,penumbra_standard,True,2.1493458588171244,bias_corrected,small,1.932458499194615,4.081804358011739,size-penumbra_standard-ant-C50-S30-to82-large_to_small-mclear-d0p5-t1,False,clear,google/gemma-3-4b-pt,google_gemma_3_4b_pt,lower_standard_increases_bigness,standard_span,stated_standard,False,standard_straddle,small,1,,base_gate_pred_small_expected_large,-13.45499632706064,-8.861727931834942,cf,4.593268395225698,30,50,penumbra-standard-C50-D0p5-ant-t1
0.019802627296179754,penumbra_standard:t1,-15.387454826255254,-12.943532289846681,,196,ant,,,,small,penumbra_standard,False,0.16960762547062735,bias_corrected,small,1.542740400789972,1.7123480262605995,size-penumbra_standard-ant-C200-S204-to196-small_to_large-mborderline-d0p02-t1,True,borderline,google/gemma-3-4b-pt,google_gemma_3_4b_pt,lower_standard_increases_bigness,standard_span,stated_standard,True,standard_straddle,small,-1,,,-13.844714425465282,-11.231184263586082,base,2.6135301618792006,204,200,penumbra-standard-C200-D0p02-ant-t1
0.02020270731751947,penumbra_standard:t1,-15.387454826255254,-12.943532289846681,,196,ant,,,,large,penumbra_standard,False,0.4191075674363791,bias_corrected,large,1.483302349745518,1.0641947823091389,size-penumbra_standard-ant-C200-S204-to196-small_to_large-mborderline-d0p02-t1,True,borderline,google/gemma-3-4b-pt,google_gemma_3_4b_pt,lower_standard_increases_bigness,standard_span,stated_standard,True,standard_straddle,small,-1,,,-13.904152476509736,-11.879337507537542,cf,-2.024814968972194,204,200,penumbra-standard-C200-D0p02-ant-t1
0.02020270731751947,penumbra_standard:t1,-15.387454826255254,-12.943532289846681,,204,ant,,,,large,penumbra_standard,False,0.4191075674363791,bias_corrected,large,1.483302349745518,1.0641947823091389,size-penumbra_standard-ant-C200-S196-to204-large_to_small-mborderline-d0p02-t1,True,borderline,google/gemma-3-4b-pt,google_gemma_3_4b_pt,lower_standard_increases_bigness,standard_span,stated_standard,True,standard_straddle,small,1,,,-13.904152476509736,-11.879337507537542,base,-2.024814968972194,196,200,penumbra-standard-C200-D0p02-ant-t1
0.019802627296179754,penumbra_standard:t1,-15.387454826255254,-12.943532289846681,,204,ant,,,,small,penumbra_standard,False,0.16960762547062735,bias_corrected,small,1.542740400789972,1.7123480262605995,size-penumbra_standard-ant-C200-S196-to204-large_to_small-mborderline-d0p02-t1,True,borderline,google/gemma-3-4b-pt,google_gemma_3_4b_pt,lower_standard_increases_bigness,standard_span,stated_standard,True,standard_straddle,small,1,,,-13.844714425465282,-11.231184263586082,cf,2.6135301618792006,196,200,penumbra-standard-C200-D0p02-ant-t1
0.048790164169432056,penumbra_standard:t1,-15.387454826255254,-12.943532289846681,,190,ant,,,,small,penumbra_standard,False,0.30213748887266334,bias_corrected,small,1.5130027862648756,1.815140275137539,size-penumbra_standard-ant-C200-S210-to190-small_to_large-mborderline-d0p05-t1,True,borderline,google/gemma-3-4b-pt,google_gemma_3_4b_pt,lower_standard_increases_bigness,standard_span,stated_standard,True,standard_straddle,small,-1,,,-13.874452039990379,-11.128392014709142,base,2.7460600252812366,210,200,penumbra-standard-C200-D0p05-ant-t1
0.05129329438755048,penumbra_standard:t1,-15.387454826255254,-12.943532289846681,,190,ant,,,,large,penumbra_standard,False,0.6204671729846005,bias_corrected,large,1.1921287031309298,0.5716615301463293,size-penumbra_standard-ant-C200-S210-to190-small_to_large-mborderline-d0p05-t1,True,borderline,google/gemma-3-4b-pt,google_gemma_3_4b_pt,lower_standard_increases_bigness,standard_span,stated_standard,True,standard_straddle,small,-1,,,-14.195326123124325,-12.371870759700352,cf,-1.8234553634239727,210,200,penumbra-standard-C200-D0p05-ant-t1
0.05129329438755048,penumbra_standard:t1,-15.387454826255254,-12.943532289846681,,210,ant,,,,large,penumbra_standard,False,0.6204671729846005,bias_corrected,large,1.1921287031309298,0.5716615301463293,size-penumbra_standard-ant-C200-S190-to210-large_to_small-mborderline-d0p05-t1,True,borderline,google/gemma-3-4b-pt,google_gemma_3_4b_pt,lower_standard_increases_bigness,standard_span,stated_standard,True,standard_straddle,small,1,,,-14.195326123124325,-12.371870759700352,base,-1.8234553634239727,190,200,penumbra-standard-C200-D0p05-ant-t1
0.048790164169432056,penumbra_standard:t1,-15.387454826255254,-12.943532289846681,,210,ant,,,,small,penumbra_standard,False,0.30213748887266334,bias_corrected,small,1.5130027862648756,1.815140275137539,size-penumbra_standard-ant-C200-S190-to210-large_to_small-mborderline-d0p05-t1,True,borderline,google/gemma-3-4b-pt,google_gemma_3_4b_pt,lower_standard_increases_bigness,standard_span,stated_standard,True,standard_straddle,small,1,,,-13.874452039990379,-11.128392014709142,cf,2.7460600252812366,190,200,penumbra-standard-C200-D0p05-ant-t1
0.09984533496971613,penumbra_standard:t1,-15.387454826255254,-12.943532289846681,,181,ant,,,,small,penumbra_standard,False,0.010753083832756971,bias_corrected,small,1.8257174745705527,1.8364705584033096,size-penumbra_standard-ant-C200-S221-to181-small_to_large-mnear_boundary-d0p1-t1,True,near_boundary,google/gemma-3-4b-pt,google_gemma_3_4b_pt,lower_standard_increases_bigness,standard_span,stated_standard,True,standard_straddle,small,-1,,,-13.561737351684702,-11.107061731443371,base,2.4546756202413302,221,200,penumbra-standard-C200-D0p1-ant-t1
0.09982033528221099,penumbra_standard:t1,-15.387454826255254,-12.943532289846681,,181,ant,,,,large,penumbra_standard,False,1.1940618066966362,bias_corrected,large,3.4277545193123373,2.233692712615701,size-penumbra_standard-ant-C200-S221-to181-small_to_large-mnear_boundary-d0p1-t1,True,near_boundary,google/gemma-3-4b-pt,google_gemma_3_4b_pt,lower_standard_increases_bigness,standard_span,stated_standard,True,standard_straddle,small,-1,,,-11.959700306942917,-10.70983957723098,cf,-1.249860729711937,221,200,penumbra-standard-C200-D0p1-ant-t1
0.09982033528221099,penumbra_standard:t1,-15.387454826255254,-12.943532289846681,,221,ant,,,,large,penumbra_standard,False,1.1940618066966362,bias_corrected,large,3.4277545193123373,2.233692712615701,size-penumbra_standard-ant-C200-S181-to221-large_to_small-mnear_boundary-d0p1-t1,True,near_boundary,google/gemma-3-4b-pt,google_gemma_3_4b_pt,lower_standard_increases_bigness,standard_span,stated_standard,True,standard_straddle,small,1,,,-11.959700306942917,-10.70983957723098,base,-1.249860729711937,181,200,penumbra-standard-C200-D0p1-ant-t1
0.09984533496971613,penumbra_standard:t1,-15.387454826255254,-12.943532289846681,,221,ant,,,,small,penumbra_standard,False,0.010753083832756971,bias_corrected,small,1.8257174745705527,1.8364705584033096,size-penumbra_standard-ant-C200-S181-to221-large_to_small-mnear_boundary-d0p1-t1,True,near_boundary,google/gemma-3-4b-pt,google_gemma_3_4b_pt,lower_standard_increases_bigness,standard_span,stated_standard,True,standard_straddle,small,1,,,-13.561737351684702,-11.107061731443371,cf,2.4546756202413302,181,200,penumbra-standard-C200-D0p1-ant-t1
0.14842000511827333,penumbra_standard:t1,-15.387454826255254,-12.943532289846681,,172,ant,,,,small,penumbra_standard,False,-0.07571828813186521,bias_corrected,large,1.515123280371455,1.4394049922395897,size-penumbra_standard-ant-C200-S232-to172-small_to_large-mnear_boundary-d0p15-t1,True,near_boundary,google/gemma-3-4b-pt,google_gemma_3_4b_pt,lower_standard_increases_bigness,standard_span,stated_standard,True,standard_straddle,small,-1,,,-13.8723315458838,-11.504127297607091,base,2.368204248276708,232,200,penumbra-standard-C200-D0p15-ant-t1
0.1508228897345837,penumbra_standard:t1,-15.387454826255254,-12.943532289846681,,172,ant,,,,large,penumbra_standard,False,0.5302799974837775,bias_corrected,large,3.3922887435163407,2.862008746032563,size-penumbra_standard-ant-C200-S232-to172-small_to_large-mnear_boundary-d0p15-t1,True,near_boundary,google/gemma-3-4b-pt,google_gemma_3_4b_pt,lower_standard_increases_bigness,standard_span,stated_standard,True,standard_straddle,small,-1,,,-11.995166082738914,-10.081523543814118,cf,-1.9136425389247957,232,200,penumbra-standard-C200-D0p15-ant-t1
0.1508228897345837,penumbra_standard:t1,-15.387454826255254,-12.943532289846681,,232,ant,,,,large,penumbra_standard,False,0.5302799974837775,bias_corrected,large,3.3922887435163407,2.862008746032563,size-penumbra_standard-ant-C200-S172-to232-large_to_small-mshoulder-d0p15-t1,True,shoulder,google/gemma-3-4b-pt,google_gemma_3_4b_pt,lower_standard_increases_bigness,standard_span,stated_standard,True,standard_straddle,small,1,,,-11.995166082738914,-10.081523543814118,base,-1.9136425389247957,172,200,penumbra-standard-C200-D0p15-ant-t1
0.14842000511827333,penumbra_standard:t1,-15.387454826255254,-12.943532289846681,,232,ant,,,,small,penumbra_standard,False,-0.07571828813186521,bias_corrected,large,1.515123280371455,1.4394049922395897,size-penumbra_standard-ant-C200-S172-to232-large_to_small-mshoulder-d0p15-t1,True,shoulder,google/gemma-3-4b-pt,google_gemma_3_4b_pt,lower_standard_increases_bigness,standard_span,stated_standard,True,standard_straddle,small,1,,,-13.8723315458838,-11.504127297607091,cf,2.368204248276708,172,200,penumbra-standard-C200-D0p15-ant-t1
0.30010459245033816,penumbra_standard:t1,-15.387454826255254,-12.943532289846681,,148,ant,,,,small,penumbra_standard,True,-0.4140023249028797,bias_corrected,large,1.4939163554624422,1.0799140305595625,size-penumbra_standard-ant-C200-S270-to148-small_to_large-mshoulder-d0p3-t1,False,shoulder,google/gemma-3-4b-pt,google_gemma_3_4b_pt,lower_standard_increases_bigness,standard_span,stated_standard,False,standard_straddle,small,-1,,base_gate_pred_large_expected_small,-13.893538470792812,-11.863618259287119,base,2.0299202115056936,270,200,penumbra-standard-C200-D0p3-ant-t1
0.3011050927839216,penumbra_standard:t1,-15.387454826255254,-12.943532289846681,,148,ant,,,,large,penumbra_standard,True,1.4083318144253205,bias_corrected,large,3.163567037377801,1.7552352229524804,size-penumbra_standard-ant-C200-S270-to148-small_to_large-mshoulder-d0p3-t1,False,shoulder,google/gemma-3-4b-pt,google_gemma_3_4b_pt,lower_standard_increases_bigness,standard_span,stated_standard,False,standard_straddle,small,-1,,base_gate_pred_large_expected_small,-12.223887788877454,-11.1882970668942,cf,-1.0355907219832527,270,200,penumbra-standard-C200-D0p3-ant-t1
0.3011050927839216,penumbra_standard:t1,-15.387454826255254,-12.943532289846681,,270,ant,,,,large,penumbra_standard,True,1.4083318144253205,bias_corrected,large,3.163567037377801,1.7552352229524804,size-penumbra_standard-ant-C200-S148-to270-large_to_small-mshoulder-d0p3-t1,False,shoulder,google/gemma-3-4b-pt,google_gemma_3_4b_pt,lower_standard_increases_bigness,standard_span,stated_standard,False,standard_straddle,small,1,,cf_gate_pred_large_expected_small,-12.223887788877454,-11.1882970668942,base,-1.0355907219832527,148,200,penumbra-standard-C200-D0p3-ant-t1
0.30010459245033816,penumbra_standard:t1,-15.387454826255254,-12.943532289846681,,270,ant,,,,small,penumbra_standard,True,-0.4140023249028797,bias_corrected,large,1.4939163554624422,1.0799140305595625,size-penumbra_standard-ant-C200-S148-to270-large_to_small-mshoulder-d0p3-t1,False,shoulder,google/gemma-3-4b-pt,google_gemma_3_4b_pt,lower_standard_increases_bigness,standard_span,stated_standard,False,standard_straddle,small,1,,cf_gate_pred_large_expected_small,-13.893538470792812,-11.863618259287119,cf,2.0299202115056936,148,200,penumbra-standard-C200-D0p3-ant-t1
0.5007752879124893,penumbra_standard:t1,-15.387454826255254,-12.943532289846681,,121,ant,,,,small,penumbra_standard,True,0.47682333756195483,bias_corrected,small,1.697244144434638,2.174067481996593,size-penumbra_standard-ant-C200-S330-to121-small_to_large-mclear-d0p5-t1,True,clear,google/gemma-3-4b-pt,google_gemma_3_4b_pt,lower_standard_increases_bigness,standard_span,stated_standard,False,standard_straddle,small,-1,,,-13.690210681820616,-10.769464807850088,base,2.920745873970528,330,200,penumbra-standard-C200-D0p5-ant-t1
0.5025268209512956,penumbra_standard:t1,-15.387454826255254,-12.943532289846681,,121,ant,,,,large,penumbra_standard,True,0.8787959490089445,bias_corrected,large,3.1492764777890034,2.270480528780059,size-penumbra_standard-ant-C200-S330-to121-small_to_large-mclear-d0p5-t1,True,clear,google/gemma-3-4b-pt,google_gemma_3_4b_pt,lower_standard_increases_bigness,standard_span,stated_standard,False,standard_straddle,small,-1,,,-12.238178348466251,-10.673051761066622,cf,-1.5651265873996287,330,200,penumbra-standard-C200-D0p5-ant-t1
0.5025268209512956,penumbra_standard:t1,-15.387454826255254,-12.943532289846681,,330,ant,,,,large,penumbra_standard,True,0.8787959490089445,bias_corrected,large,3.1492764777890034,2.270480528780059,size-penumbra_standard-ant-C200-S121-to330-large_to_small-mclear-d0p5-t1,True,clear,google/gemma-3-4b-pt,google_gemma_3_4b_pt,lower_standard_increases_bigness,standard_span,stated_standard,False,standard_straddle,small,1,,,-12.238178348466251,-10.673051761066622,base,-1.5651265873996287,121,200,penumbra-standard-C200-D0p5-ant-t1
0.5007752879124893,penumbra_standard:t1,-15.387454826255254,-12.943532289846681,,330,ant,,,,small,penumbra_standard,True,0.47682333756195483,bias_corrected,small,1.697244144434638,2.174067481996593,size-penumbra_standard-ant-C200-S121-to330-large_to_small-mclear-d0p5-t1,True,clear,google/gemma-3-4b-pt,google_gemma_3_4b_pt,lower_standard_increases_bigness,standard_span,stated_standard,False,standard_straddle,small,1,,,-13.690210681820616,-10.769464807850088,cf,2.920745873970528,121,200,penumbra-standard-C200-D0p5-ant-t1
0.019802627296179754,penumbra_standard:t1,-15.387454826255254,-12.943532289846681,,490,ant,,,,small,penumbra_standard,False,0.5911597806650093,bias_corrected,small,2.2108683357188177,2.802028116383827,size-penumbra_standard-ant-C500-S510-to490-small_to_large-mborderline-d0p02-t1,True,borderline,google/gemma-3-4b-pt,google_gemma_3_4b_pt,lower_standard_increases_bigness,standard_span,stated_standard,True,standard_straddle,small,-1,,,-13.176586490536437,-10.141504173462854,base,3.0350823170735826,510,500,penumbra-standard-C500-D0p02-ant-t1
0.02020270731751947,penumbra_standard:t1,-15.387454826255254,-12.943532289846681,,490,ant,,,,large,penumbra_standard,False,1.495039525828087,bias_corrected,large,3.787217140197754,2.292177614369667,size-penumbra_standard-ant-C500-S510-to490-small_to_large-mborderline-d0p02-t1,True,borderline,google/gemma-3-4b-pt,google_gemma_3_4b_pt,lower_standard_increases_bigness,standard_span,stated_standard,True,standard_straddle,small,-1,,,-11.6002376860575,-10.651354675477014,cf,-0.9488830105804862,510,500,penumbra-standard-C500-D0p02-ant-t1
0.02020270731751947,penumbra_standard:t1,-15.387454826255254,-12.943532289846681,,510,ant,,,,large,penumbra_standard,False,1.495039525828087,bias_corrected,large,3.787217140197754,2.292177614369667,size-penumbra_standard-ant-C500-S490-to510-large_to_small-mborderline-d0p02-t1,True,borderline,google/gemma-3-4b-pt,google_gemma_3_4b_pt,lower_standard_increases_bigness,standard_span,stated_standard,True,standard_straddle,small,1,,,-11.6002376860575,-10.651354675477014,base,-0.9488830105804862,490,500,penumbra-standard-C500-D0p02-ant-t1
0.019802627296179754,penumbra_standard:t1,-15.387454826255254,-12.943532289846681,,510,ant,,,,small,penumbra_standard,False,0.5911597806650093,bias_corrected,small,2.2108683357188177,2.802028116383827,size-penumbra_standard-ant-C500-S490-to510-large_to_small-mborderline-d0p02-t1,True,borderline,google/gemma-3-4b-pt,google_gemma_3_4b_pt,lower_standard_increases_bigness,standard_span,stated_standard,True,standard_straddle,small,1,,,-13.176586490536437,-10.141504173462854,cf,3.0350823170735826,490,500,penumbra-standard-C500-D0p02-ant-t1
0.050693114315518095,penumbra_standard:t1,-15.387454826255254,-12.943532289846681,,476,ant,,,,small,penumbra_standard,False,0.5340331356621011,bias_corrected,small,1.8278183250625908,2.361851460724692,size-penumbra_standard-ant-C500-S526-to476-small_to_large-mborderline-d0p05-t1,True,borderline,google/gemma-3-4b-pt,google_gemma_3_4b_pt,lower_standard_increases_bigness,standard_span,stated_standard,True,standard_straddle,small,-1,,,-13.559636501192664,-10.58168082912199,base,2.9779556720706744,526,500,penumbra-standard-C500-D0p05-ant-t1
0.04919024419077178,penumbra_standard:t1,-15.387454826255254,-12.943532289846681,,476,ant,,,,large,penumbra_standard,False,0.5762157360220641,bias_corrected,large,3.53968045720716,2.9634647211850957,size-penumbra_standard-ant-C500-S526-to476-small_to_large-mborderline-d0p05-t1,True,borderline,google/gemma-3-4b-pt,google_gemma_3_4b_pt,lower_standard_increases_bigness,standard_span,stated_standard,True,standard_straddle,small,-1,,,-11.847774369048095,-9.980067568661585,cf,-1.8677068003865092,526,500,penumbra-standard-C500-D0p05-ant-t1
0.04919024419077178,penumbra_standard:t1,-15.387454826255254,-12.943532289846681,,526,ant,,,,large,penumbra_standard,False,0.5762157360220641,bias_corrected,large,3.53968045720716,2.9634647211850957,size-penumbra_standard-ant-C500-S476-to526-large_to_small-mborderline-d0p05-t1,True,borderline,google/gemma-3-4b-pt,google_gemma_3_4b_pt,lower_standard_increases_bigness,standard_span,stated_standard,True,standard_straddle,small,1,,,-11.847774369048095,-9.980067568661585,base,-1.8677068003865092,476,500,penumbra-standard-C500-D0p05-ant-t1
0.050693114315518095,penumbra_standard:t1,-15.387454826255254,-12.943532289846681,,526,ant,,,,small,penumbra_standard,False,0.5340331356621011,bias_corrected,small,1.8278183250625908,2.361851460724692,size-penumbra_standard-ant-C500-S476-to526-large_to_small-mborderline-d0p05-t1,True,borderline,google/gemma-3-4b-pt,google_gemma_3_4b_pt,lower_standard_increases_bigness,standard_span,stated_standard,True,standard_straddle,small,1,,,-13.559636501192664,-10.58168082912199,cf,2.9779556720706744,476,500,penumbra-standard-C500-D0p05-ant-t1
0.10074990310014302,penumbra_standard:t1,-15.387454826255254,-12.943532289846681,,452,ant,,,,small,penumbra_standard,False,0.6004880513459749,bias_corrected,small,1.3854225707336898,1.9859106220796647,size-penumbra_standard-ant-C500-S553-to452-small_to_large-mnear_boundary-d0p1-t1,True,near_boundary,google/gemma-3-4b-pt,google_gemma_3_4b_pt,lower_standard_increases_bigness,standard_span,stated_standard,True,standard_straddle,small,-1,,,-14.002032255521565,-10.957621667767016,base,3.044410587754548,553,500,penumbra-standard-C500-D0p1-ant-t1
0.1009259185899605,penumbra_standard:t1,-15.387454826255254,-12.943532289846681,,452,ant,,,,large,penumbra_standard,False,0.4038782443072009,bias_corrected,large,3.3043932052712233,2.9005149609640224,size-penumbra_standard-ant-C500-S553-to452-small_to_large-mnear_boundary-d0p1-t1,True,near_boundary,google/gemma-3-4b-pt,google_gemma_3_4b_pt,lower_standard_increases_bigness,standard_span,stated_standard,True,standard_straddle,small,-1,,,-12.083061620984031,-10.043017328882659,cf,-2.0400442921013724,553,500,penumbra-standard-C500-D0p1-ant-t1
0.1009259185899605,penumbra_standard:t1,-15.387454826255254,-12.943532289846681,,553,ant,,,,large,penumbra_standard,False,0.4038782443072009,bias_corrected,large,3.3043932052712233,2.9005149609640224,size-penumbra_standard-ant-C500-S452-to553-large_to_small-mnear_boundary-d0p1-t1,True,near_boundary,google/gemma-3-4b-pt,google_gemma_3_4b_pt,lower_standard_increases_bigness,standard_span,stated_standard,True,standard_straddle,small,1,,,-12.083061620984031,-10.043017328882659,base,-2.0400442921013724,452,500,penumbra-standard-C500-D0p1-ant-t1
0.10074990310014302,penumbra_standard:t1,-15.387454826255254,-12.943532289846681,,553,ant,,,,small,penumbra_standard,False,0.6004880513459749,bias_corrected,small,1.3854225707336898,1.9859106220796647,size-penumbra_standard-ant-C500-S452-to553-large_to_small-mnear_boundary-d0p1-t1,True,near_boundary,google/gemma-3-4b-pt,google_gemma_3_4b_pt,lower_standard_increases_bigness,standard_span,stated_standard,True,standard_straddle,small,1,,,-14.002032255521565,-10.957621667767016,cf,3.044410587754548,452,500,penumbra-standard-C500-D0p1-ant-t1
0.019802627296179754,penumbra_standard:t1,-15.387454826255254,-12.943532289846681,,49,human,,,,small,penumbra_standard,False,0.3825122821637237,bias_corrected,small,1.6069169602382143,1.989429242401938,size-penumbra_standard-human-C50-S51-to49-small_to_large-mborderline-d0p02-t1,True,borderline,google/gemma-3-4b-pt,google_gemma_3_4b_pt,lower_standard_increases_bigness,standard_span,stated_standard,True,standard_straddle,small,-1,,,-13.78053786601704,-10.954103047444743,base,2.826434818572297,51,50,penumbra-standard-C50-D0p02-human-t1
0.02020270731751947,penumbra_standard:t1,-15.387454826255254,-12.943532289846681,,49,human,,,,large,penumbra_standard,False,0.1365880237380015,bias_corrected,large,2.550620055290656,2.4140320315526544,size-penumbra_standard-human-C50-S51-to49-small_to_large-mborderline-d0p02-t1,True,borderline,google/gemma-3-4b-pt,google_gemma_3_4b_pt,lower_standard_increases_bigness,standard_span,stated_standard,True,standard_straddle,small,-1,,,-12.836834770964598,-10.529500258294027,cf,-2.3073345126705718,51,50,penumbra-standard-C50-D0p02-human-t1
0.02020270731751947,penumbra_standard:t1,-15.387454826255254,-12.943532289846681,,51,human,,,,large,penumbra_standard,False,0.1365880237380015,bias_corrected,large,2.550620055290656,2.4140320315526544,size-penumbra_standard-human-C50-S49-to51-large_to_small-mborderline-d0p02-t1,True,borderline,google/gemma-3-4b-pt,google_gemma_3_4b_pt,lower_standard_increases_bigness,standard_span,stated_standard,True,standard_straddle,small,1,,,-12.836834770964598,-10.529500258294027,base,-2.3073345126705718,49,50,penumbra-standard-C50-D0p02-human-t1
0.019802627296179754,penumbra_standard:t1,-15.387454826255254,-12.943532289846681,,51,human,,,,small,penumbra_standard,False,0.3825122821637237,bias_corrected,small,1.6069169602382143,1.989429242401938,size-penumbra_standard-human-C50-S49-to51-large_to_small-mborderline-d0p02-t1,True,borderline,google/gemma-3-4b-pt,google_gemma_3_4b_pt,lower_standard_increases_bigness,standard_span,stated_standard,True,standard_straddle,small,1,,,-13.78053786601704,-10.954103047444743,cf,2.826434818572297,49,50,penumbra-standard-C50-D0p02-human-t1
0.05826890812397576,penumbra_standard:t1,-15.387454826255254,-12.943532289846681,,48,human,,,,small,penumbra_standard,False,0.5280002203066001,bias_corrected,small,1.837220699941989,2.365220920248589,size-penumbra_standard-human-C50-S53-to48-small_to_large-mborderline-d0p05-t1,True,borderline,google/gemma-3-4b-pt,google_gemma_3_4b_pt,lower_standard_increases_bigness,standard_span,stated_standard,True,standard_straddle,small,-1,,,-13.550234126313265,-10.578311369598092,base,2.9719227567151734,53,50,penumbra-standard-C50-D0p05-human-t1
0.0408219945202552,penumbra_standard:t1,-15.387454826255254,-12.943532289846681,,48,human,,,,large,penumbra_standard,False,0.2905038653839558,bias_corrected,large,2.832386027943862,2.541882162559906,size-penumbra_standard-human-C50-S53-to48-small_to_large-mborderline-d0p05-t1,True,borderline,google/gemma-3-4b-pt,google_gemma_3_4b_pt,lower_standard_increases_bigness,standard_span,stated_standard,True,standard_straddle,small,-1,,,-12.555068798311392,-10.401650127286775,cf,-2.1534186710246175,53,50,penumbra-standard-C50-D0p05-human-t1
0.0408219945202552,penumbra_standard:t1,-15.387454826255254,-12.943532289846681,,53,human,,,,large,penumbra_standard,False,0.2905038653839558,bias_corrected,large,2.832386027943862,2.541882162559906,size-penumbra_standard-human-C50-S48-to53-large_to_small-mborderline-d0p05-t1,True,borderline,google/gemma-3-4b-pt,google_gemma_3_4b_pt,lower_standard_increases_bigness,standard_span,stated_standard,True,standard_straddle,small,1,,,-12.555068798311392,-10.401650127286775,base,-2.1534186710246175,48,50,penumbra-standard-C50-D0p05-human-t1
0.05826890812397576,penumbra_standard:t1,-15.387454826255254,-12.943532289846681,,53,human,,,,small,penumbra_standard,False,0.5280002203066001,bias_corrected,small,1.837220699941989,2.365220920248589,size-penumbra_standard-human-C50-S48-to53-large_to_small-mborderline-d0p05-t1,True,borderline,google/gemma-3-4b-pt,google_gemma_3_4b_pt,lower_standard_increases_bigness,standard_span,stated_standard,True,standard_straddle,small,1,,,-13.550234126313265,-10.578311369598092,cf,2.9719227567151734,48,50,penumbra-standard-C50-D0p05-human-t1
0.0953101798043249,penumbra_standard:t1,-15.387454826255254,-12.943532289846681,,45,human,,,,small,penumbra_standard,False,0.12908934483532875,bias_corrected,small,1.4267191365387326,1.5558084813740614,size-penumbra_standard-human-C50-S55-to45-small_to_large-mnear_boundary-d0p1-t1,True,near_boundary,google/gemma-3-4b-pt,google_gemma_3_4b_pt,lower_standard_increases_bigness,standard_span,stated_standard,True,standard_straddle,small,-1,,,-13.960735689716522,-11.38772380847262,base,2.573011881243902,55,50,penumbra-standard-C50-D0p1-human-t1
0.10536051565782635,penumbra_standard:t1,-15.387454826255254,-12.943532289846681,,45,human,,,,large,penumbra_standard,False,0.699930412709012,bias_corrected,large,2.435340133588932,1.73540972087992,size-penumbra_standard-human-C50-S55-to45-small_to_large-mnear_boundary-d0p1-t1,True,near_boundary,google/gemma-3-4b-pt,google_gemma_3_4b_pt,lower_standard_increases_bigness,standard_span,stated_standard,True,standard_straddle,small,-1,,,-12.952114692666322,-11.208122568966761,cf,-1.7439921236995612,55,50,penumbra-standard-C50-D0p1-human-t1
0.10536051565782635,penumbra_standard:t1,-15.387454826255254,-12.943532289846681,,55,human,,,,large,penumbra_standard,False,0.699930412709012,bias_corrected,large,2.435340133588932,1.73540972087992,size-penumbra_standard-human-C50-S45-to55-large_to_small-mnear_boundary-d0p1-t1,True,near_boundary,google/gemma-3-4b-pt,google_gemma_3_4b_pt,lower_standard_increases_bigness,standard_span,stated_standard,True,standard_straddle,small,1,,,-12.952114692666322,-11.208122568966761,base,-1.7439921236995612,45,50,penumbra-standard-C50-D0p1-human-t1
0.0953101798043249,penumbra_standard:t1,-15.387454826255254,-12.943532289846681,,55,human,,,,small,penumbra_standard,False,0.12908934483532875,bias_corrected,small,1.4267191365387326,1.5558084813740614,size-penumbra_standard-human-C50-S45-to55-large_to_small-mnear_boundary-d0p1-t1,True,near_boundary,google/gemma-3-4b-pt,google_gemma_3_4b_pt,lower_standard_increases_bigness,standard_span,stated_standard,True,standard_straddle,small,1,,,-13.960735689716522,-11.38772380847262,cf,2.573011881243902,45,50,penumbra-standard-C50-D0p1-human-t1
0.14842000511827333,penumbra_standard:t1,-15.387454826255254,-12.943532289846681,,43,human,,,,small,penumbra_standard,False,0.9701424528625431,bias_corrected,small,1.0291404331822989,1.999282886044842,size-penumbra_standard-human-C50-S58-to43-small_to_large-mnear_boundary-d0p15-t1,True,near_boundary,google/gemma-3-4b-pt,google_gemma_3_4b_pt,lower_standard_increases_bigness,standard_span,stated_standard,True,standard_straddle,small,-1,,,-14.358314393072956,-10.94424940380184,base,3.4140649892711163,58,50,penumbra-standard-C50-D0p15-human-t1
0.1508228897345837,penumbra_standard:t1,-15.387454826255254,-12.943532289846681,,43,human,,,,large,penumbra_standard,False,-0.34475925284122155,bias_corrected,small,2.9633812042336256,3.308140457074847,size-penumbra_standard-human-C50-S58-to43-small_to_large-mnear_boundary-d0p15-t1,True,near_boundary,google/gemma-3-4b-pt,google_gemma_3_4b_pt,lower_standard_increases_bigness,standard_span,stated_standard,True,standard_straddle,small,-1,,,-12.424073622021629,-9.635391832771834,cf,-2.788681789249795,58,50,penumbra-standard-C50-D0p15-human-t1
0.1508228897345837,penumbra_standard:t1,-15.387454826255254,-12.943532289846681,,58,human,,,,large,penumbra_standard,False,-0.34475925284122155,bias_corrected,small,2.9633812042336256,3.308140457074847,size-penumbra_standard-human-C50-S43-to58-large_to_small-mshoulder-d0p15-t1,True,shoulder,google/gemma-3-4b-pt,google_gemma_3_4b_pt,lower_standard_increases_bigness,standard_span,stated_standard,True,standard_straddle,small,1,,,-12.424073622021629,-9.635391832771834,base,-2.788681789249795,43,50,penumbra-standard-C50-D0p15-human-t1
0.14842000511827333,penumbra_standard:t1,-15.387454826255254,-12.943532289846681,,58,human,,,,small,penumbra_standard,False,0.9701424528625431,bias_corrected,small,1.0291404331822989,1.999282886044842,size-penumbra_standard-human-C50-S43-to58-large_to_small-mshoulder-d0p15-t1,True,shoulder,google/gemma-3-4b-pt,google_gemma_3_4b_pt,lower_standard_increases_bigness,standard_span,stated_standard,True,standard_straddle,small,1,,,-14.358314393072956,-10.94424940380184,cf,3.4140649892711163,43,50,penumbra-standard-C50-D0p15-human-t1
0.29266961396281993,penumbra_standard:t1,-15.387454826255254,-12.943532289846681,,37,human,,,,small,penumbra_standard,True,1.151781921529457,bias_corrected,small,1.8122773481963836,2.9640592697258406,size-penumbra_standard-human-C50-S67-to37-small_to_large-mshoulder-d0p3-t1,False,shoulder,google/gemma-3-4b-pt,google_gemma_3_4b_pt,lower_standard_increases_bigness,standard_span,stated_standard,False,standard_straddle,small,-1,,cf_gate_pred_small_expected_large,-13.57517747805887,-9.97947302012084,base,3.59570445793803,67,50,penumbra-standard-C50-D0p3-human-t1
0.3011050927839216,penumbra_standard:t1,-15.387454826255254,-12.943532289846681,,37,human,,,,large,penumbra_standard,True,-0.7021681420670784,bias_corrected,small,0.6732473575055238,1.3754154995726022,size-penumbra_standard-human-C50-S67-to37-small_to_large-mshoulder-d0p3-t1,False,shoulder,google/gemma-3-4b-pt,google_gemma_3_4b_pt,lower_standard_increases_bigness,standard_span,stated_standard,False,standard_straddle,small,-1,,cf_gate_pred_small_expected_large,-14.71420746874973,-11.568116790274079,cf,-3.1460906784756517,67,50,penumbra-standard-C50-D0p3-human-t1
0.3011050927839216,penumbra_standard:t1,-15.387454826255254,-12.943532289846681,,67,human,,,,large,penumbra_standard,True,-0.7021681420670784,bias_corrected,small,0.6732473575055238,1.3754154995726022,size-penumbra_standard-human-C50-S37-to67-large_to_small-mshoulder-d0p3-t1,False,shoulder,google/gemma-3-4b-pt,google_gemma_3_4b_pt,lower_standard_increases_bigness,standard_span,stated_standard,False,standard_straddle,small,1,,base_gate_pred_small_expected_large,-14.71420746874973,-11.568116790274079,base,-3.1460906784756517,37,50,penumbra-standard-C50-D0p3-human-t1
0.29266961396281993,penumbra_standard:t1,-15.387454826255254,-12.943532289846681,,67,human,,,,small,penumbra_standard,True,1.151781921529457,bias_corrected,small,1.8122773481963836,2.9640592697258406,size-penumbra_standard-human-C50-S37-to67-large_to_small-mshoulder-d0p3-t1,False,shoulder,google/gemma-3-4b-pt,google_gemma_3_4b_pt,lower_standard_increases_bigness,standard_span,stated_standard,False,standard_straddle,small,1,,base_gate_pred_small_expected_large,-13.57517747805887,-9.97947302012084,cf,3.59570445793803,37,50,penumbra-standard-C50-D0p3-human-t1
0.49469624183610705,penumbra_standard:t1,-15.387454826255254,-12.943532289846681,,30,human,,,,small,penumbra_standard,True,0.44615370940177,bias_corrected,small,2.4996200165736635,2.9457737259754335,size-penumbra_standard-human-C50-S82-to30-small_to_large-mclear-d0p5-t1,True,clear,google/gemma-3-4b-pt,google_gemma_3_4b_pt,lower_standard_increases_bigness,standard_span,stated_standard,False,standard_straddle,small,-1,,,-12.887834809681591,-9.997758563871248,base,2.8900762458103433,82,50,penumbra-standard-C50-D0p5-human-t1
0.5108256237659907,penumbra_standard:t1,-15.387454826255254,-12.943532289846681,,30,human,,,,large,penumbra_standard,True,0.15723193430681803,bias_corrected,large,1.7206726886300405,1.5634407543232225,size-penumbra_standard-human-C50-S82-to30-small_to_large-mclear-d0p5-t1,True,clear,google/gemma-3-4b-pt,google_gemma_3_4b_pt,lower_standard_increases_bigness,standard_span,stated_standard,False,standard_straddle,small,-1,,,-13.666782137625214,-11.380091535523459,cf,-2.2866906021017552,82,50,penumbra-standard-C50-D0p5-human-t1
0.5108256237659907,penumbra_standard:t1,-15.387454826255254,-12.943532289846681,,82,human,,,,large,penumbra_standard,True,0.15723193430681803,bias_corrected,large,1.7206726886300405,1.5634407543232225,size-penumbra_standard-human-C50-S30-to82-large_to_small-mclear-d0p5-t1,True,clear,google/gemma-3-4b-pt,google_gemma_3_4b_pt,lower_standard_increases_bigness,standard_span,stated_standard,False,standard_straddle,small,1,,,-13.666782137625214,-11.380091535523459,base,-2.2866906021017552,30,50,penumbra-standard-C50-D0p5-human-t1
0.49469624183610705,penumbra_standard:t1,-15.387454826255254,-12.943532289846681,,82,human,,,,small,penumbra_standard,True,0.44615370940177,bias_corrected,small,2.4996200165736635,2.9457737259754335,size-penumbra_standard-human-C50-S30-to82-large_to_small-mclear-d0p5-t1,True,clear,google/gemma-3-4b-pt,google_gemma_3_4b_pt,lower_standard_increases_bigness,standard_span,stated_standard,False,standard_straddle,small,1,,,-12.887834809681591,-9.997758563871248,cf,2.8900762458103433,30,50,penumbra-standard-C50-D0p5-human-t1
0.019802627296179754,penumbra_standard:t1,-15.387454826255254,-12.943532289846681,,196,human,,,,small,penumbra_standard,False,-0.044107567436379114,bias_corrected,large,0.8619787642352641,0.817871196798885,size-penumbra_standard-human-C200-S204-to196-small_to_large-mborderline-d0p02-t1,True,borderline,google/gemma-3-4b-pt,google_gemma_3_4b_pt,lower_standard_increases_bigness,standard_span,stated_standard,True,standard_straddle,small,-1,,,-14.52547606201999,-12.125661093047796,base,2.399814968972194,204,200,penumbra-standard-C200-D0p02-human-t1
0.02020270731751947,penumbra_standard:t1,-15.387454826255254,-12.943532289846681,,196,human,,,,large,penumbra_standard,False,0.520623672897468,bias_corrected,large,0.5298155456712035,0.009191872773735454,size-penumbra_standard-human-C200-S204-to196-small_to_large-mborderline-d0p02-t1,True,borderline,google/gemma-3-4b-pt,google_gemma_3_4b_pt,lower_standard_increases_bigness,standard_span,stated_standard,True,standard_straddle,small,-1,,,-14.857639280584051,-12.934340417072946,cf,-1.9232988635111052,204,200,penumbra-standard-C200-D0p02-human-t1
0.02020270731751947,penumbra_standard:t1,-15.387454826255254,-12.943532289846681,,204,human,,,,large,penumbra_standard,False,0.520623672897468,bias_corrected,large,0.5298155456712035,0.009191872773735454,size-penumbra_standard-human-C200-S196-to204-large_to_small-mborderline-d0p02-t1,True,borderline,google/gemma-3-4b-pt,google_gemma_3_4b_pt,lower_standard_increases_bigness,standard_span,stated_standard,True,standard_straddle,small,1,,,-14.857639280584051,-12.934340417072946,base,-1.9232988635111052,196,200,penumbra-standard-C200-D0p02-human-t1
0.019802627296179754,penumbra_standard:t1,-15.387454826255254,-12.943532289846681,,204,human,,,,small,penumbra_standard,False,-0.044107567436379114,bias_corrected,large,0.8619787642352641,0.817871196798885,size-penumbra_standard-human-C200-S196-to204-large_to_small-mborderline-d0p02-t1,True,borderline,google/gemma-3-4b-pt,google_gemma_3_4b_pt,lower_standard_increases_bigness,standard_span,stated_standard,True,standard_straddle,small,1,,,-14.52547606201999,-12.125661093047796,cf,2.399814968972194,196,200,penumbra-standard-C200-D0p02-human-t1
0.048790164169432056,penumbra_standard:t1,-15.387454826255254,-12.943532289846681,,190,human,,,,small,penumbra_standard,False,0.3164069426675944,bias_corrected,small,1.369766451019773,1.6861733936873673,size-penumbra_standard-human-C200-S210-to190-small_to_large-mborderline-d0p05-t1,True,borderline,google/gemma-3-4b-pt,google_gemma_3_4b_pt,lower_standard_increases_bigness,standard_span,stated_standard,True,standard_straddle,small,-1,,,-14.017688375235482,-11.257358896159314,base,2.7603294790761677,210,200,penumbra-standard-C200-D0p05-human-t1
0.05129329438755048,penumbra_standard:t1,-15.387454826255254,-12.943532289846681,,190,human,,,,large,penumbra_standard,False,0.7263370679094034,bias_corrected,large,0.5530648497997461,-0.17327221810965732,size-penumbra_standard-human-C200-S210-to190-small_to_large-mborderline-d0p05-t1,True,borderline,google/gemma-3-4b-pt,google_gemma_3_4b_pt,lower_standard_increases_bigness,standard_span,stated_standard,True,standard_straddle,small,-1,,,-14.834389976455508,-13.116804507956338,cf,-1.7175854684991698,210,200,penumbra-standard-C200-D0p05-human-t1
0.05129329438755048,penumbra_standard:t1,-15.387454826255254,-12.943532289846681,,210,human,,,,large,penumbra_standard,False,0.7263370679094034,bias_corrected,large,0.5530648497997461,-0.17327221810965732,size-penumbra_standard-human-C200-S190-to210-large_to_small-mborderline-d0p05-t1,True,borderline,google/gemma-3-4b-pt,google_gemma_3_4b_pt,lower_standard_increases_bigness,standard_span,stated_standard,True,standard_straddle,small,1,,,-14.834389976455508,-13.116804507956338,base,-1.7175854684991698,190,200,penumbra-standard-C200-D0p05-human-t1
0.048790164169432056,penumbra_standard:t1,-15.387454826255254,-12.943532289846681,,210,human,,,,small,penumbra_standard,False,0.3164069426675944,bias_corrected,small,1.369766451019773,1.6861733936873673,size-penumbra_standard-human-C200-S190-to210-large_to_small-mborderline-d0p05-t1,True,borderline,google/gemma-3-4b-pt,google_gemma_3_4b_pt,lower_standard_increases_bigness,standard_span,stated_standard,True,standard_straddle,small,1,,,-14.017688375235482,-11.257358896159314,cf,2.7603294790761677,190,200,penumbra-standard-C200-D0p05-human-t1
0.09984533496971613,penumbra_standard:t1,-15.387454826255254,-12.943532289846681,,181,human,,,,small,penumbra_standard,False,0.034595849780700405,bias_corrected,small,1.281225275636272,1.3158211254169725,size-penumbra_standard-human-C200-S221-to181-small_to_large-mnear_boundary-d0p1-t1,True,near_boundary,google/gemma-3-4b-pt,google_gemma_3_4b_pt,lower_standard_increases_bigness,standard_span,stated_standard,True,standard_straddle,small,-1,,,-14.106229550618982,-11.627711164429709,base,2.4785183861892737,221,200,penumbra-standard-C200-D0p1-human-t1
0.09982033528221099,penumbra_standard:t1,-15.387454826255254,-12.943532289846681,,181,human,,,,large,penumbra_standard,False,0.25252837801691896,bias_corrected,large,1.6110400003312204,1.3585116223143014,size-penumbra_standard-human-C200-S221-to181-small_to_large-mnear_boundary-d0p1-t1,True,near_boundary,google/gemma-3-4b-pt,google_gemma_3_4b_pt,lower_standard_increases_bigness,standard_span,stated_standard,True,standard_straddle,small,-1,,,-13.776414825924034,-11.58502066753238,cf,-2.1913941583916543,221,200,penumbra-standard-C200-D0p1-human-t1
0.09982033528221099,penumbra_standard:t1,-15.387454826255254,-12.943532289846681,,221,human,,,,large,penumbra_standard,False,0.25252837801691896,bias_corrected,large,1.6110400003312204,1.3585116223143014,size-penumbra_standard-human-C200-S181-to221-large_to_small-mnear_boundary-d0p1-t1,True,near_boundary,google/gemma-3-4b-pt,google_gemma_3_4b_pt,lower_standard_increases_bigness,standard_span,stated_standard,True,standard_straddle,small,1,,,-13.776414825924034,-11.58502066753238,base,-2.1913941583916543,181,200,penumbra-standard-C200-D0p1-human-t1
0.09984533496971613,penumbra_standard:t1,-15.387454826255254,-12.943532289846681,,221,human,,,,small,penumbra_standard,False,0.034595849780700405,bias_corrected,small,1.281225275636272,1.3158211254169725,size-penumbra_standard-human-C200-S181-to221-large_to_small-mnear_boundary-d0p1-t1,True,near_boundary,google/gemma-3-4b-pt,google_gemma_3_4b_pt,lower_standard_increases_bigness,standard_span,stated_standard,True,standard_straddle,small,1,,,-14.106229550618982,-11.627711164429709,cf,2.4785183861892737,181,200,penumbra-standard-C200-D0p1-human-t1
0.14842000511827333,penumbra_standard:t1,-15.387454826255254,-12.943532289846681,,172,human,,,,small,penumbra_standard,False,0.8089871703494502,bias_corrected,small,1.6095497380681127,2.418536908417563,size-penumbra_standard-human-C200-S232-to172-small_to_large-mnear_boundary-d0p15-t1,True,near_boundary,google/gemma-3-4b-pt,google_gemma_3_4b_pt,lower_standard_increases_bigness,standard_span,stated_standard,True,standard_straddle,small,-1,,,-13.777905088187142,-10.524995381429118,base,3.2529097067580235,232,200,penumbra-standard-C200-D0p15-human-t1
0.1508228897345837,penumbra_standard:t1,-15.387454826255254,-12.943532289846681,,172,human,,,,large,penumbra_standard,False,0.3930349928233454,bias_corrected,large,1.0850855164131676,0.6920505235898222,size-penumbra_standard-human-C200-S232-to172-small_to_large-mnear_boundary-d0p15-t1,True,near_boundary,google/gemma-3-4b-pt,google_gemma_3_4b_pt,lower_standard_increases_bigness,standard_span,stated_standard,True,standard_straddle,small,-1,,,-14.302369309842087,-12.251481766256859,cf,-2.050887543585228,232,200,penumbra-standard-C200-D0p15-human-t1
0.1508228897345837,penumbra_standard:t1,-15.387454826255254,-12.943532289846681,,232,human,,,,large,penumbra_standard,False,0.3930349928233454,bias_corrected,large,1.0850855164131676,0.6920505235898222,size-penumbra_standard-human-C200-S172-to232-large_to_small-mshoulder-d0p15-t1,True,shoulder,google/gemma-3-4b-pt,google_gemma_3_4b_pt,lower_standard_increases_bigness,standard_span,stated_standard,True,standard_straddle,small,1,,,-14.302369309842087,-12.251481766256859,base,-2.050887543585228,172,200,penumbra-standard-C200-D0p15-human-t1
0.14842000511827333,penumbra_standard:t1,-15.387454826255254,-12.943532289846681,,232,human,,,,small,penumbra_standard,False,0.8089871703494502,bias_corrected,small,1.6095497380681127,2.418536908417563,size-penumbra_standard-human-C200-S172-to232-large_to_small-mshoulder-d0p15-t1,True,shoulder,google/gemma-3-4b-pt,google_gemma_3_4b_pt,lower_standard_increases_bigness,standard_span,stated_standard,True,standard_straddle,small,1,,,-13.777905088187142,-10.524995381429118,cf,3.2529097067580235,172,200,penumbra-standard-C200-D0p15-human-t1
0.30010459245033816,penumbra_standard:t1,-15.387454826255254,-12.943532289846681,,148,human,,,,small,penumbra_standard,True,-0.36125877570243503,bias_corrected,large,0.3173138360376697,-0.043944939664765315,size-penumbra_standard-human-C200-S270-to148-small_to_large-mshoulder-d0p3-t1,False,shoulder,google/gemma-3-4b-pt,google_gemma_3_4b_pt,lower_standard_increases_bigness,standard_span,stated_standard,False,standard_straddle,small,-1,,base_gate_pred_large_expected_small,-15.070140990217585,-12.987477229511446,base,2.0826637607061382,270,200,penumbra-standard-C200-D0p3-human-t1
0.3011050927839216,penumbra_standard:t1,-15.387454826255254,-12.943532289846681,,148,human,,,,large,penumbra_standard,True,0.7020847697376009,bias_corrected,large,1.5788189224800622,0.8767341527424612,size-penumbra_standard-human-C200-S270-to148-small_to_large-mshoulder-d0p3-t1,False,shoulder,google/gemma-3-4b-pt,google_gemma_3_4b_pt,lower_standard_increases_bigness,standard_span,stated_standard,False,standard_straddle,small,-1,,base_gate_pred_large_expected_small,-13.808635903775192,-12.06679813710422,cf,-1.7418377666709723,270,200,penumbra-standard-C200-D0p3-human-t1
0.3011050927839216,penumbra_standard:t1,-15.387454826255254,-12.943532289846681,,270,human,,,,large,penumbra_standard,True,0.7020847697376009,bias_corrected,large,1.5788189224800622,0.8767341527424612,size-penumbra_standard-human-C200-S148-to270-large_to_small-mshoulder-d0p3-t1,False,shoulder,google/gemma-3-4b-pt,google_gemma_3_4b_pt,lower_standard_increases_bigness,standard_span,stated_standard,False,standard_straddle,small,1,,cf_gate_pred_large_expected_small,-13.808635903775192,-12.06679813710422,base,-1.7418377666709723,148,200,penumbra-standard-C200-D0p3-human-t1
0.30010459245033816,penumbra_standard:t1,-15.387454826255254,-12.943532289846681,,270,human,,,,small,penumbra_standard,True,-0.36125877570243503,bias_corrected,large,0.3173138360376697,-0.043944939664765315,size-penumbra_standard-human-C200-S148-to270-large_to_small-mshoulder-d0p3-t1,False,shoulder,google/gemma-3-4b-pt,google_gemma_3_4b_pt,lower_standard_increases_bigness,standard_span,stated_standard,False,standard_straddle,small,1,,cf_gate_pred_large_expected_small,-15.070140990217585,-12.987477229511446,cf,2.0826637607061382,148,200,penumbra-standard-C200-D0p3-human-t1
0.5007752879124893,penumbra_standard:t1,-15.387454826255254,-12.943532289846681,,121,human,,,,small,penumbra_standard,True,0.436100710870873,bias_corrected,small,1.1727118940488985,1.6088126049197715,size-penumbra_standard-human-C200-S330-to121-small_to_large-mclear-d0p5-t1,True,clear,google/gemma-3-4b-pt,google_gemma_3_4b_pt,lower_standard_increases_bigness,standard_span,stated_standard,False,standard_straddle,small,-1,,,-14.214742932206356,-11.33471968492691,base,2.8800232472794463,330,200,penumbra-standard-C200-D0p5-human-t1
0.5025268209512956,penumbra_standard:t1,-15.387454826255254,-12.943532289846681,,121,human,,,,large,penumbra_standard,True,0.5095428460037343,bias_corrected,large,2.2928502983694123,1.783307452365678,size-penumbra_standard-human-C200-S330-to121-small_to_large-mclear-d0p5-t1,True,clear,google/gemma-3-4b-pt,google_gemma_3_4b_pt,lower_standard_increases_bigness,standard_span,stated_standard,False,standard_straddle,small,-1,,,-13.094604527885842,-11.160224837481003,cf,-1.934379690404839,330,200,penumbra-standard-C200-D0p5-human-t1
0.5025268209512956,penumbra_standard:t1,-15.387454826255254,-12.943532289846681,,330,human,,,,large,penumbra_standard,True,0.5095428460037343,bias_corrected,large,2.2928502983694123,1.783307452365678,size-penumbra_standard-human-C200-S121-to330-large_to_small-mclear-d0p5-t1,True,clear,google/gemma-3-4b-pt,google_gemma_3_4b_pt,lower_standard_increases_bigness,standard_span,stated_standard,False,standard_straddle,small,1,,,-13.094604527885842,-11.160224837481003,base,-1.934379690404839,121,200,penumbra-standard-C200-D0p5-human-t1
0.5007752879124893,penumbra_standard:t1,-15.387454826255254,-12.943532289846681,,330,human,,,,small,penumbra_standard,True,0.436100710870873,bias_corrected,small,1.1727118940488985,1.6088126049197715,size-penumbra_standard-human-C200-S121-to330-large_to_small-mclear-d0p5-t1,True,clear,google/gemma-3-4b-pt,google_gemma_3_4b_pt,lower_standard_increases_bigness,standard_span,stated_standard,False,standard_straddle,small,1,,,-14.214742932206356,-11.33471968492691,cf,2.8800232472794463,121,200,penumbra-standard-C200-D0p5-human-t1
0.019802627296179754,penumbra_standard:t1,-15.387454826255254,-12.943532289846681,,490,human,,,,small,penumbra_standard,False,-0.2604853576187036,bias_corrected,large,1.2587257461849433,0.9982403885662396,size-penumbra_standard-human-C500-S510-to490-small_to_large-mborderline-d0p02-t1,True,borderline,google/gemma-3-4b-pt,google_gemma_3_4b_pt,lower_standard_increases_bigness,standard_span,stated_standard,True,standard_straddle,small,-1,,,-14.128729080070311,-11.945291901280441,base,2.1834371787898696,510,500,penumbra-standard-C500-D0p02-human-t1
0.02020270731751947,penumbra_standard:t1,-15.387454826255254,-12.943532289846681,,490,human,,,,large,penumbra_standard,False,0.661986157660218,bias_corrected,large,2.6250792261367604,1.9630930684765424,size-penumbra_standard-human-C500-S510-to490-small_to_large-mborderline-d0p02-t1,True,borderline,google/gemma-3-4b-pt,google_gemma_3_4b_pt,lower_standard_increases_bigness,standard_span,stated_standard,True,standard_straddle,small,-1,,,-12.762375600118494,-10.980439221370139,cf,-1.7819363787483553,510,500,penumbra-standard-C500-D0p02-human-t1
0.02020270731751947,penumbra_standard:t1,-15.387454826255254,-12.943532289846681,,510,human,,,,large,penumbra_standard,False,0.661986157660218,bias_corrected,large,2.6250792261367604,1.9630930684765424,size-penumbra_standard-human-C500-S490-to510-large_to_small-mborderline-d0p02-t1,True,borderline,google/gemma-3-4b-pt,google_gemma_3_4b_pt,lower_standard_increases_bigness,standard_span,stated_standard,True,standard_straddle,small,1,,,-12.762375600118494,-10.980439221370139,base,-1.7819363787483553,490,500,penumbra-standard-C500-D0p02-human-t1
0.019802627296179754,penumbra_standard:t1,-15.387454826255254,-12.943532289846681,,510,human,,,,small,penumbra_standard,False,-0.2604853576187036,bias_corrected,large,1.2587257461849433,0.9982403885662396,size-penumbra_standard-human-C500-S490-to510-large_to_small-mborderline-d0p02-t1,True,borderline,google/gemma-3-4b-pt,google_gemma_3_4b_pt,lower_standard_increases_bigness,standard_span,stated_standard,True,standard_straddle,small,1,,,-14.128729080070311,-11.945291901280441,cf,2.1834371787898696,490,500,penumbra-standard-C500-D0p02-human-t1
0.050693114315518095,penumbra_standard:t1,-15.387454826255254,-12.943532289846681,,476,human,,,,small,penumbra_standard,False,-0.37433763098726835,bias_corrected,large,1.617388745444977,1.2430511144577086,size-penumbra_standard-human-C500-S526-to476-small_to_large-mborderline-d0p05-t1,True,borderline,google/gemma-3-4b-pt,google_gemma_3_4b_pt,lower_standard_increases_bigness,standard_span,stated_standard,True,standard_straddle,small,-1,,,-13.770066080810277,-11.700481175388973,base,2.069584905421305,526,500,penumbra-standard-C500-D0p05-human-t1
0.04919024419077178,penumbra_standard:t1,-15.387454826255254,-12.943532289846681,,476,human,,,,large,penumbra_standard,False,0.3371685572649561,bias_corrected,large,2.245262736472432,1.9080941792074757,size-penumbra_standard-human-C500-S526-to476-small_to_large-mborderline-d0p05-t1,True,borderline,google/gemma-3-4b-pt,google_gemma_3_4b_pt,lower_standard_increases_bigness,standard_span,stated_standard,True,standard_straddle,small,-1,,,-13.142192089782823,-11.035438110639205,cf,-2.106753979143617,526,500,penumbra-standard-C500-D0p05-human-t1
0.04919024419077178,penumbra_standard:t1,-15.387454826255254,-12.943532289846681,,526,human,,,,large,penumbra_standard,False,0.3371685572649561,bias_corrected,large,2.245262736472432,1.9080941792074757,size-penumbra_standard-human-C500-S476-to526-large_to_small-mborderline-d0p05-t1,True,borderline,google/gemma-3-4b-pt,google_gemma_3_4b_pt,lower_standard_increases_bigness,standard_span,stated_standard,True,standard_straddle,small,1,,,-13.142192089782823,-11.035438110639205,base,-2.106753979143617,476,500,penumbra-standard-C500-D0p05-human-t1
0.050693114315518095,penumbra_standard:t1,-15.387454826255254,-12.943532289846681,,526,human,,,,small,penumbra_standard,False,-0.37433763098726835,bias_corrected,large,1.617388745444977,1.2430511144577086,size-penumbra_standard-human-C500-S476-to526-large_to_small-mborderline-d0p05-t1,True,borderline,google/gemma-3-4b-pt,google_gemma_3_4b_pt,lower_standard_increases_bigness,standard_span,stated_standard,True,standard_straddle,small,1,,,-13.770066080810277,-11.700481175388973,cf,2.069584905421305,476,500,penumbra-standard-C500-D0p05-human-t1
0.10074990310014302,penumbra_standard:t1,-15.387454826255254,-12.943532289846681,,452,human,,,,small,penumbra_standard,False,-0.360599522137953,bias_corrected,large,1.1642014168062378,0.8036018946682848,size-penumbra_standard-human-C500-S553-to452-small_to_large-mnear_boundary-d0p1-t1,True,near_boundary,google/gemma-3-4b-pt,google_gemma_3_4b_pt,lower_standard_increases_bigness,standard_span,stated_standard,True,standard_straddle,small,-1,,,-14.223253409449017,-12.139930395178396,base,2.0833230142706203,553,500,penumbra-standard-C500-D0p1-human-t1
0.1009259185899605,penumbra_standard:t1,-15.387454826255254,-12.943532289846681,,452,human,,,,large,penumbra_standard,False,0.5616576331405021,bias_corrected,large,2.704309888186682,2.1426522550461797,size-penumbra_standard-human-C500-S553-to452-small_to_large-mnear_boundary-d0p1-t1,True,near_boundary,google/gemma-3-4b-pt,google_gemma_3_4b_pt,lower_standard_increases_bigness,standard_span,stated_standard,True,standard_straddle,small,-1,,,-12.683144938068573,-10.800880034800501,cf,-1.8822649032680712,553,500,penumbra-standard-C500-D0p1-human-t1
0.1009259185899605,penumbra_standard:t1,-15.387454826255254,-12.943532289846681,,553,human,,,,large,penumbra_standard,False,0.5616576331405021,bias_corrected,large,2.704309888186682,2.1426522550461797,size-penumbra_standard-human-C500-S452-to553-large_to_small-mnear_boundary-d0p1-t1,True,near_boundary,google/gemma-3-4b-pt,google_gemma_3_4b_pt,lower_standard_increases_bigness,standard_span,stated_standard,True,standard_straddle,small,1,,,-12.683144938068573,-10.800880034800501,base,-1.8822649032680712,452,500,penumbra-standard-C500-D0p1-human-t1
0.10074990310014302,penumbra_standard:t1,-15.387454826255254,-12.943532289846681,,553,human,,,,small,penumbra_standard,False,-0.360599522137953,bias_corrected,large,1.1642014168062378,0.8036018946682848,size-penumbra_standard-human-C500-S452-to553-large_to_small-mnear_boundary-d0p1-t1,True,near_boundary,google/gemma-3-4b-pt,google_gemma_3_4b_pt,lower_standard_increases_bigness,standard_span,stated_standard,True,standard_straddle,small,1,,,-14.223253409449017,-12.139930395178396,cf,2.0833230142706203,452,500,penumbra-standard-C500-D0p1-human-t1
0.019802627296179754,penumbra_standard:t1,-15.387454826255254,-12.943532289846681,,49,elephant,,,,small,penumbra_standard,False,0.5504054105231226,bias_corrected,small,3.7186314171695933,4.269036827692716,size-penumbra_standard-elephant-C50-S51-to49-small_to_large-mborderline-d0p02-t1,True,borderline,google/gemma-3-4b-pt,google_gemma_3_4b_pt,lower_standard_increases_bigness,standard_span,stated_standard,True,standard_straddle,small,-1,,,-11.668823409085661,-8.674495462153965,base,2.994327946931696,51,50,penumbra-standard-C50-D0p02-elephant-t1
0.02020270731751947,penumbra_standard:t1,-15.387454826255254,-12.943532289846681,,49,elephant,,,,large,penumbra_standard,False,0.07910176504525346,bias_corrected,large,4.404612213983558,4.325510448938305,size-penumbra_standard-elephant-C50-S51-to49-small_to_large-mborderline-d0p02-t1,True,borderline,google/gemma-3-4b-pt,google_gemma_3_4b_pt,lower_standard_increases_bigness,standard_span,stated_standard,True,standard_straddle,small,-1,,,-10.982842612271696,-8.618021840908376,cf,-2.36482077136332,51,50,penumbra-standard-C50-D0p02-elephant-t1
0.02020270731751947,penumbra_standard:t1,-15.387454826255254,-12.943532289846681,,51,elephant,,,,large,penumbra_standard,False,0.07910176504525346,bias_corrected,large,4.404612213983558,4.325510448938305,size-penumbra_standard-elephant-C50-S49-to51-large_to_small-mborderline-d0p02-t1,True,borderline,google/gemma-3-4b-pt,google_gemma_3_4b_pt,lower_standard_increases_bigness,standard_span,stated_standard,True,standard_straddle,small,1,,,-10.982842612271696,-8.618021840908376,base,-2.36482077136332,49,50,penumbra-standard-C50-D0p02-elephant-t1
0.019802627296179754,penumbra_standard:t1,-15.387454826255254,-12.943532289846681,,51,elephant,,,,small,penumbra_standard,False,0.5504054105231226,bias_corrected,small,3.7186314171695933,4.269036827692716,size-penumbra_standard-elephant-C50-S49-to51-large_to_small-mborderline-d0p02-t1,True,borderline,google/gemma-3-4b-pt,google_gemma_3_4b_pt,lower_standard_increases_bigness,standard_span,stated_standard,True,standard_straddle,small,1,,,-11.668823409085661,-8.674495462153965,cf,2.994327946931696,49,50,penumbra-standard-C50-D0p02-elephant-t1
0.05826890812397576,penumbra_standard:t1,-15.387454826255254,-12.943532289846681,,48,elephant,,,,small,penumbra_standard,False,0.4453379275697227,bias_corrected,small,3.9370712712433225,4.382409198813045,size-penumbra_standard-elephant-C50-S53-to48-small_to_large-mborderline-d0p05-t1,True,borderline,google/gemma-3-4b-pt,google_gemma_3_4b_pt,lower_standard_increases_bigness,standard_span,stated_standard,True,standard_straddle,small,-1,,,-11.450383555011932,-8.561123091033636,base,2.889260463978296,53,50,penumbra-standard-C50-D0p05-elephant-t1
0.0408219945202552,penumbra_standard:t1,-15.387454826255254,-12.943532289846681,,48,elephant,,,,large,penumbra_standard,False,0.6675813582486363,bias_corrected,large,4.838533466031819,4.170952107783183,size-penumbra_standard-elephant-C50-S53-to48-small_to_large-mborderline-d0p05-t1,True,borderline,google/gemma-3-4b-pt,google_gemma_3_4b_pt,lower_standard_increases_bigness,standard_span,stated_standard,True,standard_straddle,small,-1,,,-10.548921360223435,-8.772580182063498,cf,-1.776341178159937,53,50,penumbra-standard-C50-D0p05-elephant-t1
0.0408219945202552,penumbra_standard:t1,-15.387454826255254,-12.943532289846681,,53,elephant,,,,large,penumbra_standard,False,0.6675813582486363,bias_corrected,large,4.838533466031819,4.170952107783183,size-penumbra_standard-elephant-C50-S48-to53-large_to_small-mborderline-d0p05-t1,True,borderline,google/gemma-3-4b-pt,google_gemma_3_4b_pt,lower_standard_increases_bigness,standard_span,stated_standard,True,standard_straddle,small,1,,,-10.548921360223435,-8.772580182063498,base,-1.776341178159937,48,50,penumbra-standard-C50-D0p05-elephant-t1
0.05826890812397576,penumbra_standard:t1,-15.387454826255254,-12.943532289846681,,53,elephant,,,,small,penumbra_standard,False,0.4453379275697227,bias_corrected,small,3.9370712712433225,4.382409198813045,size-penumbra_standard-elephant-C50-S48-to53-large_to_small-mborderline-d0p05-t1,True,borderline,google/gemma-3-4b-pt,google_gemma_3_4b_pt,lower_standard_increases_bigness,standard_span,stated_standard,True,standard_straddle,small,1,,,-11.450383555011932,-8.561123091033636,cf,2.889260463978296,48,50,penumbra-standard-C50-D0p05-elephant-t1
0.0953101798043249,penumbra_standard:t1,-15.387454826255254,-12.943532289846681,,45,elephant,,,,small,penumbra_standard,False,0.0036878221436484893,bias_corrected,small,3.7732673721615058,3.7769551943051543,size-penumbra_standard-elephant-C50-S55-to45-small_to_large-mnear_boundary-d0p1-t1,True,near_boundary,google/gemma-3-4b-pt,google_gemma_3_4b_pt,lower_standard_increases_bigness,standard_span,stated_standard,True,standard_straddle,small,-1,,,-11.614187454093749,-9.166577095541527,base,2.4476103585522218,55,50,penumbra-standard-C50-D0p1-elephant-t1
0.10536051565782635,penumbra_standard:t1,-15.387454826255254,-12.943532289846681,,45,elephant,,,,large,penumbra_standard,False,0.6095037148627256,bias_corrected,large,3.704982037245518,3.0954783223827924,size-penumbra_standard-elephant-C50-S55-to45-small_to_large-mnear_boundary-d0p1-t1,True,near_boundary,google/gemma-3-4b-pt,google_gemma_3_4b_pt,lower_standard_increases_bigness,standard_span,stated_standard,True,standard_straddle,small,-1,,,-11.682472789009736,-9.848053967463889,cf,-1.8344188215458477,55,50,penumbra-standard-C50-D0p1-elephant-t1
0.10536051565782635,penumbra_standard:t1,-15.387454826255254,-12.943532289846681,,55,elephant,,,,large,penumbra_standard,False,0.6095037148627256,bias_corrected,large,3.704982037245518,3.0954783223827924,size-penumbra_standard-elephant-C50-S45-to55-large_to_small-mnear_boundary-d0p1-t1,True,near_boundary,google/gemma-3-4b-pt,google_gemma_3_4b_pt,lower_standard_increases_bigness,standard_span,stated_standard,True,standard_straddle,small,1,,,-11.682472789009736,-9.848053967463889,base,-1.8344188215458477,45,50,penumbra-standard-C50-D0p1-elephant-t1
0.0953101798043249,penumbra_standard:t1,-15.387454826255254,-12.943532289846681,,55,elephant,,,,small,penumbra_standard,False,0.0036878221436484893,bias_corrected,small,3.7732673721615058,3.7769551943051543,size-penumbra_standard-elephant-C50-S45-to55-large_to_small-mnear_boundary-d0p1-t1,True,near_boundary,google/gemma-3-4b-pt,google_gemma_3_4b_pt,lower_standard_increases_bigness,standard_span,stated_standard,True,standard_straddle,small,1,,,-11.614187454093749,-9.166577095541527,cf,2.4476103585522218,45,50,penumbra-standard-C50-D0p1-elephant-t1
0.14842000511827333,penumbra_standard:t1,-15.387454826255254,-12.943532289846681,,43,elephant,,,,small,penumbra_standard,False,0.8859576487505914,bias_corrected,small,4.098996279042636,4.984953927793227,size-penumbra_standard-elephant-C50-S58-to43-small_to_large-mnear_boundary-d0p15-t1,True,near_boundary,google/gemma-3-4b-pt,google_gemma_3_4b_pt,lower_standard_increases_bigness,standard_span,stated_standard,True,standard_straddle,small,-1,,,-11.288458547212619,-7.958578362053454,base,3.3298801851591646,58,50,penumbra-standard-C50-D0p15-elephant-t1
0.1508228897345837,penumbra_standard:t1,-15.387454826255254,-12.943532289846681,,43,elephant,,,,large,penumbra_standard,False,-0.16188709998126072,bias_corrected,small,4.334384472524997,4.496271572506258,size-penumbra_standard-elephant-C50-S58-to43-small_to_large-mnear_boundary-d0p15-t1,True,near_boundary,google/gemma-3-4b-pt,google_gemma_3_4b_pt,lower_standard_increases_bigness,standard_span,stated_standard,True,standard_straddle,small,-1,,,-11.053070353730257,-8.447260717340423,cf,-2.605809636389834,58,50,penumbra-standard-C50-D0p15-elephant-t1
0.1508228897345837,penumbra_standard:t1,-15.387454826255254,-12.943532289846681,,58,elephant,,,,large,penumbra_standard,False,-0.16188709998126072,bias_corrected,small,4.334384472524997,4.496271572506258,size-penumbra_standard-elephant-C50-S43-to58-large_to_small-mshoulder-d0p15-t1,True,shoulder,google/gemma-3-4b-pt,google_gemma_3_4b_pt,lower_standard_increases_bigness,standard_span,stated_standard,True,standard_straddle,small,1,,,-11.053070353730257,-8.447260717340423,base,-2.605809636389834,43,50,penumbra-standard-C50-D0p15-elephant-t1
0.14842000511827333,penumbra_standard:t1,-15.387454826255254,-12.943532289846681,,58,elephant,,,,small,penumbra_standard,False,0.8859576487505914,bias_corrected,small,4.098996279042636,4.984953927793227,size-penumbra_standard-elephant-C50-S43-to58-large_to_small-mshoulder-d0p15-t1,True,shoulder,google/gemma-3-4b-pt,google_gemma_3_4b_pt,lower_standard_increases_bigness,standard_span,stated_standard,True,standard_straddle,small,1,,,-11.288458547212619,-7.958578362053454,cf,3.3298801851591646,43,50,penumbra-standard-C50-D0p15-elephant-t1
0.29266961396281993,penumbra_standard:t1,-15.387454826255254,-12.943532289846681,,37,elephant,,,,small,penumbra_standard,True,1.021732243400388,bias_corrected,small,3.545065950990276,4.566798194390664,size-penumbra_standard-elephant-C50-S67-to37-small_to_large-mshoulder-d0p3-t1,True,shoulder,google/gemma-3-4b-pt,google_gemma_3_4b_pt,lower_standard_increases_bigness,standard_span,stated_standard,False,standard_straddle,small,-1,,,-11.842388875264978,-8.376734095456017,base,3.465654779808961,67,50,penumbra-standard-C50-D0p3-elephant-t1
0.3011050927839216,penumbra_standard:t1,-15.387454826255254,-12.943532289846681,,37,elephant,,,,large,penumbra_standard,True,0.3420254585145859,bias_corrected,large,3.702913775429451,3.360888316914865,size-penumbra_standard-elephant-C50-S67-to37-small_to_large-mshoulder-d0p3-t1,True,shoulder,google/gemma-3-4b-pt,google_gemma_3_4b_pt,lower_standard_increases_bigness,standard_span,stated_standard,False,standard_straddle,small,-1,,,-11.684541050825803,-9.582643972931816,cf,-2.1018970778939874,67,50,penumbra-standard-C50-D0p3-elephant-t1
0.3011050927839216,penumbra_standard:t1,-15.387454826255254,-12.943532289846681,,67,elephant,,,,large,penumbra_standard,True,0.3420254585145859,bias_corrected,large,3.702913775429451,3.360888316914865,size-penumbra_standard-elephant-C50-S37-to67-large_to_small-mshoulder-d0p3-t1,True,shoulder,google/gemma-3-4b-pt,google_gemma_3_4b_pt,lower_standard_increases_bigness,standard_span,stated_standard,False,standard_straddle,small,1,,,-11.684541050825803,-9.582643972931816,base,-2.1018970778939874,37,50,penumbra-standard-C50-D0p3-elephant-t1
0.29266961396281993,penumbra_standard:t1,-15.387454826255254,-12.943532289846681,,67,elephant,,,,small,penumbra_standard,True,1.021732243400388,bias_corrected,small,3.545065950990276,4.566798194390664,size-penumbra_standard-elephant-C50-S37-to67-large_to_small-mshoulder-d0p3-t1,True,shoulder,google/gemma-3-4b-pt,google_gemma_3_4b_pt,lower_standard_increases_bigness,standard_span,stated_standard,False,standard_straddle,small,1,,,-11.842388875264978,-8.376734095456017,cf,3.465654779808961,37,50,penumbra-standard-C50-D0p3-elephant-t1
0.49469624183610705,penumbra_standard:t1,-15.387454826255254,-12.943532289846681,,30,elephant,,,,small,penumbra_standard,True,0.3082470169467548,bias_corrected,small,5.010679766668527,5.318926783615282,size-penumbra_standard-elephant-C50-S82-to30-small_to_large-mclear-d0p5-t1,True,clear,google/gemma-3-4b-pt,google_gemma_3_4b_pt,lower_standard_increases_bigness,standard_span,stated_standard,False,standard_straddle,small,-1,,,-10.376775059586727,-7.624605506231399,base,2.752169553355328,82,50,penumbra-standard-C50-D0p5-elephant-t1
0.5108256237659907,penumbra_standard:t1,-15.387454826255254,-12.943532289846681,,30,elephant,,,,large,penumbra_standard,True,0.6673308034603611,bias_corrected,large,4.496322884738005,3.8289920812776437,size-penumbra_standard-elephant-C50-S82-to30-small_to_large-mclear-d0p5-t1,True,clear,google/gemma-3-4b-pt,google_gemma_3_4b_pt,lower_standard_increases_bigness,standard_span,stated_standard,False,standard_straddle,small,-1,,,-10.89113194151725,-9.114540208569037,cf,-1.7765917329482122,82,50,penumbra-standard-C50-D0p5-elephant-t1
0.5108256237659907,penumbra_standard:t1,-15.387454826255254,-12.943532289846681,,82,elephant,,,,large,penumbra_standard,True,0.6673308034603611,bias_corrected,large,4.496322884738005,3.8289920812776437,size-penumbra_standard-elephant-C50-S30-to82-large_to_small-mclear-d0p5-t1,True,clear,google/gemma-3-4b-pt,google_gemma_3_4b_pt,lower_standard_increases_bigness,standard_span,stated_standard,False,standard_straddle,small,1,,,-10.89113194151725,-9.114540208569037,base,-1.7765917329482122,30,50,penumbra-standard-C50-D0p5-elephant-t1
0.49469624183610705,penumbra_standard:t1,-15.387454826255254,-12.943532289846681,,82,elephant,,,,small,penumbra_standard,True,0.3082470169467548,bias_corrected,small,5.010679766668527,5.318926783615282,size-penumbra_standard-elephant-C50-S30-to82-large_to_small-mclear-d0p5-t1,True,clear,google/gemma-3-4b-pt,google_gemma_3_4b_pt,lower_standard_increases_bigness,standard_span,stated_standard,False,standard_straddle,small,1,,,-10.376775059586727,-7.624605506231399,cf,2.752169553355328,30,50,penumbra-standard-C50-D0p5-elephant-t1
0.019802627296179754,penumbra_standard:t1,-15.387454826255254,-12.943532289846681,,196,elephant,,,,small,penumbra_standard,False,-0.18538609258063943,bias_corrected,large,3.904894454986213,3.7195083624055734,size-penumbra_standard-elephant-C200-S204-to196-small_to_large-mborderline-d0p02-t1,True,borderline,google/gemma-3-4b-pt,google_gemma_3_4b_pt,lower_standard_increases_bigness,standard_span,stated_standard,True,standard_straddle,small,-1,,,-11.482560371269042,-9.224023927441108,base,2.258536443827934,204,200,penumbra-standard-C200-D0p02-elephant-t1
0.02020270731751947,penumbra_standard:t1,-15.387454826255254,-12.943532289846681,,196,elephant,,,,large,penumbra_standard,False,0.6200405961304885,bias_corrected,large,3.842076418202792,3.2220358220723035,size-penumbra_standard-elephant-C200-S204-to196-small_to_large-mborderline-d0p02-t1,True,borderline,google/gemma-3-4b-pt,google_gemma_3_4b_pt,lower_standard_increases_bigness,standard_span,stated_standard,True,standard_straddle,small,-1,,,-11.545378408052462,-9.721496467774378,cf,-1.8238819402780848,204,200,penumbra-standard-C200-D0p02-elephant-t1
0.02020270731751947,penumbra_standard:t1,-15.387454826255254,-12.943532289846681,,204,elephant,,,,large,penumbra_standard,False,0.6200405961304885,bias_corrected,large,3.842076418202792,3.2220358220723035,size-penumbra_standard-elephant-C200-S196-to204-large_to_small-mborderline-d0p02-t1,True,borderline,google/gemma-3-4b-pt,google_gemma_3_4b_pt,lower_standard_increases_bigness,standard_span,stated_standard,True,standard_straddle,small,1,,,-11.545378408052462,-9.721496467774378,base,-1.8238819402780848,196,200,penumbra-standard-C200-D0p02-elephant-t1
0.019802627296179754,penumbra_standard:t1,-15.387454826255254,-12.943532289846681,,204,elephant,,,,small,penumbra_standard,False,-0.18538609258063943,bias_corrected,large,3.904894454986213,3.7195083624055734,size-penumbra_standard-elephant-C200-S196-to204-large_to_small-mborderline-d0p02-t1,True,borderline,google/gemma-3-4b-pt,google_gemma_3_4b_pt,lower_standard_increases_bigness,standard_span,stated_standard,True,standard_straddle,small,1,,,-11.482560371269042,-9.224023927441108,cf,2.258536443827934,196,200,penumbra-standard-C200-D0p02-elephant-t1
0.048790164169432056,penumbra_standard:t1,-15.387454826255254,-12.943532289846681,,190,elephant,,,,small,penumbra_standard,False,-0.015576886020122416,bias_corrected,large,4.204461724176429,4.188884838156307,size-penumbra_standard-elephant-C200-S210-to190-small_to_large-mborderline-d0p05-t1,True,borderline,google/gemma-3-4b-pt,google_gemma_3_4b_pt,lower_standard_increases_bigness,standard_span,stated_standard,True,standard_straddle,small,-1,,,-11.182993102078825,-8.754647451690374,base,2.428345650388451,210,200,penumbra-standard-C200-D0p05-elephant-t1
0.05129329438755048,penumbra_standard:t1,-15.387454826255254,-12.943532289846681,,190,elephant,,,,large,penumbra_standard,False,0.8003749574222567,bias_corrected,large,3.7862796985089417,2.985904741086685,size-penumbra_standard-elephant-C200-S210-to190-small_to_large-mborderline-d0p05-t1,True,borderline,google/gemma-3-4b-pt,google_gemma_3_4b_pt,lower_standard_increases_bigness,standard_span,stated_standard,True,standard_straddle,small,-1,,,-11.601175127746313,-9.957627548759996,cf,-1.6435475789863165,210,200,penumbra-standard-C200-D0p05-elephant-t1
0.05129329438755048,penumbra_standard:t1,-15.387454826255254,-12.943532289846681,,210,elephant,,,,large,penumbra_standard,False,0.8003749574222567,bias_corrected,large,3.7862796985089417,2.985904741086685,size-penumbra_standard-elephant-C200-S190-to210-large_to_small-mborderline-d0p05-t1,True,borderline,google/gemma-3-4b-pt,google_gemma_3_4b_pt,lower_standard_increases_bigness,standard_span,stated_standard,True,standard_straddle,small,1,,,-11.601175127746313,-9.957627548759996,base,-1.6435475789863165,190,200,penumbra-standard-C200-D0p05-elephant-t1
0.048790164169432056,penumbra_standard:t1,-15.387454826255254,-12.943532289846681,,210,elephant,,,,small,penumbra_standard,False,-0.015576886020122416,bias_corrected,large,4.204461724176429,4.188884838156307,size-penumbra_standard-elephant-C200-S190-to210-large_to_small-mborderline-d0p05-t1,True,borderline,google/gemma-3-4b-pt,google_gemma_3_4b_pt,lower_standard_increases_bigness,standard_span,stated_standard,True,standard_straddle,small,1,,,-11.182993102078825,-8.754647451690374,cf,2.428345650388451,190,200,penumbra-standard-C200-D0p05-elephant-t1
0.09984533496971613,penumbra_standard:t1,-15.387454826255254,-12.943532289846681,,181,elephant,,,,small,penumbra_standard,False,-0.5498693107942554,bias_corrected,large,4.735032506289709,4.185163195495454,size-penumbra_standard-elephant-C200-S221-to181-small_to_large-mnear_boundary-d0p1-t1,True,near_boundary,google/gemma-3-4b-pt,google_gemma_3_4b_pt,lower_standard_increases_bigness,standard_span,stated_standard,True,standard_straddle,small,-1,,,-10.652422319965545,-8.758369094351227,base,1.8940532256143179,221,200,penumbra-standard-C200-D0p1-elephant-t1
0.09982033528221099,penumbra_standard:t1,-15.387454826255254,-12.943532289846681,,181,elephant,,,,large,penumbra_standard,False,0.5261857283530738,bias_corrected,large,5.124767904718832,4.598582176365758,size-penumbra_standard-elephant-C200-S221-to181-small_to_large-mnear_boundary-d0p1-t1,True,near_boundary,google/gemma-3-4b-pt,google_gemma_3_4b_pt,lower_standard_increases_bigness,standard_span,stated_standard,True,standard_straddle,small,-1,,,-10.262686921536423,-8.344950113480923,cf,-1.9177368080554995,221,200,penumbra-standard-C200-D0p1-elephant-t1
0.09982033528221099,penumbra_standard:t1,-15.387454826255254,-12.943532289846681,,221,elephant,,,,large,penumbra_standard,False,0.5261857283530738,bias_corrected,large,5.124767904718832,4.598582176365758,size-penumbra_standard-elephant-C200-S181-to221-large_to_small-mnear_boundary-d0p1-t1,True,near_boundary,google/gemma-3-4b-pt,google_gemma_3_4b_pt,lower_standard_increases_bigness,standard_span,stated_standard,True,standard_straddle,small,1,,,-10.262686921536423,-8.344950113480923,base,-1.9177368080554995,181,200,penumbra-standard-C200-D0p1-elephant-t1
0.09984533496971613,penumbra_standard:t1,-15.387454826255254,-12.943532289846681,,221,elephant,,,,small,penumbra_standard,False,-0.5498693107942554,bias_corrected,large,4.735032506289709,4.185163195495454,size-penumbra_standard-elephant-C200-S181-to221-large_to_small-mnear_boundary-d0p1-t1,True,near_boundary,google/gemma-3-4b-pt,google_gemma_3_4b_pt,lower_standard_increases_bigness,standard_span,stated_standard,True,standard_straddle,small,1,,,-10.652422319965545,-8.758369094351227,cf,1.8940532256143179,181,200,penumbra-standard-C200-D0p1-elephant-t1
0.14842000511827333,penumbra_standard:t1,-15.387454826255254,-12.943532289846681,,172,elephant,,,,small,penumbra_standard,False,-0.5451329157139124,bias_corrected,large,4.018602604567295,3.473469688853383,size-penumbra_standard-elephant-C200-S232-to172-small_to_large-mnear_boundary-d0p15-t1,True,near_boundary,google/gemma-3-4b-pt,google_gemma_3_4b_pt,lower_standard_increases_bigness,standard_span,stated_standard,True,standard_straddle,small,-1,,,-11.368852221687959,-9.470062600993298,base,1.8987896206946608,232,200,penumbra-standard-C200-D0p15-elephant-t1
0.1508228897345837,penumbra_standard:t1,-15.387454826255254,-12.943532289846681,,172,elephant,,,,large,penumbra_standard,False,1.2748494194048483,bias_corrected,large,4.86281402075346,3.5879646013486113,size-penumbra_standard-elephant-C200-S232-to172-small_to_large-mnear_boundary-d0p15-t1,True,near_boundary,google/gemma-3-4b-pt,google_gemma_3_4b_pt,lower_standard_increases_bigness,standard_span,stated_standard,True,standard_straddle,small,-1,,,-10.524640805501795,-9.35556768849807,cf,-1.169073117003725,232,200,penumbra-standard-C200-D0p15-elephant-t1
0.1508228897345837,penumbra_standard:t1,-15.387454826255254,-12.943532289846681,,232,elephant,,,,large,penumbra_standard,False,1.2748494194048483,bias_corrected,large,4.86281402075346,3.5879646013486113,size-penumbra_standard-elephant-C200-S172-to232-large_to_small-mshoulder-d0p15-t1,True,shoulder,google/gemma-3-4b-pt,google_gemma_3_4b_pt,lower_standard_increases_bigness,standard_span,stated_standard,True,standard_straddle,small,1,,,-10.524640805501795,-9.35556768849807,base,-1.169073117003725,172,200,penumbra-standard-C200-D0p15-elephant-t1
0.14842000511827333,penumbra_standard:t1,-15.387454826255254,-12.943532289846681,,232,elephant,,,,small,penumbra_standard,False,-0.5451329157139124,bias_corrected,large,4.018602604567295,3.473469688853383,size-penumbra_standard-elephant-C200-S172-to232-large_to_small-mshoulder-d0p15-t1,True,shoulder,google/gemma-3-4b-pt,google_gemma_3_4b_pt,lower_standard_increases_bigness,standard_span,stated_standard,True,standard_straddle,small,1,,,-11.368852221687959,-9.470062600993298,cf,1.8987896206946608,172,200,penumbra-standard-C200-D0p15-elephant-t1
0.30010459245033816,penumbra_standard:t1,-15.387454826255254,-12.943532289846681,,148,elephant,,,,small,penumbra_standard,True,-0.6598669766073559,bias_corrected,large,4.242563481032139,3.582696504424783,size-penumbra_standard-elephant-C200-S270-to148-small_to_large-mshoulder-d0p3-t1,False,shoulder,google/gemma-3-4b-pt,google_gemma_3_4b_pt,lower_standard_increases_bigness,standard_span,stated_standard,False,standard_straddle,small,-1,,base_gate_pred_large_expected_small,-11.144891345223115,-9.360835785421898,base,1.7840555598012173,270,200,penumbra-standard-C200-D0p3-elephant-t1
0.3011050927839216,penumbra_standard:t1,-15.387454826255254,-12.943532289846681,,148,elephant,,,,large,penumbra_standard,True,1.9555349928233454,bias_corrected,large,5.423550253351644,3.468015260528299,size-penumbra_standard-elephant-C200-S270-to148-small_to_large-mshoulder-d0p3-t1,False,shoulder,google/gemma-3-4b-pt,google_gemma_3_4b_pt,lower_standard_increases_bigness,standard_span,stated_standard,False,standard_straddle,small,-1,,base_gate_pred_large_expected_small,-9.96390457290361,-9.475517029318382,cf,-0.48838754358522785,270,200,penumbra-standard-C200-D0p3-elephant-t1
0.3011050927839216,penumbra_standard:t1,-15.387454826255254,-12.943532289846681,,270,elephant,,,,large,penumbra_standard,True,1.9555349928233454,bias_corrected,large,5.423550253351644,3.468015260528299,size-penumbra_standard-elephant-C200-S148-to270-large_to_small-mshoulder-d0p3-t1,False,shoulder,google/gemma-3-4b-pt,google_gemma_3_4b_pt,lower_standard_increases_bigness,standard_span,stated_standard,False,standard_straddle,small,1,,cf_gate_pred_large_expected_small,-9.96390457290361,-9.475517029318382,base,-0.48838754358522785,148,200,penumbra-standard-C200-D0p3-elephant-t1
0.30010459245033816,penumbra_standard:t1,-15.387454826255254,-12.943532289846681,,270,elephant,,,,small,penumbra_standard,True,-0.6598669766073559,bias_corrected,large,4.242563481032139,3.582696504424783,size-penumbra_standard-elephant-C200-S148-to270-large_to_small-mshoulder-d0p3-t1,False,shoulder,google/gemma-3-4b-pt,google_gemma_3_4b_pt,lower_standard_increases_bigness,standard_span,stated_standard,False,standard_straddle,small,1,,cf_gate_pred_large_expected_small,-11.144891345223115,-9.360835785421898,cf,1.7840555598012173,148,200,penumbra-standard-C200-D0p3-elephant-t1
0.5007752879124893,penumbra_standard:t1,-15.387454826255254,-12.943532289846681,,121,elephant,,,,small,penumbra_standard,True,0.1326370867500053,bias_corrected,small,3.5401119835535493,3.6727490703035546,size-penumbra_standard-elephant-C200-S330-to121-small_to_large-mclear-d0p5-t1,True,clear,google/gemma-3-4b-pt,google_gemma_3_4b_pt,lower_standard_increases_bigness,standard_span,stated_standard,False,standard_straddle,small,-1,,,-11.847342842701705,-9.270783219543127,base,2.5765596231585786,330,200,penumbra-standard-C200-D0p5-elephant-t1
0.5025268209512956,penumbra_standard:t1,-15.387454826255254,-12.943532289846681,,121,elephant,,,,large,penumbra_standard,True,1.6570185347175546,bias_corrected,large,5.796726291349202,4.139707756631648,size-penumbra_standard-elephant-C200-S330-to121-small_to_large-mclear-d0p5-t1,True,clear,google/gemma-3-4b-pt,google_gemma_3_4b_pt,lower_standard_increases_bigness,standard_span,stated_standard,False,standard_straddle,small,-1,,,-9.590728534906052,-8.803824533215034,cf,-0.7869040016910187,330,200,penumbra-standard-C200-D0p5-elephant-t1
0.5025268209512956,penumbra_standard:t1,-15.387454826255254,-12.943532289846681,,330,elephant,,,,large,penumbra_standard,True,1.6570185347175546,bias_corrected,large,5.796726291349202,4.139707756631648,size-penumbra_standard-elephant-C200-S121-to330-large_to_small-mclear-d0p5-t1,True,clear,google/gemma-3-4b-pt,google_gemma_3_4b_pt,lower_standard_increases_bigness,standard_span,stated_standard,False,standard_straddle,small,1,,,-9.590728534906052,-8.803824533215034,base,-0.7869040016910187,121,200,penumbra-standard-C200-D0p5-elephant-t1
0.5007752879124893,penumbra_standard:t1,-15.387454826255254,-12.943532289846681,,330,elephant,,,,small,penumbra_standard,True,0.1326370867500053,bias_corrected,small,3.5401119835535493,3.6727490703035546,size-penumbra_standard-elephant-C200-S121-to330-large_to_small-mclear-d0p5-t1,True,clear,google/gemma-3-4b-pt,google_gemma_3_4b_pt,lower_standard_increases_bigness,standard_span,stated_standard,False,standard_straddle,small,1,,,-11.847342842701705,-9.270783219543127,cf,2.5765596231585786,121,200,penumbra-standard-C200-D0p5-elephant-t1
0.019802627296179754,penumbra_standard:t1,-15.387454826255254,-12.943532289846681,,490,elephant,,,,small,penumbra_standard,False,-0.12707047214212963,bias_corrected,large,3.7756849365535956,3.648614464411466,size-penumbra_standard-elephant-C500-S510-to490-small_to_large-mborderline-d0p02-t1,True,borderline,google/gemma-3-4b-pt,google_gemma_3_4b_pt,lower_standard_increases_bigness,standard_span,stated_standard,True,standard_straddle,small,-1,,,-11.611769889701659,-9.294917825435215,base,2.3168520642664436,510,500,penumbra-standard-C500-D0p02-elephant-t1
0.02020270731751947,penumbra_standard:t1,-15.387454826255254,-12.943532289846681,,490,elephant,,,,large,penumbra_standard,False,1.4754577780144746,bias_corrected,large,5.585951485470789,4.110493707456314,size-penumbra_standard-elephant-C500-S510-to490-small_to_large-mborderline-d0p02-t1,True,borderline,google/gemma-3-4b-pt,google_gemma_3_4b_pt,lower_standard_increases_bigness,standard_span,stated_standard,True,standard_straddle,small,-1,,,-9.801503340784466,-8.833038582390367,cf,-0.9684647583940986,510,500,penumbra-standard-C500-D0p02-elephant-t1
0.02020270731751947,penumbra_standard:t1,-15.387454826255254,-12.943532289846681,,510,elephant,,,,large,penumbra_standard,False,1.4754577780144746,bias_corrected,large,5.585951485470789,4.110493707456314,size-penumbra_standard-elephant-C500-S490-to510-large_to_small-mborderline-d0p02-t1,True,borderline,google/gemma-3-4b-pt,google_gemma_3_4b_pt,lower_standard_increases_bigness,standard_span,stated_standard,True,standard_straddle,small,1,,,-9.801503340784466,-8.833038582390367,base,-0.9684647583940986,490,500,penumbra-standard-C500-D0p02-elephant-t1
0.019802627296179754,penumbra_standard:t1,-15.387454826255254,-12.943532289846681,,510,elephant,,,,small,penumbra_standard,False,-0.12707047214212963,bias_corrected,large,3.7756849365535956,3.648614464411466,size-penumbra_standard-elephant-C500-S490-to510-large_to_small-mborderline-d0p02-t1,True,borderline,google/gemma-3-4b-pt,google_gemma_3_4b_pt,lower_standard_increases_bigness,standard_span,stated_standard,True,standard_straddle,small,1,,,-11.611769889701659,-9.294917825435215,cf,2.3168520642664436,490,500,penumbra-standard-C500-D0p02-elephant-t1
0.050693114315518095,penumbra_standard:t1,-15.387454826255254,-12.943532289846681,,476,elephant,,,,small,penumbra_standard,False,-0.6963817020657057,bias_corrected,large,4.2221637802425604,3.5257820781768547,size-penumbra_standard-elephant-C500-S526-to476-small_to_large-mborderline-d0p05-t1,True,borderline,google/gemma-3-4b-pt,google_gemma_3_4b_pt,lower_standard_increases_bigness,standard_span,stated_standard,True,standard_straddle,small,-1,,,-11.165291046012694,-9.417750211669826,base,1.7475408343428676,526,500,penumbra-standard-C500-D0p05-elephant-t1
0.04919024419077178,penumbra_standard:t1,-15.387454826255254,-12.943532289846681,,476,elephant,,,,large,penumbra_standard,False,1.4994657657879085,bias_corrected,large,6.464965291323889,4.96549952553598,size-penumbra_standard-elephant-C500-S526-to476-small_to_large-mborderline-d0p05-t1,True,borderline,google/gemma-3-4b-pt,google_gemma_3_4b_pt,lower_standard_increases_bigness,standard_span,stated_standard,True,standard_straddle,small,-1,,,-8.922489534931366,-7.978032764310701,cf,-0.9444567706206648,526,500,penumbra-standard-C500-D0p05-elephant-t1
0.04919024419077178,penumbra_standard:t1,-15.387454826255254,-12.943532289846681,,526,elephant,,,,large,penumbra_standard,False,1.4994657657879085,bias_corrected,large,6.464965291323889,4.96549952553598,size-penumbra_standard-elephant-C500-S476-to526-large_to_small-mborderline-d0p05-t1,True,borderline,google/gemma-3-4b-pt,google_gemma_3_4b_pt,lower_standard_increases_bigness,standard_span,stated_standard,True,standard_straddle,small,1,,,-8.922489534931366,-7.978032764310701,base,-0.9444567706206648,476,500,penumbra-standard-C500-D0p05-elephant-t1
0.050693114315518095,penumbra_standard:t1,-15.387454826255254,-12.943532289846681,,526,elephant,,,,small,penumbra_standard,False,-0.6963817020657057,bias_corrected,large,4.2221637802425604,3.5257820781768547,size-penumbra_standard-elephant-C500-S476-to526-large_to_small-mborderline-d0p05-t1,True,borderline,google/gemma-3-4b-pt,google_gemma_3_4b_pt,lower_standard_increases_bigness,standard_span,stated_standard,True,standard_straddle,small,1,,,-11.165291046012694,-9.417750211669826,cf,1.7475408343428676,476,500,penumbra-standard-C500-D0p05-elephant-t1
0.10074990310014302,penumbra_standard:t1,-15.387454826255254,-12.943532289846681,,452,elephant,,,,small,penumbra_standard,False,-0.8021309091702271,bias_corrected,large,4.187450525563632,3.3853196163934047,size-penumbra_standard-elephant-C500-S553-to452-small_to_large-mnear_boundary-d0p1-t1,True,near_boundary,google/gemma-3-4b-pt,google_gemma_3_4b_pt,lower_standard_increases_bigness,standard_span,stated_standard,True,standard_straddle,small,-1,,,-11.200004300691623,-9.558212673453276,base,1.6417916272383462,553,500,penumbra-standard-C500-D0p1-elephant-t1
0.1009259185899605,penumbra_standard:t1,-15.387454826255254,-12.943532289846681,,452,elephant,,,,large,penumbra_standard,False,1.3919625033906993,bias_corrected,large,5.48745194050743,4.095489437116731,size-penumbra_standard-elephant-C500-S553-to452-small_to_large-mnear_boundary-d0p1-t1,True,near_boundary,google/gemma-3-4b-pt,google_gemma_3_4b_pt,lower_standard_increases_bigness,standard_span,stated_standard,True,standard_straddle,small,-1,,,-9.900002885747824,-8.84804285272995,cf,-1.051960033017874,553,500,penumbra-standard-C500-D0p1-elephant-t1
0.1009259185899605,penumbra_standard:t1,-15.387454826255254,-12.943532289846681,,553,elephant,,,,large,penumbra_standard,False,1.3919625033906993,bias_corrected,large,5.48745194050743,4.095489437116731,size-penumbra_standard-elephant-C500-S452-to553-large_to_small-mnear_boundary-d0p1-t1,True,near_boundary,google/gemma-3-4b-pt,google_gemma_3_4b_pt,lower_standard_increases_bigness,standard_span,stated_standard,True,standard_straddle,small,1,,,-9.900002885747824,-8.84804285272995,base,-1.051960033017874,452,500,penumbra-standard-C500-D0p1-elephant-t1
0.10074990310014302,penumbra_standard:t1,-15.387454826255254,-12.943532289846681,,553,elephant,,,,small,penumbra_standard,False,-0.8021309091702271,bias_corrected,large,4.187450525563632,3.3853196163934047,size-penumbra_standard-elephant-C500-S452-to553-large_to_small-mnear_boundary-d0p1-t1,True,near_boundary,google/gemma-3-4b-pt,google_gemma_3_4b_pt,lower_standard_increases_bigness,standard_span,stated_standard,True,standard_straddle,small,1,,,-11.200004300691623,-9.558212673453276,cf,1.6417916272383462,452,500,penumbra-standard-C500-D0p1-elephant-t1
0.019802627296179754,penumbra_standard:t1,-15.387454826255254,-12.943532289846681,,49,glorb,,,,small,penumbra_standard,False,0.33071500920007857,bias_corrected,small,2.2002904011303315,2.53100541033041,size-penumbra_standard-glorb-C50-S51-to49-small_to_large-mborderline-d0p02-t1,True,borderline,google/gemma-3-4b-pt,google_gemma_3_4b_pt,lower_standard_increases_bigness,standard_span,stated_standard,True,standard_straddle,small,-1,,,-13.187164425124923,-10.412526879516271,base,2.774637545608652,51,50,penumbra-standard-C50-D0p02-glorb-t1
0.02020270731751947,penumbra_standard:t1,-15.387454826255254,-12.943532289846681,,49,glorb,,,,large,penumbra_standard,False,0.15292485637285047,bias_corrected,large,2.9536462814822126,2.800721425109362,size-penumbra_standard-glorb-C50-S51-to49-small_to_large-mborderline-d0p02-t1,True,borderline,google/gemma-3-4b-pt,google_gemma_3_4b_pt,lower_standard_increases_bigness,standard_span,stated_standard,True,standard_straddle,small,-1,,,-12.433808544773042,-10.142810864737319,cf,-2.290997680035723,51,50,penumbra-standard-C50-D0p02-glorb-t1
0.02020270731751947,penumbra_standard:t1,-15.387454826255254,-12.943532289846681,,51,glorb,,,,large,penumbra_standard,False,0.15292485637285047,bias_corrected,large,2.9536462814822126,2.800721425109362,size-penumbra_standard-glorb-C50-S49-to51-large_to_small-mborderline-d0p02-t1,True,borderline,google/gemma-3-4b-pt,google_gemma_3_4b_pt,lower_standard_increases_bigness,standard_span,stated_standard,True,standard_straddle,small,1,,,-12.433808544773042,-10.142810864737319,base,-2.290997680035723,49,50,penumbra-standard-C50-D0p02-glorb-t1
0.019802627296179754,penumbra_standard:t1,-15.387454826255254,-12.943532289846681,,51,glorb,,,,small,penumbra_standard,False,0.33071500920007857,bias_corrected,small,2.2002904011303315,2.53100541033041,size-penumbra_standard-glorb-C50-S49-to51-large_to_small-mborderline-d0p02-t1,True,borderline,google/gemma-3-4b-pt,google_gemma_3_4b_pt,lower_standard_increases_bigness,standard_span,stated_standard,True,standard_straddle,small,1,,,-13.187164425124923,-10.412526879516271,cf,2.774637545608652,49,50,penumbra-standard-C50-D0p02-glorb-t1
0.05826890812397576,penumbra_standard:t1,-15.387454826255254,-12.943532289846681,,48,glorb,,,,small,penumbra_standard,False,0.9271374888726633,bias_corrected,small,2.269545945749739,3.1966834346224022,size-penumbra_standard-glorb-C50-S53-to48-small_to_large-mborderline-d0p05-t1,True,borderline,google/gemma-3-4b-pt,google_gemma_3_4b_pt,lower_standard_increases_bigness,standard_span,stated_standard,True,standard_straddle,small,-1,,,-13.117908880505516,-9.746848855224279,base,3.3710600252812366,53,50,penumbra-standard-C50-D0p05-glorb-t1
0.0408219945202552,penumbra_standard:t1,-15.387454826255254,-12.943532289846681,,48,glorb,,,,large,penumbra_standard,False,0.20945968362259748,bias_corrected,large,3.2779396356387487,3.068479952016151,size-penumbra_standard-glorb-C50-S53-to48-small_to_large-mborderline-d0p05-t1,True,borderline,google/gemma-3-4b-pt,google_gemma_3_4b_pt,lower_standard_increases_bigness,standard_span,stated_standard,True,standard_straddle,small,-1,,,-12.109515190616506,-9.87505233783053,cf,-2.234462852785976,53,50,penumbra-standard-C50-D0p05-glorb-t1
0.0408219945202552,penumbra_standard:t1,-15.387454826255254,-12.943532289846681,,53,glorb,,,,large,penumbra_standard,False,0.20945968362259748,bias_corrected,large,3.2779396356387487,3.068479952016151,size-penumbra_standard-glorb-C50-S48-to53-large_to_small-mborderline-d0p05-t1,True,borderline,google/gemma-3-4b-pt,google_gemma_3_4b_pt,lower_standard_increases_bigness,standard_span,stated_standard,True,standard_straddle,small,1,,,-12.109515190616506,-9.87505233783053,base,-2.234462852785976,48,50,penumbra-standard-C50-D0p05-glorb-t1
0.05826890812397576,penumbra_standard:t1,-15.387454826255254,-12.943532289846681,,53,glorb,,,,small,penumbra_standard,False,0.9271374888726633,bias_corrected,small,2.269545945749739,3.1966834346224022,size-penumbra_standard-glorb-C50-S48-to53-large_to_small-mborderline-d0p05-t1,True,borderline,google/gemma-3-4b-pt,google_gemma_3_4b_pt,lower_standard_increases_bigness,standard_span,stated_standard,True,standard_straddle,small,1,,,-13.117908880505516,-9.746848855224279,cf,3.3710600252812366,48,50,penumbra-standard-C50-D0p05-glorb-t1
0.0953101798043249,penumbra_standard:t1,-15.387454826255254,-12.943532289846681,,45,glorb,,,,small,penumbra_standard,False,0.44238616249677776,bias_corrected,small,2.2664173674866195,2.7088035299833972,size-penumbra_standard-glorb-C50-S55-to45-small_to_large-mnear_boundary-d0p1-t1,True,near_boundary,google/gemma-3-4b-pt,google_gemma_3_4b_pt,lower_standard_increases_bigness,standard_span,stated_standard,True,standard_straddle,small,-1,,,-13.121037458768635,-10.234728759863284,base,2.886308698905351,55,50,penumbra-standard-C50-D0p1-glorb-t1
0.10536051565782635,penumbra_standard:t1,-15.387454826255254,-12.943532289846681,,45,glorb,,,,large,penumbra_standard,False,0.32903903211458996,bias_corrected,large,3.305330961375182,2.976291929260592,size-penumbra_standard-glorb-C50-S55-to45-small_to_large-mnear_boundary-d0p1-t1,True,near_boundary,google/gemma-3-4b-pt,google_gemma_3_4b_pt,lower_standard_increases_bigness,standard_span,stated_standard,True,standard_straddle,small,-1,,,-12.082123864880073,-9.96724036058609,cf,-2.1148835042939833,55,50,penumbra-standard-C50-D0p1-glorb-t1
0.10536051565782635,penumbra_standard:t1,-15.387454826255254,-12.943532289846681,,55,glorb,,,,large,penumbra_standard,False,0.32903903211458996,bias_corrected,large,3.305330961375182,2.976291929260592,size-penumbra_standard-glorb-C50-S45-to55-large_to_small-mnear_boundary-d0p1-t1,True,near_boundary,google/gemma-3-4b-pt,google_gemma_3_4b_pt,lower_standard_increases_bigness,standard_span,stated_standard,True,standard_straddle,small,1,,,-12.082123864880073,-9.96724036058609,base,-2.1148835042939833,45,50,penumbra-standard-C50-D0p1-glorb-t1
0.0953101798043249,penumbra_standard:t1,-15.387454826255254,-12.943532289846681,,55,glorb,,,,small,penumbra_standard,False,0.44238616249677776,bias_corrected,small,2.2664173674866195,2.7088035299833972,size-penumbra_standard-glorb-C50-S45-to55-large_to_small-mnear_boundary-d0p1-t1,True,near_boundary,google/gemma-3-4b-pt,google_gemma_3_4b_pt,lower_standard_increases_bigness,standard_span,stated_standard,True,standard_straddle,small,1,,,-13.121037458768635,-10.234728759863284,cf,2.886308698905351,45,50,penumbra-standard-C50-D0p1-glorb-t1
0.14842000511827333,penumbra_standard:t1,-15.387454826255254,-12.943532289846681,,43,glorb,,,,small,penumbra_standard,False,0.5385404188026985,bias_corrected,small,2.5056352726338034,3.044175691436502,size-penumbra_standard-glorb-C50-S58-to43-small_to_large-mnear_boundary-d0p15-t1,True,near_boundary,google/gemma-3-4b-pt,google_gemma_3_4b_pt,lower_standard_increases_bigness,standard_span,stated_standard,True,standard_straddle,small,-1,,,-12.881819553621451,-9.89935659841018,base,2.982462955211272,58,50,penumbra-standard-C50-D0p15-glorb-t1
0.1508228897345837,penumbra_standard:t1,-15.387454826255254,-12.943532289846681,,43,glorb,,,,large,penumbra_standard,False,-0.2408739001200999,bias_corrected,small,3.3496732425140223,3.5905471426341222,size-penumbra_standard-glorb-C50-S58-to43-small_to_large-mnear_boundary-d0p15-t1,True,near_boundary,google/gemma-3-4b-pt,google_gemma_3_4b_pt,lower_standard_increases_bigness,standard_span,stated_standard,True,standard_straddle,small,-1,,,-12.037781583741232,-9.352985147212559,cf,-2.684796436528673,58,50,penumbra-standard-C50-D0p15-glorb-t1
0.1508228897345837,penumbra_standard:t1,-15.387454826255254,-12.943532289846681,,58,glorb,,,,large,penumbra_standard,False,-0.2408739001200999,bias_corrected,small,3.3496732425140223,3.5905471426341222,size-penumbra_standard-glorb-C50-S43-to58-large_to_small-mshoulder-d0p15-t1,True,shoulder,google/gemma-3-4b-pt,google_gemma_3_4b_pt,lower_standard_increases_bigness,standard_span,stated_standard,True,standard_straddle,small,1,,,-12.037781583741232,-9.352985147212559,base,-2.684796436528673,43,50,penumbra-standard-C50-D0p15-glorb-t1
0.14842000511827333,penumbra_standard:t1,-15.387454826255254,-12.943532289846681,,58,glorb,,,,small,penumbra_standard,False,0.5385404188026985,bias_corrected,small,2.5056352726338034,3.044175691436502,size-penumbra_standard-glorb-C50-S43-to58-large_to_small-mshoulder-d0p15-t1,True,shoulder,google/gemma-3-4b-pt,google_gemma_3_4b_pt,lower_standard_increases_bigness,standard_span,stated_standard,True,standard_straddle,small,1,,,-12.881819553621451,-9.89935659841018,cf,2.982462955211272,43,50,penumbra-standard-C50-D0p15-glorb-t1
0.29266961396281993,penumbra_standard:t1,-15.387454826255254,-12.943532289846681,,37,glorb,,,,small,penumbra_standard,True,0.3307070649060879,bias_corrected,small,2.7052379212367494,3.0359449861428374,size-penumbra_standard-glorb-C50-S67-to37-small_to_large-mshoulder-d0p3-t1,True,shoulder,google/gemma-3-4b-pt,google_gemma_3_4b_pt,lower_standard_increases_bigness,standard_span,stated_standard,False,standard_straddle,small,-1,,,-12.682216905018505,-9.907587303703844,base,2.774629601314661,67,50,penumbra-standard-C50-D0p3-glorb-t1
0.3011050927839216,penumbra_standard:t1,-15.387454826255254,-12.943532289846681,,37,glorb,,,,large,penumbra_standard,True,0.3736183871054948,bias_corrected,large,3.109828960072768,2.7362105729672734,size-penumbra_standard-glorb-C50-S67-to37-small_to_large-mshoulder-d0p3-t1,True,shoulder,google/gemma-3-4b-pt,google_gemma_3_4b_pt,lower_standard_increases_bigness,standard_span,stated_standard,False,standard_straddle,small,-1,,,-12.277625866182486,-10.207321716879408,cf,-2.0703041493030785,67,50,penumbra-standard-C50-D0p3-glorb-t1
0.3011050927839216,penumbra_standard:t1,-15.387454826255254,-12.943532289846681,,67,glorb,,,,large,penumbra_standard,True,0.3736183871054948,bias_corrected,large,3.109828960072768,2.7362105729672734,size-penumbra_standard-glorb-C50-S37-to67-large_to_small-mshoulder-d0p3-t1,True,shoulder,google/gemma-3-4b-pt,google_gemma_3_4b_pt,lower_standard_increases_bigness,standard_span,stated_standard,False,standard_straddle,small,1,,,-12.277625866182486,-10.207321716879408,base,-2.0703041493030785,37,50,penumbra-standard-C50-D0p3-glorb-t1
0.29266961396281993,penumbra_standard:t1,-15.387454826255254,-12.943532289846681,,67,glorb,,,,small,penumbra_standard,True,0.3307070649060879,bias_corrected,small,2.7052379212367494,3.0359449861428374,size-penumbra_standard-glorb-C50-S37-to67-large_to_small-mshoulder-d0p3-t1,True,shoulder,google/gemma-3-4b-pt,google_gemma_3_4b_pt,lower_standard_increases_bigness,standard_span,stated_standard,False,standard_straddle,small,1,,,-12.682216905018505,-9.907587303703844,cf,2.774629601314661,37,50,penumbra-standard-C50-D0p3-glorb-t1
0.49469624183610705,penumbra_standard:t1,-15.387454826255254,-12.943532289846681,,30,glorb,,,,small,penumbra_standard,True,-0.22425101537885794,bias_corrected,large,3.2583017926208715,3.0340507772420136,size-penumbra_standard-glorb-C50-S82-to30-small_to_large-mclear-d0p5-t1,False,clear,google/gemma-3-4b-pt,google_gemma_3_4b_pt,lower_standard_increases_bigness,standard_span,stated_standard,False,standard_straddle,small,-1,,base_gate_pred_large_expected_small,-12.129153033634383,-9.909481512604668,base,2.2196715210297153,82,50,penumbra-standard-C50-D0p5-glorb-t1
0.5108256237659907,penumbra_standard:t1,-15.387454826255254,-12.943532289846681,,30,glorb,,,,large,penumbra_standard,True,0.3835639562908515,bias_corrected,large,3.3711194122684276,2.987555455977576,size-penumbra_standard-glorb-C50-S82-to30-small_to_large-mclear-d0p5-t1,False,clear,google/gemma-3-4b-pt,google_gemma_3_4b_pt,lower_standard_increases_bigness,standard_span,stated_standard,False,standard_straddle,small,-1,,base_gate_pred_large_expected_small,-12.016335413986827,-9.955976833869105,cf,-2.0603585801177218,82,50,penumbra-standard-C50-D0p5-glorb-t1
0.5108256237659907,penumbra_standard:t1,-15.387454826255254,-12.943532289846681,,82,glorb,,,,large,penumbra_standard,True,0.3835639562908515,bias_corrected,large,3.3711194122684276,2.987555455977576,size-penumbra_standard-glorb-C50-S30-to82-large_to_small-mclear-d0p5-t1,False,clear,google/gemma-3-4b-pt,google_gemma_3_4b_pt,lower_standard_increases_bigness,standard_span,stated_standard,False,standard_straddle,small,1,,cf_gate_pred_large_expected_small,-12.016335413986827,-9.955976833869105,base,-2.0603585801177218,30,50,penumbra-standard-C50-D0p5-glorb-t1
0.49469624183610705,penumbra_standard:t1,-15.387454826255254,-12.943532289846681,,82,glorb,,,,small,penumbra_standard,True,-0.22425101537885794,bias_corrected,large,3.2583017926208715,3.0340507772420136,size-penumbra_standard-glorb-C50-S30-to82-large_to_small-mclear-d0p5-t1,False,clear,google/gemma-3-4b-pt,google_gemma_3_4b_pt,lower_standard_increases_bigness,standard_span,stated_standard,False,standard_straddle,small,1,,cf_gate_pred_large_expected_small,-12.129153033634383,-9.909481512604668,cf,2.2196715210297153,30,50,penumbra-standard-C50-D0p5-glorb-t1
0.019802627296179754,penumbra_standard:t1,-15.387454826255254,-12.943532289846681,,196,glorb,,,,small,penumbra_standard,False,-0.9897592535206989,bias_corrected,large,1.8742874109141194,0.8845281573934205,size-penumbra_standard-glorb-C200-S204-to196-small_to_large-mborderline-d0p02-t1,True,borderline,google/gemma-3-4b-pt,google_gemma_3_4b_pt,lower_standard_increases_bigness,standard_span,stated_standard,True,standard_straddle,small,-1,,,-13.513167415341135,-12.05900413245326,base,1.4541632828878743,204,200,penumbra-standard-C200-D0p02-glorb-t1
0.02020270731751947,penumbra_standard:t1,-15.387454826255254,-12.943532289846681,,196,glorb,,,,large,penumbra_standard,False,0.7701318490403004,bias_corrected,large,1.5577842961735815,0.7876524471332811,size-penumbra_standard-glorb-C200-S204-to196-small_to_large-mborderline-d0p02-t1,True,borderline,google/gemma-3-4b-pt,google_gemma_3_4b_pt,lower_standard_increases_bigness,standard_span,stated_standard,True,standard_straddle,small,-1,,,-13.829670530081673,-12.1558798427134,cf,-1.6737906873682729,204,200,penumbra-standard-C200-D0p02-glorb-t1
0.02020270731751947,penumbra_standard:t1,-15.387454826255254,-12.943532289846681,,204,glorb,,,,large,penumbra_standard,False,0.7701318490403004,bias_corrected,large,1.5577842961735815,0.7876524471332811,size-penumbra_standard-glorb-C200-S196-to204-large_to_small-mborderline-d0p02-t1,True,borderline,google/gemma-3-4b-pt,google_gemma_3_4b_pt,lower_standard_increases_bigness,standard_span,stated_standard,True,standard_straddle,small,1,,,-13.829670530081673,-12.1558798427134,base,-1.6737906873682729,196,200,penumbra-standard-C200-D0p02-glorb-t1
0.019802627296179754,penumbra_standard:t1,-15.387454826255254,-12.943532289846681,,204,glorb,,,,small,penumbra_standard,False,-0.9897592535206989,bias_corrected,large,1.8742874109141194,0.8845281573934205,size-penumbra_standard-glorb-C200-S196-to204-large_to_small-mborderline-d0p02-t1,True,borderline,google/gemma-3-4b-pt,google_gemma_3_4b_pt,lower_standard_increases_bigness,standard_span,stated_standard,True,standard_straddle,small,1,,,-13.513167415341135,-12.05900413245326,cf,1.4541632828878743,196,200,penumbra-standard-C200-D0p02-glorb-t1
0.048790164169432056,penumbra_standard:t1,-15.387454826255254,-12.943532289846681,,190,glorb,,,,small,penumbra_standard,False,-0.5975255828490251,bias_corrected,large,2.5579199931184,1.9603944102693749,size-penumbra_standard-glorb-C200-S210-to190-small_to_large-mborderline-d0p05-t1,True,borderline,google/gemma-3-4b-pt,google_gemma_3_4b_pt,lower_standard_increases_bigness,standard_span,stated_standard,True,standard_straddle,small,-1,,,-12.829534833136854,-10.983137879577306,base,1.8463969535595481,210,200,penumbra-standard-C200-D0p05-glorb-t1
0.05129329438755048,penumbra_standard:t1,-15.387454826255254,-12.943532289846681,,190,glorb,,,,large,penumbra_standard,False,0.8127940405808847,bias_corrected,large,1.9673208328346998,1.1545267922538152,size-penumbra_standard-glorb-C200-S210-to190-small_to_large-mborderline-d0p05-t1,True,borderline,google/gemma-3-4b-pt,google_gemma_3_4b_pt,lower_standard_increases_bigness,standard_span,stated_standard,True,standard_straddle,small,-1,,,-13.420133993420555,-11.789005497592866,cf,-1.6311284958276886,210,200,penumbra-standard-C200-D0p05-glorb-t1
0.05129329438755048,penumbra_standard:t1,-15.387454826255254,-12.943532289846681,,210,glorb,,,,large,penumbra_standard,False,0.8127940405808847,bias_corrected,large,1.9673208328346998,1.1545267922538152,size-penumbra_standard-glorb-C200-S190-to210-large_to_small-mborderline-d0p05-t1,True,borderline,google/gemma-3-4b-pt,google_gemma_3_4b_pt,lower_standard_increases_bigness,standard_span,stated_standard,True,standard_straddle,small,1,,,-13.420133993420555,-11.789005497592866,base,-1.6311284958276886,190,200,penumbra-standard-C200-D0p05-glorb-t1
0.048790164169432056,penumbra_standard:t1,-15.387454826255254,-12.943532289846681,,210,glorb,,,,small,penumbra_standard,False,-0.5975255828490251,bias_corrected,large,2.5579199931184,1.9603944102693749,size-penumbra_standard-glorb-C200-S190-to210-large_to_small-mborderline-d0p05-t1,True,borderline,google/gemma-3-4b-pt,google_gemma_3_4b_pt,lower_standard_increases_bigness,standard_span,stated_standard,True,standard_straddle,small,1,,,-12.829534833136854,-10.983137879577306,cf,1.8463969535595481,190,200,penumbra-standard-C200-D0p05-glorb-t1
0.09984533496971613,penumbra_standard:t1,-15.387454826255254,-12.943532289846681,,181,glorb,,,,small,penumbra_standard,False,-0.9669082271461917,bias_corrected,large,2.524968437337982,1.5580602101917904,size-penumbra_standard-glorb-C200-S221-to181-small_to_large-mnear_boundary-d0p1-t1,True,near_boundary,google/gemma-3-4b-pt,google_gemma_3_4b_pt,lower_standard_increases_bigness,standard_span,stated_standard,True,standard_straddle,small,-1,,,-12.862486388917272,-11.38547207965489,base,1.4770143092623815,221,200,penumbra-standard-C200-D0p1-glorb-t1
0.09982033528221099,penumbra_standard:t1,-15.387454826255254,-12.943532289846681,,181,glorb,,,,large,penumbra_standard,False,0.7861551369129618,bias_corrected,large,2.599424362182617,1.8132692252696554,size-penumbra_standard-glorb-C200-S221-to181-small_to_large-mnear_boundary-d0p1-t1,True,near_boundary,google/gemma-3-4b-pt,google_gemma_3_4b_pt,lower_standard_increases_bigness,standard_span,stated_standard,True,standard_straddle,small,-1,,,-12.788030464072637,-11.130263064577026,cf,-1.6577673994956115,221,200,penumbra-standard-C200-D0p1-glorb-t1
0.09982033528221099,penumbra_standard:t1,-15.387454826255254,-12.943532289846681,,221,glorb,,,,large,penumbra_standard,False,0.7861551369129618,bias_corrected,large,2.599424362182617,1.8132692252696554,size-penumbra_standard-glorb-C200-S181-to221-large_to_small-mnear_boundary-d0p1-t1,True,near_boundary,google/gemma-3-4b-pt,google_gemma_3_4b_pt,lower_standard_increases_bigness,standard_span,stated_standard,True,standard_straddle,small,1,,,-12.788030464072637,-11.130263064577026,base,-1.6577673994956115,181,200,penumbra-standard-C200-D0p1-glorb-t1
0.09984533496971613,penumbra_standard:t1,-15.387454826255254,-12.943532289846681,,221,glorb,,,,small,penumbra_standard,False,-0.9669082271461917,bias_corrected,large,2.524968437337982,1.5580602101917904,size-penumbra_standard-glorb-C200-S181-to221-large_to_small-mnear_boundary-d0p1-t1,True,near_boundary,google/gemma-3-4b-pt,google_gemma_3_4b_pt,lower_standard_increases_bigness,standard_span,stated_standard,True,standard_straddle,small,1,,,-12.862486388917272,-11.38547207965489,cf,1.4770143092623815,181,200,penumbra-standard-C200-D0p1-glorb-t1
0.14842000511827333,penumbra_standard:t1,-15.387454826255254,-12.943532289846681,,172,glorb,,,,small,penumbra_standard,False,-0.41062930045712065,bias_corrected,large,1.9321380219447573,1.5215087214876366,size-penumbra_standard-glorb-C200-S232-to172-small_to_large-mnear_boundary-d0p15-t1,True,near_boundary,google/gemma-3-4b-pt,google_gemma_3_4b_pt,lower_standard_increases_bigness,standard_span,stated_standard,True,standard_straddle,small,-1,,,-13.455316804310497,-11.422023568359045,base,2.0332932359514526,232,200,penumbra-standard-C200-D0p15-glorb-t1
0.1508228897345837,penumbra_standard:t1,-15.387454826255254,-12.943532289846681,,172,glorb,,,,large,penumbra_standard,False,1.3197368111764654,bias_corrected,large,2.642868544211666,1.3231317330352006,size-penumbra_standard-glorb-C200-S232-to172-small_to_large-mnear_boundary-d0p15-t1,True,near_boundary,google/gemma-3-4b-pt,google_gemma_3_4b_pt,lower_standard_increases_bigness,standard_span,stated_standard,True,standard_straddle,small,-1,,,-12.744586282043588,-11.62040055681148,cf,-1.124185725232108,232,200,penumbra-standard-C200-D0p15-glorb-t1
0.1508228897345837,penumbra_standard:t1,-15.387454826255254,-12.943532289846681,,232,glorb,,,,large,penumbra_standard,False,1.3197368111764654,bias_corrected,large,2.642868544211666,1.3231317330352006,size-penumbra_standard-glorb-C200-S172-to232-large_to_small-mshoulder-d0p15-t1,True,shoulder,google/gemma-3-4b-pt,google_gemma_3_4b_pt,lower_standard_increases_bigness,standard_span,stated_standard,True,standard_straddle,small,1,,,-12.744586282043588,-11.62040055681148,base,-1.124185725232108,172,200,penumbra-standard-C200-D0p15-glorb-t1
0.14842000511827333,penumbra_standard:t1,-15.387454826255254,-12.943532289846681,,232,glorb,,,,small,penumbra_standard,False,-0.41062930045712065,bias_corrected,large,1.9321380219447573,1.5215087214876366,size-penumbra_standard-glorb-C200-S172-to232-large_to_small-mshoulder-d0p15-t1,True,shoulder,google/gemma-3-4b-pt,google_gemma_3_4b_pt,lower_standard_increases_bigness,standard_span,stated_standard,True,standard_straddle,small,1,,,-13.455316804310497,-11.422023568359045,cf,2.0332932359514526,172,200,penumbra-standard-C200-D0p15-glorb-t1
0.30010459245033816,penumbra_standard:t1,-15.387454826255254,-12.943532289846681,,148,glorb,,,,small,penumbra_standard,True,-1.0783713387189255,bias_corrected,large,2.4083762309113688,1.3300048921924432,size-penumbra_standard-glorb-C200-S270-to148-small_to_large-mshoulder-d0p3-t1,False,shoulder,google/gemma-3-4b-pt,google_gemma_3_4b_pt,lower_standard_increases_bigness,standard_span,stated_standard,False,standard_straddle,small,-1,,base_gate_pred_large_expected_small,-12.979078595343886,-11.613527397654238,base,1.3655511976896477,270,200,penumbra-standard-C200-D0p3-glorb-t1
0.3011050927839216,penumbra_standard:t1,-15.387454826255254,-12.943532289846681,,148,glorb,,,,large,penumbra_standard,True,1.5747184046963945,bias_corrected,large,3.207397472035659,1.6326790673392644,size-penumbra_standard-glorb-C200-S270-to148-small_to_large-mshoulder-d0p3-t1,False,shoulder,google/gemma-3-4b-pt,google_gemma_3_4b_pt,lower_standard_increases_bigness,standard_span,stated_standard,False,standard_straddle,small,-1,,base_gate_pred_large_expected_small,-12.180057354219596,-11.310853222507417,cf,-0.8692041317121788,270,200,penumbra-standard-C200-D0p3-glorb-t1
0.3011050927839216,penumbra_standard:t1,-15.387454826255254,-12.943532289846681,,270,glorb,,,,large,penumbra_standard,True,1.5747184046963945,bias_corrected,large,3.207397472035659,1.6326790673392644,size-penumbra_standard-glorb-C200-S148-to270-large_to_small-mshoulder-d0p3-t1,False,shoulder,google/gemma-3-4b-pt,google_gemma_3_4b_pt,lower_standard_increases_bigness,standard_span,stated_standard,False,standard_straddle,small,1,,cf_gate_pred_large_expected_small,-12.180057354219596,-11.310853222507417,base,-0.8692041317121788,148,200,penumbra-standard-C200-D0p3-glorb-t1
0.30010459245033816,penumbra_standard:t1,-15.387454826255254,-12.943532289846681,,270,glorb,,,,small,penumbra_standard,True,-1.0783713387189255,bias_corrected,large,2.4083762309113688,1.3300048921924432,size-penumbra_standard-glorb-C200-S148-to270-large_to_small-mshoulder-d0p3-t1,False,shoulder,google/gemma-3-4b-pt,google_gemma_3_4b_pt,lower_standard_increases_bigness,standard_span,stated_standard,False,standard_straddle,small,1,,cf_gate_pred_large_expected_small,-12.979078595343886,-11.613527397654238,cf,1.3655511976896477,148,200,penumbra-standard-C200-D0p3-glorb-t1
0.5007752879124893,penumbra_standard:t1,-15.387454826255254,-12.943532289846681,,121,glorb,,,,small,penumbra_standard,True,0.05209885257699298,bias_corrected,small,2.6943286355661105,2.7464274881431034,size-penumbra_standard-glorb-C200-S330-to121-small_to_large-mclear-d0p5-t1,False,clear,google/gemma-3-4b-pt,google_gemma_3_4b_pt,lower_standard_increases_bigness,standard_span,stated_standard,False,standard_straddle,small,-1,,base_gate_margin_below_0.1,-12.693126190689144,-10.197104801703578,base,2.4960213889855662,330,200,penumbra-standard-C200-D0p5-glorb-t1
0.5025268209512956,penumbra_standard:t1,-15.387454826255254,-12.943532289846681,,121,glorb,,,,large,penumbra_standard,True,1.1394801732867403,bias_corrected,large,3.4959387321903037,2.3564585589035634,size-penumbra_standard-glorb-C200-S330-to121-small_to_large-mclear-d0p5-t1,False,clear,google/gemma-3-4b-pt,google_gemma_3_4b_pt,lower_standard_increases_bigness,standard_span,stated_standard,False,standard_straddle,small,-1,,base_gate_margin_below_0.1,-11.89151609406495,-10.587073730943118,cf,-1.304442363121833,330,200,penumbra-standard-C200-D0p5-glorb-t1
0.5025268209512956,penumbra_standard:t1,-15.387454826255254,-12.943532289846681,,330,glorb,,,,large,penumbra_standard,True,1.1394801732867403,bias_corrected,large,3.4959387321903037,2.3564585589035634,size-penumbra_standard-glorb-C200-S121-to330-large_to_small-mclear-d0p5-t1,False,clear,google/gemma-3-4b-pt,google_gemma_3_4b_pt,lower_standard_increases_bigness,standard_span,stated_standard,False,standard_straddle,small,1,,cf_gate_margin_below_0.1,-11.89151609406495,-10.587073730943118,base,-1.304442363121833,121,200,penumbra-standard-C200-D0p5-glorb-t1
0.5007752879124893,penumbra_standard:t1,-15.387454826255254,-12.943532289846681,,330,glorb,,,,small,penumbra_standard,True,0.05209885257699298,bias_corrected,small,2.6943286355661105,2.7464274881431034,size-penumbra_standard-glorb-C200-S121-to330-large_to_small-mclear-d0p5-t1,False,clear,google/gemma-3-4b-pt,google_gemma_3_4b_pt,lower_standard_increases_bigness,standard_span,stated_standard,False,standard_straddle,small,1,,cf_gate_margin_below_0.1,-12.693126190689144,-10.197104801703578,cf,2.4960213889855662,121,200,penumbra-standard-C200-D0p5-glorb-t1
0.019802627296179754,penumbra_standard:t1,-15.387454826255254,-12.943532289846681,,490,glorb,,,,small,penumbra_standard,False,-0.0011460574062329698,bias_corrected,large,2.7057331431821687,2.7045870857759358,size-penumbra_standard-glorb-C500-S510-to490-small_to_large-mborderline-d0p02-t1,True,borderline,google/gemma-3-4b-pt,google_gemma_3_4b_pt,lower_standard_increases_bigness,standard_span,stated_standard,True,standard_straddle,small,-1,,,-12.681721683073086,-10.238945204070745,base,2.4427764790023403,510,500,penumbra-standard-C500-D0p02-glorb-t1
0.02020270731751947,penumbra_standard:t1,-15.387454826255254,-12.943532289846681,,490,glorb,,,,large,penumbra_standard,False,1.300240197493963,bias_corrected,large,3.925485668658469,2.625245471164506,size-penumbra_standard-glorb-C500-S510-to490-small_to_large-mborderline-d0p02-t1,True,borderline,google/gemma-3-4b-pt,google_gemma_3_4b_pt,lower_standard_increases_bigness,standard_span,stated_standard,True,standard_straddle,small,-1,,,-11.461969157596785,-10.318286818682175,cf,-1.1436823389146102,510,500,penumbra-standard-C500-D0p02-glorb-t1
0.02020270731751947,penumbra_standard:t1,-15.387454826255254,-12.943532289846681,,510,glorb,,,,large,penumbra_standard,False,1.300240197493963,bias_corrected,large,3.925485668658469,2.625245471164506,size-penumbra_standard-glorb-C500-S490-to510-large_to_small-mborderline-d0p02-t1,True,borderline,google/gemma-3-4b-pt,google_gemma_3_4b_pt,lower_standard_increases_bigness,standard_span,stated_standard,True,standard_straddle,small,1,,,-11.461969157596785,-10.318286818682175,base,-1.1436823389146102,490,500,penumbra-standard-C500-D0p02-glorb-t1
0.019802627296179754,penumbra_standard:t1,-15.387454826255254,-12.943532289846681,,510,glorb,,,,small,penumbra_standard,False,-0.0011460574062329698,bias_corrected,large,2.7057331431821687,2.7045870857759358,size-penumbra_standard-glorb-C500-S490-to510-large_to_small-mborderline-d0p02-t1,True,borderline,google/gemma-3-4b-pt,google_gemma_3_4b_pt,lower_standard_increases_bigness,standard_span,stated_standard,True,standard_straddle,small,1,,,-12.681721683073086,-10.238945204070745,cf,2.4427764790023403,490,500,penumbra-standard-C500-D0p02-glorb-t1
0.050693114315518095,penumbra_standard:t1,-15.387454826255254,-12.943532289846681,,476,glorb,,,,small,penumbra_standard,False,-0.31959420848214926,bias_corrected,large,2.8745752132511484,2.554981004768999,size-penumbra_standard-glorb-C500-S526-to476-small_to_large-mborderline-d0p05-t1,True,borderline,google/gemma-3-4b-pt,google_gemma_3_4b_pt,lower_standard_increases_bigness,standard_span,stated_standard,True,standard_straddle,small,-1,,,-12.512879613004106,-10.388551285077682,base,2.124328327926424,526,500,penumbra-standard-C500-D0p05-glorb-t1
0.04919024419077178,penumbra_standard:t1,-15.387454826255254,-12.943532289846681,,476,glorb,,,,large,penumbra_standard,False,0.7548946401406269,bias_corrected,large,3.639013134332071,2.884118494191444,size-penumbra_standard-glorb-C500-S526-to476-small_to_large-mborderline-d0p05-t1,True,borderline,google/gemma-3-4b-pt,google_gemma_3_4b_pt,lower_standard_increases_bigness,standard_span,stated_standard,True,standard_straddle,small,-1,,,-11.748441691923183,-10.059413795655237,cf,-1.6890278962679464,526,500,penumbra-standard-C500-D0p05-glorb-t1
0.04919024419077178,penumbra_standard:t1,-15.387454826255254,-12.943532289846681,,526,glorb,,,,large,penumbra_standard,False,0.7548946401406269,bias_corrected,large,3.639013134332071,2.884118494191444,size-penumbra_standard-glorb-C500-S476-to526-large_to_small-mborderline-d0p05-t1,True,borderline,google/gemma-3-4b-pt,google_gemma_3_4b_pt,lower_standard_increases_bigness,standard_span,stated_standard,True,standard_straddle,small,1,,,-11.748441691923183,-10.059413795655237,base,-1.6890278962679464,476,500,penumbra-standard-C500-D0p05-glorb-t1
0.050693114315518095,penumbra_standard:t1,-15.387454826255254,-12.943532289846681,,526,glorb,,,,small,penumbra_standard,False,-0.31959420848214926,bias_corrected,large,2.8745752132511484,2.554981004768999,size-penumbra_standard-glorb-C500-S476-to526-large_to_small-mborderline-d0p05-t1,True,borderline,google/gemma-3-4b-pt,google_gemma_3_4b_pt,lower_standard_increases_bigness,standard_span,stated_standard,True,standard_straddle,small,1,,,-12.512879613004106,-10.388551285077682,cf,2.124328327926424,476,500,penumbra-standard-C500-D0p05-glorb-t1
0.10074990310014302,penumbra_standard:t1,-15.387454826255254,-12.943532289846681,,452,glorb,,,,small,penumbra_standard,False,-0.1904903128732407,bias_corrected,large,2.436445477668011,2.24595516479477,size-penumbra_standard-glorb-C500-S553-to452-small_to_large-mnear_boundary-d0p1-t1,True,near_boundary,google/gemma-3-4b-pt,google_gemma_3_4b_pt,lower_standard_increases_bigness,standard_span,stated_standard,True,standard_straddle,small,-1,,,-12.951009348587244,-10.697577125051911,base,2.2534322235353326,553,500,penumbra-standard-C500-D0p1-glorb-t1
0.1009259185899605,penumbra_standard:t1,-15.387454826255254,-12.943532289846681,,452,glorb,,,,large,penumbra_standard,False,0.3923362305889011,bias_corrected,large,3.6494351552797752,3.257098924690874,size-penumbra_standard-glorb-C500-S553-to452-small_to_large-mnear_boundary-d0p1-t1,True,near_boundary,google/gemma-3-4b-pt,google_gemma_3_4b_pt,lower_standard_increases_bigness,standard_span,stated_standard,True,standard_straddle,small,-1,,,-11.73801967097548,-9.686433365155807,cf,-2.051586305819672,553,500,penumbra-standard-C500-D0p1-glorb-t1
0.1009259185899605,penumbra_standard:t1,-15.387454826255254,-12.943532289846681,,553,glorb,,,,large,penumbra_standard,False,0.3923362305889011,bias_corrected,large,3.6494351552797752,3.257098924690874,size-penumbra_standard-glorb-C500-S452-to553-large_to_small-mnear_boundary-d0p1-t1,True,near_boundary,google/gemma-3-4b-pt,google_gemma_3_4b_pt,lower_standard_increases_bigness,standard_span,stated_standard,True,standard_straddle,small,1,,,-11.73801967097548,-9.686433365155807,base,-2.051586305819672,452,500,penumbra-standard-C500-D0p1-glorb-t1
0.10074990310014302,penumbra_standard:t1,-15.387454826255254,-12.943532289846681,,553,glorb,,,,small,penumbra_standard,False,-0.1904903128732407,bias_corrected,large,2.436445477668011,2.24595516479477,size-penumbra_standard-glorb-C500-S452-to553-large_to_small-mnear_boundary-d0p1-t1,True,near_boundary,google/gemma-3-4b-pt,google_gemma_3_4b_pt,lower_standard_increases_bigness,standard_span,stated_standard,True,standard_straddle,small,1,,,-12.951009348587244,-10.697577125051911,cf,2.2534322235353326,452,500,penumbra-standard-C500-D0p1-glorb-t1
0.019802627296179754,penumbra_standard:t1,-15.387454826255254,-12.943532289846681,,49,dax,,,,small,penumbra_standard,False,0.2681997670326144,bias_corrected,small,2.604293694168465,2.8724934612010795,size-penumbra_standard-dax-C50-S51-to49-small_to_large-mborderline-d0p02-t1,True,borderline,google/gemma-3-4b-pt,google_gemma_3_4b_pt,lower_standard_increases_bigness,standard_span,stated_standard,True,standard_straddle,small,-1,,,-12.78316113208679,-10.071038828645602,base,2.7121223034411877,51,50,penumbra-standard-C50-D0p02-dax-t1
0.02020270731751947,penumbra_standard:t1,-15.387454826255254,-12.943532289846681,,49,dax,,,,large,penumbra_standard,False,0.2320262690733177,bias_corrected,large,4.074212609788313,3.8421863407149957,size-penumbra_standard-dax-C50-S51-to49-small_to_large-mborderline-d0p02-t1,True,borderline,google/gemma-3-4b-pt,google_gemma_3_4b_pt,lower_standard_increases_bigness,standard_span,stated_standard,True,standard_straddle,small,-1,,,-11.313242216466941,-9.101345949131685,cf,-2.2118962673352556,51,50,penumbra-standard-C50-D0p02-dax-t1
0.02020270731751947,penumbra_standard:t1,-15.387454826255254,-12.943532289846681,,51,dax,,,,large,penumbra_standard,False,0.2320262690733177,bias_corrected,large,4.074212609788313,3.8421863407149957,size-penumbra_standard-dax-C50-S49-to51-large_to_small-mborderline-d0p02-t1,True,borderline,google/gemma-3-4b-pt,google_gemma_3_4b_pt,lower_standard_increases_bigness,standard_span,stated_standard,True,standard_straddle,small,1,,,-11.313242216466941,-9.101345949131685,base,-2.2118962673352556,49,50,penumbra-standard-C50-D0p02-dax-t1
0.019802627296179754,penumbra_standard:t1,-15.387454826255254,-12.943532289846681,,51,dax,,,,small,penumbra_standard,False,0.2681997670326144,bias_corrected,small,2.604293694168465,2.8724934612010795,size-penumbra_standard-dax-C50-S49-to51-large_to_small-mborderline-d0p02-t1,True,borderline,google/gemma-3-4b-pt,google_gemma_3_4b_pt,lower_standard_increases_bigness,standard_span,stated_standard,True,standard_straddle,small,1,,,-12.78316113208679,-10.071038828645602,cf,2.7121223034411877,49,50,penumbra-standard-C50-D0p02-dax-t1
0.05826890812397576,penumbra_standard:t1,-15.387454826255254,-12.943532289846681,,48,dax,,,,small,penumbra_standard,False,0.550374915403232,bias_corrected,small,3.280189583498135,3.830564498901367,size-penumbra_standard-dax-C50-S53-to48-small_to_large-mborderline-d0p05-t1,True,borderline,google/gemma-3-4b-pt,google_gemma_3_4b_pt,lower_standard_increases_bigness,standard_span,stated_standard,True,standard_straddle,small,-1,,,-12.10726524275712,-9.112967790945314,base,2.9942974518118053,53,50,penumbra-standard-C50-D0p05-dax-t1
0.0408219945202552,penumbra_standard:t1,-15.387454826255254,-12.943532289846681,,48,dax,,,,large,penumbra_standard,False,0.5313562647804169,bias_corrected,large,4.554745791864114,4.0233895270836975,size-penumbra_standard-dax-C50-S53-to48-small_to_large-mborderline-d0p05-t1,True,borderline,google/gemma-3-4b-pt,google_gemma_3_4b_pt,lower_standard_increases_bigness,standard_span,stated_standard,True,standard_straddle,small,-1,,,-10.83270903439114,-8.920142762762984,cf,-1.9125662716281564,53,50,penumbra-standard-C50-D0p05-dax-t1
0.0408219945202552,penumbra_standard:t1,-15.387454826255254,-12.943532289846681,,53,dax,,,,large,penumbra_standard,False,0.5313562647804169,bias_corrected,large,4.554745791864114,4.0233895270836975,size-penumbra_standard-dax-C50-S48-to53-large_to_small-mborderline-d0p05-t1,True,borderline,google/gemma-3-4b-pt,google_gemma_3_4b_pt,lower_standard_increases_bigness,standard_span,stated_standard,True,standard_straddle,small,1,,,-10.83270903439114,-8.920142762762984,base,-1.9125662716281564,48,50,penumbra-standard-C50-D0p05-dax-t1
0.05826890812397576,penumbra_standard:t1,-15.387454826255254,-12.943532289846681,,53,dax,,,,small,penumbra_standard,False,0.550374915403232,bias_corrected,small,3.280189583498135,3.830564498901367,size-penumbra_standard-dax-C50-S48-to53-large_to_small-mborderline-d0p05-t1,True,borderline,google/gemma-3-4b-pt,google_gemma_3_4b_pt,lower_standard_increases_bigness,standard_span,stated_standard,True,standard_straddle,small,1,,,-12.10726524275712,-9.112967790945314,cf,2.9942974518118053,48,50,penumbra-standard-C50-D0p05-dax-t1
0.0953101798043249,penumbra_standard:t1,-15.387454826255254,-12.943532289846681,,45,dax,,,,small,penumbra_standard,False,0.24355042906836744,bias_corrected,small,2.8420847285703523,3.0856351576387198,size-penumbra_standard-dax-C50-S55-to45-small_to_large-mnear_boundary-d0p1-t1,True,near_boundary,google/gemma-3-4b-pt,google_gemma_3_4b_pt,lower_standard_increases_bigness,standard_span,stated_standard,True,standard_straddle,small,-1,,,-12.545370097684902,-9.857897132207961,base,2.6874729654769407,55,50,penumbra-standard-C50-D0p1-dax-t1
0.10536051565782635,penumbra_standard:t1,-15.387454826255254,-12.943532289846681,,45,dax,,,,large,penumbra_standard,False,0.5915260475279336,bias_corrected,large,4.105090054019199,3.513564006491265,size-penumbra_standard-dax-C50-S55-to45-small_to_large-mnear_boundary-d0p1-t1,True,near_boundary,google/gemma-3-4b-pt,google_gemma_3_4b_pt,lower_standard_increases_bigness,standard_span,stated_standard,True,standard_straddle,small,-1,,,-11.282364772236056,-9.429968283355416,cf,-1.8523964888806397,55,50,penumbra-standard-C50-D0p1-dax-t1
0.10536051565782635,penumbra_standard:t1,-15.387454826255254,-12.943532289846681,,55,dax,,,,large,penumbra_standard,False,0.5915260475279336,bias_corrected,large,4.105090054019199,3.513564006491265,size-penumbra_standard-dax-C50-S45-to55-large_to_small-mnear_boundary-d0p1-t1,True,near_boundary,google/gemma-3-4b-pt,google_gemma_3_4b_pt,lower_standard_increases_bigness,standard_span,stated_standard,True,standard_straddle,small,1,,,-11.282364772236056,-9.429968283355416,base,-1.8523964888806397,45,50,penumbra-standard-C50-D0p1-dax-t1
0.0953101798043249,penumbra_standard:t1,-15.387454826255254,-12.943532289846681,,55,dax,,,,small,penumbra_standard,False,0.24355042906836744,bias_corrected,small,2.8420847285703523,3.0856351576387198,size-penumbra_standard-dax-C50-S45-to55-large_to_small-mnear_boundary-d0p1-t1,True,near_boundary,google/gemma-3-4b-pt,google_gemma_3_4b_pt,lower_standard_increases_bigness,standard_span,stated_standard,True,standard_straddle,small,1,,,-12.545370097684902,-9.857897132207961,cf,2.6874729654769407,45,50,penumbra-standard-C50-D0p1-dax-t1
0.14842000511827333,penumbra_standard:t1,-15.387454826255254,-12.943532289846681,,43,dax,,,,small,penumbra_standard,False,0.7051575923718421,bias_corrected,small,3.196568898870428,3.90172649124227,size-penumbra_standard-dax-C50-S58-to43-small_to_large-mnear_boundary-d0p15-t1,True,near_boundary,google/gemma-3-4b-pt,google_gemma_3_4b_pt,lower_standard_increases_bigness,standard_span,stated_standard,True,standard_straddle,small,-1,,,-12.190885927384826,-9.041805798604411,base,3.1490801287804153,58,50,penumbra-standard-C50-D0p15-dax-t1
0.1508228897345837,penumbra_standard:t1,-15.387454826255254,-12.943532289846681,,43,dax,,,,large,penumbra_standard,False,-0.27246879184010897,bias_corrected,small,4.934632732434444,5.207101524274553,size-penumbra_standard-dax-C50-S58-to43-small_to_large-mnear_boundary-d0p15-t1,True,near_boundary,google/gemma-3-4b-pt,google_gemma_3_4b_pt,lower_standard_increases_bigness,standard_span,stated_standard,True,standard_straddle,small,-1,,,-10.45282209382081,-7.736430765572128,cf,-2.7163913282486822,58,50,penumbra-standard-C50-D0p15-dax-t1
0.1508228897345837,penumbra_standard:t1,-15.387454826255254,-12.943532289846681,,58,dax,,,,large,penumbra_standard,False,-0.27246879184010897,bias_corrected,small,4.934632732434444,5.207101524274553,size-penumbra_standard-dax-C50-S43-to58-large_to_small-mshoulder-d0p15-t1,True,shoulder,google/gemma-3-4b-pt,google_gemma_3_4b_pt,lower_standard_increases_bigness,standard_span,stated_standard,True,standard_straddle,small,1,,,-10.45282209382081,-7.736430765572128,base,-2.7163913282486822,43,50,penumbra-standard-C50-D0p15-dax-t1
0.14842000511827333,penumbra_standard:t1,-15.387454826255254,-12.943532289846681,,58,dax,,,,small,penumbra_standard,False,0.7051575923718421,bias_corrected,small,3.196568898870428,3.90172649124227,size-penumbra_standard-dax-C50-S43-to58-large_to_small-mshoulder-d0p15-t1,True,shoulder,google/gemma-3-4b-pt,google_gemma_3_4b_pt,lower_standard_increases_bigness,standard_span,stated_standard,True,standard_straddle,small,1,,,-12.190885927384826,-9.041805798604411,cf,3.1490801287804153,43,50,penumbra-standard-C50-D0p15-dax-t1
0.29266961396281993,penumbra_standard:t1,-15.387454826255254,-12.943532289846681,,37,dax,,,,small,penumbra_standard,True,0.747951537730442,bias_corrected,small,3.6737443564023557,4.421695894132798,size-penumbra_standard-dax-C50-S67-to37-small_to_large-mshoulder-d0p3-t1,False,shoulder,google/gemma-3-4b-pt,google_gemma_3_4b_pt,lower_standard_increases_bigness,standard_span,stated_standard,False,standard_straddle,small,-1,,cf_gate_pred_small_expected_large,-11.713710469852899,-8.521836395713883,base,3.1918740741390152,67,50,penumbra-standard-C50-D0p3-dax-t1
0.3011050927839216,penumbra_standard:t1,-15.387454826255254,-12.943532289846681,,37,dax,,,,large,penumbra_standard,True,-0.3229688489604978,bias_corrected,small,4.121980957174408,4.444949806134906,size-penumbra_standard-dax-C50-S67-to37-small_to_large-mshoulder-d0p3-t1,False,shoulder,google/gemma-3-4b-pt,google_gemma_3_4b_pt,lower_standard_increases_bigness,standard_span,stated_standard,False,standard_straddle,small,-1,,cf_gate_pred_small_expected_large,-11.265473869080846,-8.498582483711775,cf,-2.766891385369071,67,50,penumbra-standard-C50-D0p3-dax-t1
0.3011050927839216,penumbra_standard:t1,-15.387454826255254,-12.943532289846681,,67,dax,,,,large,penumbra_standard,True,-0.3229688489604978,bias_corrected,small,4.121980957174408,4.444949806134906,size-penumbra_standard-dax-C50-S37-to67-large_to_small-mshoulder-d0p3-t1,False,shoulder,google/gemma-3-4b-pt,google_gemma_3_4b_pt,lower_standard_increases_bigness,standard_span,stated_standard,False,standard_straddle,small,1,,base_gate_pred_small_expected_large,-11.265473869080846,-8.498582483711775,base,-2.766891385369071,37,50,penumbra-standard-C50-D0p3-dax-t1
0.29266961396281993,penumbra_standard:t1,-15.387454826255254,-12.943532289846681,,67,dax,,,,small,penumbra_standard,True,0.747951537730442,bias_corrected,small,3.6737443564023557,4.421695894132798,size-penumbra_standard-dax-C50-S37-to67-large_to_small-mshoulder-d0p3-t1,False,shoulder,google/gemma-3-4b-pt,google_gemma_3_4b_pt,lower_standard_increases_bigness,standard_span,stated_standard,False,standard_straddle,small,1,,base_gate_pred_small_expected_large,-11.713710469852899,-8.521836395713883,cf,3.1918740741390152,37,50,penumbra-standard-C50-D0p3-dax-t1
0.49469624183610705,penumbra_standard:t1,-15.387454826255254,-12.943532289846681,,30,dax,,,,small,penumbra_standard,True,0.08387833495930508,bias_corrected,small,4.327834022324588,4.411712357283893,size-penumbra_standard-dax-C50-S82-to30-small_to_large-mclear-d0p5-t1,False,clear,google/gemma-3-4b-pt,google_gemma_3_4b_pt,lower_standard_increases_bigness,standard_span,stated_standard,False,standard_straddle,small,-1,,base_gate_margin_below_0.1;cf_gate_pred_small_expected_large,-11.059620803930667,-8.531819932562788,base,2.5278008713678783,82,50,penumbra-standard-C50-D0p5-dax-t1
0.5108256237659907,penumbra_standard:t1,-15.387454826255254,-12.943532289846681,,30,dax,,,,large,penumbra_standard,True,-0.0003822568634479495,bias_corrected,small,4.070262170929441,4.070644427792889,size-penumbra_standard-dax-C50-S82-to30-small_to_large-mclear-d0p5-t1,False,clear,google/gemma-3-4b-pt,google_gemma_3_4b_pt,lower_standard_increases_bigness,standard_span,stated_standard,False,standard_straddle,small,-1,,base_gate_margin_below_0.1;cf_gate_pred_small_expected_large,-11.317192655325814,-8.872887862053792,cf,-2.444304793272021,82,50,penumbra-standard-C50-D0p5-dax-t1
0.5108256237659907,penumbra_standard:t1,-15.387454826255254,-12.943532289846681,,82,dax,,,,large,penumbra_standard,True,-0.0003822568634479495,bias_corrected,small,4.070262170929441,4.070644427792889,size-penumbra_standard-dax-C50-S30-to82-large_to_small-mclear-d0p5-t1,False,clear,google/gemma-3-4b-pt,google_gemma_3_4b_pt,lower_standard_increases_bigness,standard_span,stated_standard,False,standard_straddle,small,1,,base_gate_pred_small_expected_large;cf_gate_margin_below_0.1,-11.317192655325814,-8.872887862053792,base,-2.444304793272021,30,50,penumbra-standard-C50-D0p5-dax-t1
0.49469624183610705,penumbra_standard:t1,-15.387454826255254,-12.943532289846681,,82,dax,,,,small,penumbra_standard,True,0.08387833495930508,bias_corrected,small,4.327834022324588,4.411712357283893,size-penumbra_standard-dax-C50-S30-to82-large_to_small-mclear-d0p5-t1,False,clear,google/gemma-3-4b-pt,google_gemma_3_4b_pt,lower_standard_increases_bigness,standard_span,stated_standard,False,standard_straddle,small,1,,base_gate_pred_small_expected_large;cf_gate_margin_below_0.1,-11.059620803930667,-8.531819932562788,cf,2.5278008713678783,30,50,penumbra-standard-C50-D0p5-dax-t1
0.019802627296179754,penumbra_standard:t1,-15.387454826255254,-12.943532289846681,,196,dax,,,,small,penumbra_standard,False,-0.44196099106002507,bias_corrected,large,2.6502643375612447,2.2083033465012196,size-penumbra_standard-dax-C200-S204-to196-small_to_large-mborderline-d0p02-t1,True,borderline,google/gemma-3-4b-pt,google_gemma_3_4b_pt,lower_standard_increases_bigness,standard_span,stated_standard,True,standard_straddle,small,-1,,,-12.73719048869401,-10.735228943345462,base,2.001961545348548,204,200,penumbra-standard-C200-D0p02-dax-t1
0.02020270731751947,penumbra_standard:t1,-15.387454826255254,-12.943532289846681,,196,dax,,,,large,penumbra_standard,False,0.7627233087347101,bias_corrected,large,2.781514554948348,2.018791246213638,size-penumbra_standard-dax-C200-S204-to196-small_to_large-mborderline-d0p02-t1,True,borderline,google/gemma-3-4b-pt,google_gemma_3_4b_pt,lower_standard_increases_bigness,standard_span,stated_standard,True,standard_straddle,small,-1,,,-12.605940271306906,-10.924741043633043,cf,-1.6811992276738632,204,200,penumbra-standard-C200-D0p02-dax-t1
0.02020270731751947,penumbra_standard:t1,-15.387454826255254,-12.943532289846681,,204,dax,,,,large,penumbra_standard,False,0.7627233087347101,bias_corrected,large,2.781514554948348,2.018791246213638,size-penumbra_standard-dax-C200-S196-to204-large_to_small-mborderline-d0p02-t1,True,borderline,google/gemma-3-4b-pt,google_gemma_3_4b_pt,lower_standard_increases_bigness,standard_span,stated_standard,True,standard_straddle,small,1,,,-12.605940271306906,-10.924741043633043,base,-1.6811992276738632,196,200,penumbra-standard-C200-D0p02-dax-t1
0.019802627296179754,penumbra_standard:t1,-15.387454826255254,-12.943532289846681,,204,dax,,,,small,penumbra_standard,False,-0.44196099106002507,bias_corrected,large,2.6502643375612447,2.2083033465012196,size-penumbra_standard-dax-C200-S196-to204-large_to_small-mborderline-d0p02-t1,True,borderline,google/gemma-3-4b-pt,google_gemma_3_4b_pt,lower_standard_increases_bigness,standard_span,stated_standard,True,standard_straddle,small,1,,,-12.73719048869401,-10.735228943345462,cf,2.001961545348548,196,200,penumbra-standard-C200-D0p02-dax-t1
0.048790164169432056,penumbra_standard:t1,-15.387454826255254,-12.943532289846681,,190,dax,,,,small,penumbra_standard,False,-0.5316045253964585,bias_corrected,large,2.9324449822444514,2.400840456847993,size-penumbra_standard-dax-C200-S210-to190-small_to_large-mborderline-d0p05-t1,True,borderline,google/gemma-3-4b-pt,google_gemma_3_4b_pt,lower_standard_increases_bigness,standard_span,stated_standard,True,standard_straddle,small,-1,,,-12.455009844010803,-10.542691832998688,base,1.9123180110121147,210,200,penumbra-standard-C200-D0p05-dax-t1
0.05129329438755048,penumbra_standard:t1,-15.387454826255254,-12.943532289846681,,190,dax,,,,large,penumbra_standard,False,1.0618713135515865,bias_corrected,large,2.874252295586066,1.8123809820344796,size-penumbra_standard-dax-C200-S210-to190-small_to_large-mborderline-d0p05-t1,True,borderline,google/gemma-3-4b-pt,google_gemma_3_4b_pt,lower_standard_increases_bigness,standard_span,stated_standard,True,standard_straddle,small,-1,,,-12.513202530669188,-11.131151307812202,cf,-1.3820512228569868,210,200,penumbra-standard-C200-D0p05-dax-t1
0.05129329438755048,penumbra_standard:t1,-15.387454826255254,-12.943532289846681,,210,dax,,,,large,penumbra_standard,False,1.0618713135515865,bias_corrected,large,2.874252295586066,1.8123809820344796,size-penumbra_standard-dax-C200-S190-to210-large_to_small-mborderline-d0p05-t1,True,borderline,google/gemma-3-4b-pt,google_gemma_3_4b_pt,lower_standard_increases_bigness,standard_span,stated_standard,True,standard_straddle,small,1,,,-12.513202530669188,-11.131151307812202,base,-1.3820512228569868,190,200,penumbra-standard-C200-D0p05-dax-t1
0.048790164169432056,penumbra_standard:t1,-15.387454826255254,-12.943532289846681,,210,dax,,,,small,penumbra_standard,False,-0.5316045253964585,bias_corrected,large,2.9324449822444514,2.400840456847993,size-penumbra_standard-dax-C200-S190-to210-large_to_small-mborderline-d0p05-t1,True,borderline,google/gemma-3-4b-pt,google_gemma_3_4b_pt,lower_standard_increases_bigness,standard_span,stated_standard,True,standard_straddle,small,1,,,-12.455009844010803,-10.542691832998688,cf,1.9123180110121147,190,200,penumbra-standard-C200-D0p05-dax-t1
0.09984533496971613,penumbra_standard:t1,-15.387454826255254,-12.943532289846681,,181,dax,,,,small,penumbra_standard,False,-0.6868713135515865,bias_corrected,large,2.8241014243092106,2.137230110757624,size-penumbra_standard-dax-C200-S221-to181-small_to_large-mnear_boundary-d0p1-t1,True,near_boundary,google/gemma-3-4b-pt,google_gemma_3_4b_pt,lower_standard_increases_bigness,standard_span,stated_standard,True,standard_straddle,small,-1,,,-12.563353401946044,-10.806302179089057,base,1.7570512228569868,221,200,penumbra-standard-C200-D0p1-dax-t1
0.09982033528221099,penumbra_standard:t1,-15.387454826255254,-12.943532289846681,,181,dax,,,,large,penumbra_standard,False,0.7224055679811823,bias_corrected,large,4.315578702155316,3.5931731341741333,size-penumbra_standard-dax-C200-S221-to181-small_to_large-mnear_boundary-d0p1-t1,True,near_boundary,google/gemma-3-4b-pt,google_gemma_3_4b_pt,lower_standard_increases_bigness,standard_span,stated_standard,True,standard_straddle,small,-1,,,-11.071876124099939,-9.350359155672548,cf,-1.721516968427391,221,200,penumbra-standard-C200-D0p1-dax-t1
0.09982033528221099,penumbra_standard:t1,-15.387454826255254,-12.943532289846681,,221,dax,,,,large,penumbra_standard,False,0.7224055679811823,bias_corrected,large,4.315578702155316,3.5931731341741333,size-penumbra_standard-dax-C200-S181-to221-large_to_small-mnear_boundary-d0p1-t1,True,near_boundary,google/gemma-3-4b-pt,google_gemma_3_4b_pt,lower_standard_increases_bigness,standard_span,stated_standard,True,standard_straddle,small,1,,,-11.071876124099939,-9.350359155672548,base,-1.721516968427391,181,200,penumbra-standard-C200-D0p1-dax-t1
0.09984533496971613,penumbra_standard:t1,-15.387454826255254,-12.943532289846681,,221,dax,,,,small,penumbra_standard,False,-0.6868713135515865,bias_corrected,large,2.8241014243092106,2.137230110757624,size-penumbra_standard-dax-C200-S181-to221-large_to_small-mnear_boundary-d0p1-t1,True,near_boundary,google/gemma-3-4b-pt,google_gemma_3_4b_pt,lower_standard_increases_bigness,standard_span,stated_standard,True,standard_straddle,small,1,,,-12.563353401946044,-10.806302179089057,cf,1.7570512228569868,181,200,penumbra-standard-C200-D0p1-dax-t1
0.14842000511827333,penumbra_standard:t1,-15.387454826255254,-12.943532289846681,,172,dax,,,,small,penumbra_standard,False,-0.2951329157139124,bias_corrected,large,3.09563564747501,2.8005027317610978,size-penumbra_standard-dax-C200-S232-to172-small_to_large-mnear_boundary-d0p15-t1,True,near_boundary,google/gemma-3-4b-pt,google_gemma_3_4b_pt,lower_standard_increases_bigness,standard_span,stated_standard,True,standard_straddle,small,-1,,,-12.291819178780244,-10.143029558085583,base,2.148789620694661,232,200,penumbra-standard-C200-D0p15-dax-t1
0.1508228897345837,penumbra_standard:t1,-15.387454826255254,-12.943532289846681,,172,dax,,,,large,penumbra_standard,False,1.0143608337482632,bias_corrected,large,4.198180589304426,3.183819755556163,size-penumbra_standard-dax-C200-S232-to172-small_to_large-mnear_boundary-d0p15-t1,True,near_boundary,google/gemma-3-4b-pt,google_gemma_3_4b_pt,lower_standard_increases_bigness,standard_span,stated_standard,True,standard_straddle,small,-1,,,-11.189274236950828,-9.759712534290518,cf,-1.42956170266031,232,200,penumbra-standard-C200-D0p15-dax-t1
0.1508228897345837,penumbra_standard:t1,-15.387454826255254,-12.943532289846681,,232,dax,,,,large,penumbra_standard,False,1.0143608337482632,bias_corrected,large,4.198180589304426,3.183819755556163,size-penumbra_standard-dax-C200-S172-to232-large_to_small-mshoulder-d0p15-t1,True,shoulder,google/gemma-3-4b-pt,google_gemma_3_4b_pt,lower_standard_increases_bigness,standard_span,stated_standard,True,standard_straddle,small,1,,,-11.189274236950828,-9.759712534290518,base,-1.42956170266031,172,200,penumbra-standard-C200-D0p15-dax-t1
0.14842000511827333,penumbra_standard:t1,-15.387454826255254,-12.943532289846681,,232,dax,,,,small,penumbra_standard,False,-0.2951329157139124,bias_corrected,large,3.09563564747501,2.8005027317610978,size-penumbra_standard-dax-C200-S172-to232-large_to_small-mshoulder-d0p15-t1,True,shoulder,google/gemma-3-4b-pt,google_gemma_3_4b_pt,lower_standard_increases_bigness,standard_span,stated_standard,True,standard_straddle,small,1,,,-12.291819178780244,-10.143029558085583,cf,2.148789620694661,172,200,penumbra-standard-C200-D0p15-dax-t1
0.30010459245033816,penumbra_standard:t1,-15.387454826255254,-12.943532289846681,,148,dax,,,,small,penumbra_standard,True,-0.911495861636924,bias_corrected,large,2.560066500210141,1.6485706385732168,size-penumbra_standard-dax-C200-S270-to148-small_to_large-mshoulder-d0p3-t1,False,shoulder,google/gemma-3-4b-pt,google_gemma_3_4b_pt,lower_standard_increases_bigness,standard_span,stated_standard,False,standard_straddle,small,-1,,base_gate_pred_large_expected_small,-12.827388326045114,-11.294961651273464,base,1.5324266747716493,270,200,penumbra-standard-C200-D0p3-dax-t1
0.3011050927839216,penumbra_standard:t1,-15.387454826255254,-12.943532289846681,,148,dax,,,,large,penumbra_standard,True,1.5522088786988224,bias_corrected,large,4.15918020917341,2.606971330474588,size-penumbra_standard-dax-C200-S270-to148-small_to_large-mshoulder-d0p3-t1,False,shoulder,google/gemma-3-4b-pt,google_gemma_3_4b_pt,lower_standard_increases_bigness,standard_span,stated_standard,False,standard_straddle,small,-1,,base_gate_pred_large_expected_small,-11.228274617081844,-10.336560959372093,cf,-0.8917136577097509,270,200,penumbra-standard-C200-D0p3-dax-t1
0.3011050927839216,penumbra_standard:t1,-15.387454826255254,-12.943532289846681,,270,dax,,,,large,penumbra_standard,True,1.5522088786988224,bias_corrected,large,4.15918020917341,2.606971330474588,size-penumbra_standard-dax-C200-S148-to270-large_to_small-mshoulder-d0p3-t1,False,shoulder,google/gemma-3-4b-pt,google_gemma_3_4b_pt,lower_standard_increases_bigness,standard_span,stated_standard,False,standard_straddle,small,1,,cf_gate_pred_large_expected_small,-11.228274617081844,-10.336560959372093,base,-0.8917136577097509,148,200,penumbra-standard-C200-D0p3-dax-t1
0.30010459245033816,penumbra_standard:t1,-15.387454826255254,-12.943532289846681,,270,dax,,,,small,penumbra_standard,True,-0.911495861636924,bias_corrected,large,2.560066500210141,1.6485706385732168,size-penumbra_standard-dax-C200-S148-to270-large_to_small-mshoulder-d0p3-t1,False,shoulder,google/gemma-3-4b-pt,google_gemma_3_4b_pt,lower_standard_increases_bigness,standard_span,stated_standard,False,standard_straddle,small,1,,cf_gate_pred_large_expected_small,-12.827388326045114,-11.294961651273464,cf,1.5324266747716493,148,200,penumbra-standard-C200-D0p3-dax-t1
0.5007752879124893,penumbra_standard:t1,-15.387454826255254,-12.943532289846681,,121,dax,,,,small,penumbra_standard,True,0.522622081607933,bias_corrected,small,3.0626258961079245,3.5852479777158575,size-penumbra_standard-dax-C200-S330-to121-small_to_large-mclear-d0p5-t1,True,clear,google/gemma-3-4b-pt,google_gemma_3_4b_pt,lower_standard_increases_bigness,standard_span,stated_standard,False,standard_straddle,small,-1,,,-12.32482893014733,-9.358284312130824,base,2.9665446180165063,330,200,penumbra-standard-C200-D0p5-dax-t1
0.5025268209512956,penumbra_standard:t1,-15.387454826255254,-12.943532289846681,,121,dax,,,,large,penumbra_standard,True,0.7232006214777762,bias_corrected,large,3.876923432022469,3.153722810544693,size-penumbra_standard-dax-C200-S330-to121-small_to_large-mclear-d0p5-t1,True,clear,google/gemma-3-4b-pt,google_gemma_3_4b_pt,lower_standard_increases_bigness,standard_span,stated_standard,False,standard_straddle,small,-1,,,-11.510531394232785,-9.789809479301988,cf,-1.720721914930797,330,200,penumbra-standard-C200-D0p5-dax-t1
0.5025268209512956,penumbra_standard:t1,-15.387454826255254,-12.943532289846681,,330,dax,,,,large,penumbra_standard,True,0.7232006214777762,bias_corrected,large,3.876923432022469,3.153722810544693,size-penumbra_standard-dax-C200-S121-to330-large_to_small-mclear-d0p5-t1,True,clear,google/gemma-3-4b-pt,google_gemma_3_4b_pt,lower_standard_increases_bigness,standard_span,stated_standard,False,standard_straddle,small,1,,,-11.510531394232785,-9.789809479301988,base,-1.720721914930797,121,200,penumbra-standard-C200-D0p5-dax-t1
0.5007752879124893,penumbra_standard:t1,-15.387454826255254,-12.943532289846681,,330,dax,,,,small,penumbra_standard,True,0.522622081607933,bias_corrected,small,3.0626258961079245,3.5852479777158575,size-penumbra_standard-dax-C200-S121-to330-large_to_small-mclear-d0p5-t1,True,clear,google/gemma-3-4b-pt,google_gemma_3_4b_pt,lower_standard_increases_bigness,standard_span,stated_standard,False,standard_straddle,small,1,,,-12.32482893014733,-9.358284312130824,cf,2.9665446180165063,121,200,penumbra-standard-C200-D0p5-dax-t1
0.019802627296179754,penumbra_standard:t1,-15.387454826255254,-12.943532289846681,,490,dax,,,,small,penumbra_standard,False,-0.095596524163307,bias_corrected,large,2.775076779211787,2.67948025504848,size-penumbra_standard-dax-C500-S510-to490-small_to_large-mborderline-d0p02-t1,True,borderline,google/gemma-3-4b-pt,google_gemma_3_4b_pt,lower_standard_increases_bigness,standard_span,stated_standard,True,standard_straddle,small,-1,,,-12.612378047043467,-10.264052034798201,base,2.3483260122452663,510,500,penumbra-standard-C500-D0p02-dax-t1
0.02020270731751947,penumbra_standard:t1,-15.387454826255254,-12.943532289846681,,490,dax,,,,large,penumbra_standard,False,1.3643475476051847,bias_corrected,large,5.249887914452996,3.8855403668478115,size-penumbra_standard-dax-C500-S510-to490-small_to_large-mborderline-d0p02-t1,True,borderline,google/gemma-3-4b-pt,google_gemma_3_4b_pt,lower_standard_increases_bigness,standard_span,stated_standard,True,standard_straddle,small,-1,,,-10.137566911802258,-9.05799192299887,cf,-1.0795749888033885,510,500,penumbra-standard-C500-D0p02-dax-t1
0.02020270731751947,penumbra_standard:t1,-15.387454826255254,-12.943532289846681,,510,dax,,,,large,penumbra_standard,False,1.3643475476051847,bias_corrected,large,5.249887914452996,3.8855403668478115,size-penumbra_standard-dax-C500-S490-to510-large_to_small-mborderline-d0p02-t1,True,borderline,google/gemma-3-4b-pt,google_gemma_3_4b_pt,lower_standard_increases_bigness,standard_span,stated_standard,True,standard_straddle,small,1,,,-10.137566911802258,-9.05799192299887,base,-1.0795749888033885,490,500,penumbra-standard-C500-D0p02-dax-t1
0.019802627296179754,penumbra_standard:t1,-15.387454826255254,-12.943532289846681,,510,dax,,,,small,penumbra_standard,False,-0.095596524163307,bias_corrected,large,2.775076779211787,2.67948025504848,size-penumbra_standard-dax-C500-S490-to510-large_to_small-mborderline-d0p02-t1,True,borderline,google/gemma-3-4b-pt,google_gemma_3_4b_pt,lower_standard_increases_bigness,standard_span,stated_standard,True,standard_straddle,small,1,,,-12.612378047043467,-10.264052034798201,cf,2.3483260122452663,490,500,penumbra-standard-C500-D0p02-dax-t1
0.050693114315518095,penumbra_standard:t1,-15.387454826255254,-12.943532289846681,,476,dax,,,,small,penumbra_standard,False,-0.16593571210113822,bias_corrected,large,3.347947879969295,3.182012167868157,size-penumbra_standard-dax-C500-S526-to476-small_to_large-mborderline-d0p05-t1,True,borderline,google/gemma-3-4b-pt,google_gemma_3_4b_pt,lower_standard_increases_bigness,standard_span,stated_standard,True,standard_straddle,small,-1,,,-12.03950694628596,-9.761520121978524,base,2.277986824307435,526,500,penumbra-standard-C500-D0p05-dax-t1
0.04919024419077178,penumbra_standard:t1,-15.387454826255254,-12.943532289846681,,476,dax,,,,large,penumbra_standard,False,0.6214200407197854,bias_corrected,large,4.983039393142814,4.361619352423029,size-penumbra_standard-dax-C500-S526-to476-small_to_large-mborderline-d0p05-t1,True,borderline,google/gemma-3-4b-pt,google_gemma_3_4b_pt,lower_standard_increases_bigness,standard_span,stated_standard,True,standard_straddle,small,-1,,,-10.40441543311244,-8.581912937423652,cf,-1.8225024956887879,526,500,penumbra-standard-C500-D0p05-dax-t1
0.04919024419077178,penumbra_standard:t1,-15.387454826255254,-12.943532289846681,,526,dax,,,,large,penumbra_standard,False,0.6214200407197854,bias_corrected,large,4.983039393142814,4.361619352423029,size-penumbra_standard-dax-C500-S476-to526-large_to_small-mborderline-d0p05-t1,True,borderline,google/gemma-3-4b-pt,google_gemma_3_4b_pt,lower_standard_increases_bigness,standard_span,stated_standard,True,standard_straddle,small,1,,,-10.40441543311244,-8.581912937423652,base,-1.8225024956887879,476,500,penumbra-standard-C500-D0p05-dax-t1
0.050693114315518095,penumbra_standard:t1,-15.387454826255254,-12.943532289846681,,526,dax,,,,small,penumbra_standard,False,-0.16593571210113822,bias_corrected,large,3.347947879969295,3.182012167868157,size-penumbra_standard-dax-C500-S476-to526-large_to_small-mborderline-d0p05-t1,True,borderline,google/gemma-3-4b-pt,google_gemma_3_4b_pt,lower_standard_increases_bigness,standard_span,stated_standard,True,standard_straddle,small,1,,,-12.03950694628596,-9.761520121978524,cf,2.277986824307435,476,500,penumbra-standard-C500-D0p05-dax-t1
0.10074990310014302,penumbra_standard:t1,-15.387454826255254,-12.943532289846681,,452,dax,,,,small,penumbra_standard,False,-0.15319462278418783,bias_corrected,large,3.183625629444915,3.030431006660727,size-penumbra_standard-dax-C500-S553-to452-small_to_large-mnear_boundary-d0p1-t1,True,near_boundary,google/gemma-3-4b-pt,google_gemma_3_4b_pt,lower_standard_increases_bigness,standard_span,stated_standard,True,standard_straddle,small,-1,,,-12.20382919681034,-9.913101283185954,base,2.2907279136243854,553,500,penumbra-standard-C500-D0p1-dax-t1
0.1009259185899605,penumbra_standard:t1,-15.387454826255254,-12.943532289846681,,452,dax,,,,large,penumbra_standard,False,0.43540210653599054,bias_corrected,large,4.404228963683078,3.9688268571470875,size-penumbra_standard-dax-C500-S553-to452-small_to_large-mnear_boundary-d0p1-t1,True,near_boundary,google/gemma-3-4b-pt,google_gemma_3_4b_pt,lower_standard_increases_bigness,standard_span,stated_standard,True,standard_straddle,small,-1,,,-10.983225862572176,-8.974705432699594,cf,-2.0085204298725827,553,500,penumbra-standard-C500-D0p1-dax-t1
0.1009259185899605,penumbra_standard:t1,-15.387454826255254,-12.943532289846681,,553,dax,,,,large,penumbra_standard,False,0.43540210653599054,bias_corrected,large,4.404228963683078,3.9688268571470875,size-penumbra_standard-dax-C500-S452-to553-large_to_small-mnear_boundary-d0p1-t1,True,near_boundary,google/gemma-3-4b-pt,google_gemma_3_4b_pt,lower_standard_increases_bigness,standard_span,stated_standard,True,standard_straddle,small,1,,,-10.983225862572176,-8.974705432699594,base,-2.0085204298725827,452,500,penumbra-standard-C500-D0p1-dax-t1
0.10074990310014302,penumbra_standard:t1,-15.387454826255254,-12.943532289846681,,553,dax,,,,small,penumbra_standard,False,-0.15319462278418783,bias_corrected,large,3.183625629444915,3.030431006660727,size-penumbra_standard-dax-C500-S452-to553-large_to_small-mnear_boundary-d0p1-t1,True,near_boundary,google/gemma-3-4b-pt,google_gemma_3_4b_pt,lower_standard_increases_bigness,standard_span,stated_standard,True,standard_straddle,small,1,,,-12.20382919681034,-9.913101283185954,cf,2.2907279136243854,452,500,penumbra-standard-C500-D0p1-dax-t1
0.019802627296179754,penumbra_standard:t1,-15.387454826255254,-12.943532289846681,,49,fenzel,,,,small,penumbra_standard,False,0.2763866393551897,bias_corrected,small,2.0588394196047712,2.335226058959961,size-penumbra_standard-fenzel-C50-S51-to49-small_to_large-mborderline-d0p02-t1,True,borderline,google/gemma-3-4b-pt,google_gemma_3_4b_pt,lower_standard_increases_bigness,standard_span,stated_standard,True,standard_straddle,small,-1,,,-13.328615406650483,-10.60830623088672,base,2.720309175763763,51,50,penumbra-standard-C50-D0p02-fenzel-t1
0.02020270731751947,penumbra_standard:t1,-15.387454826255254,-12.943532289846681,,49,fenzel,,,,large,penumbra_standard,False,0.5829627401412463,bias_corrected,large,3.5013595865983316,2.9183968464570853,size-penumbra_standard-fenzel-C50-S51-to49-small_to_large-mborderline-d0p02-t1,True,borderline,google/gemma-3-4b-pt,google_gemma_3_4b_pt,lower_standard_increases_bigness,standard_span,stated_standard,True,standard_straddle,small,-1,,,-11.886095239656923,-10.025135443389596,cf,-1.860959796267327,51,50,penumbra-standard-C50-D0p02-fenzel-t1
0.02020270731751947,penumbra_standard:t1,-15.387454826255254,-12.943532289846681,,51,fenzel,,,,large,penumbra_standard,False,0.5829627401412463,bias_corrected,large,3.5013595865983316,2.9183968464570853,size-penumbra_standard-fenzel-C50-S49-to51-large_to_small-mborderline-d0p02-t1,True,borderline,google/gemma-3-4b-pt,google_gemma_3_4b_pt,lower_standard_increases_bigness,standard_span,stated_standard,True,standard_straddle,small,1,,,-11.886095239656923,-10.025135443389596,base,-1.860959796267327,49,50,penumbra-standard-C50-D0p02-fenzel-t1
0.019802627296179754,penumbra_standard:t1,-15.387454826255254,-12.943532289846681,,51,fenzel,,,,small,penumbra_standard,False,0.2763866393551897,bias_corrected,small,2.0588394196047712,2.335226058959961,size-penumbra_standard-fenzel-C50-S49-to51-large_to_small-mborderline-d0p02-t1,True,borderline,google/gemma-3-4b-pt,google_gemma_3_4b_pt,lower_standard_increases_bigness,standard_span,stated_standard,True,standard_straddle,small,1,,,-13.328615406650483,-10.60830623088672,cf,2.720309175763763,49,50,penumbra-standard-C50-D0p02-fenzel-t1
0.05826890812397576,penumbra_standard:t1,-15.387454826255254,-12.943532289846681,,48,fenzel,,,,small,penumbra_standard,False,0.31231043066273756,bias_corrected,small,1.8345309851255003,2.146841415788238,size-penumbra_standard-fenzel-C50-S53-to48-small_to_large-mborderline-d0p05-t1,True,borderline,google/gemma-3-4b-pt,google_gemma_3_4b_pt,lower_standard_increases_bigness,standard_span,stated_standard,True,standard_straddle,small,-1,,,-13.552923841129754,-10.796690874058443,base,2.756232967071311,53,50,penumbra-standard-C50-D0p05-fenzel-t1
0.0408219945202552,penumbra_standard:t1,-15.387454826255254,-12.943532289846681,,48,fenzel,,,,large,penumbra_standard,False,0.27182140784147,bias_corrected,large,2.89287087434996,2.62104946650849,size-penumbra_standard-fenzel-C50-S53-to48-small_to_large-mborderline-d0p05-t1,True,borderline,google/gemma-3-4b-pt,google_gemma_3_4b_pt,lower_standard_increases_bigness,standard_span,stated_standard,True,standard_straddle,small,-1,,,-12.494583951905295,-10.322482823338191,cf,-2.1721011285671032,53,50,penumbra-standard-C50-D0p05-fenzel-t1
0.0408219945202552,penumbra_standard:t1,-15.387454826255254,-12.943532289846681,,53,fenzel,,,,large,penumbra_standard,False,0.27182140784147,bias_corrected,large,2.89287087434996,2.62104946650849,size-penumbra_standard-fenzel-C50-S48-to53-large_to_small-mborderline-d0p05-t1,True,borderline,google/gemma-3-4b-pt,google_gemma_3_4b_pt,lower_standard_increases_bigness,standard_span,stated_standard,True,standard_straddle,small,1,,,-12.494583951905295,-10.322482823338191,base,-2.1721011285671032,48,50,penumbra-standard-C50-D0p05-fenzel-t1
0.05826890812397576,penumbra_standard:t1,-15.387454826255254,-12.943532289846681,,53,fenzel,,,,small,penumbra_standard,False,0.31231043066273756,bias_corrected,small,1.8345309851255003,2.146841415788238,size-penumbra_standard-fenzel-C50-S48-to53-large_to_small-mborderline-d0p05-t1,True,borderline,google/gemma-3-4b-pt,google_gemma_3_4b_pt,lower_standard_increases_bigness,standard_span,stated_standard,True,standard_straddle,small,1,,,-13.552923841129754,-10.796690874058443,cf,2.756232967071311,48,50,penumbra-standard-C50-D0p05-fenzel-t1
0.0953101798043249,penumbra_standard:t1,-15.387454826255254,-12.943532289846681,,45,fenzel,,,,small,penumbra_standard,False,-0.11604131602888934,bias_corrected,large,2.195765986160392,2.079724670131503,size-penumbra_standard-fenzel-C50-S55-to45-small_to_large-mnear_boundary-d0p1-t1,True,near_boundary,google/gemma-3-4b-pt,google_gemma_3_4b_pt,lower_standard_increases_bigness,standard_span,stated_standard,True,standard_straddle,small,-1,,,-13.191688840094862,-10.863807619715178,base,2.327881220379684,55,50,penumbra-standard-C50-D0p1-fenzel-t1
0.10536051565782635,penumbra_standard:t1,-15.387454826255254,-12.943532289846681,,45,fenzel,,,,large,penumbra_standard,False,0.20290493324243997,bias_corrected,large,2.659973061284017,2.457068128041577,size-penumbra_standard-fenzel-C50-S55-to45-small_to_large-mnear_boundary-d0p1-t1,True,near_boundary,google/gemma-3-4b-pt,google_gemma_3_4b_pt,lower_standard_increases_bigness,standard_span,stated_standard,True,standard_straddle,small,-1,,,-12.727481764971238,-10.486464161805104,cf,-2.2410176031661333,55,50,penumbra-standard-C50-D0p1-fenzel-t1
0.10536051565782635,penumbra_standard:t1,-15.387454826255254,-12.943532289846681,,55,fenzel,,,,large,penumbra_standard,False,0.20290493324243997,bias_corrected,large,2.659973061284017,2.457068128041577,size-penumbra_standard-fenzel-C50-S45-to55-large_to_small-mnear_boundary-d0p1-t1,True,near_boundary,google/gemma-3-4b-pt,google_gemma_3_4b_pt,lower_standard_increases_bigness,standard_span,stated_standard,True,standard_straddle,small,1,,,-12.727481764971238,-10.486464161805104,base,-2.2410176031661333,45,50,penumbra-standard-C50-D0p1-fenzel-t1
0.0953101798043249,penumbra_standard:t1,-15.387454826255254,-12.943532289846681,,55,fenzel,,,,small,penumbra_standard,False,-0.11604131602888934,bias_corrected,large,2.195765986160392,2.079724670131503,size-penumbra_standard-fenzel-C50-S45-to55-large_to_small-mnear_boundary-d0p1-t1,True,near_boundary,google/gemma-3-4b-pt,google_gemma_3_4b_pt,lower_standard_increases_bigness,standard_span,stated_standard,True,standard_straddle,small,1,,,-13.191688840094862,-10.863807619715178,cf,2.327881220379684,45,50,penumbra-standard-C50-D0p1-fenzel-t1
0.14842000511827333,penumbra_standard:t1,-15.387454826255254,-12.943532289846681,,43,fenzel,,,,small,penumbra_standard,False,0.0035670425496938662,bias_corrected,small,2.7617388348571996,2.7653058774068935,size-penumbra_standard-fenzel-C50-S58-to43-small_to_large-mnear_boundary-d0p15-t1,True,near_boundary,google/gemma-3-4b-pt,google_gemma_3_4b_pt,lower_standard_increases_bigness,standard_span,stated_standard,True,standard_straddle,small,-1,,,-12.625715991398055,-10.178226412439788,base,2.447489578958267,58,50,penumbra-standard-C50-D0p15-fenzel-t1
0.1508228897345837,penumbra_standard:t1,-15.387454826255254,-12.943532289846681,,43,fenzel,,,,large,penumbra_standard,False,-0.4775485984809791,bias_corrected,small,3.565823009644131,4.04337160812511,size-penumbra_standard-fenzel-C50-S58-to43-small_to_large-mnear_boundary-d0p15-t1,True,near_boundary,google/gemma-3-4b-pt,google_gemma_3_4b_pt,lower_standard_increases_bigness,standard_span,stated_standard,True,standard_straddle,small,-1,,,-11.821631816611124,-8.900160681721571,cf,-2.9214711348895523,58,50,penumbra-standard-C50-D0p15-fenzel-t1
0.1508228897345837,penumbra_standard:t1,-15.387454826255254,-12.943532289846681,,58,fenzel,,,,large,penumbra_standard,False,-0.4775485984809791,bias_corrected,small,3.565823009644131,4.04337160812511,size-penumbra_standard-fenzel-C50-S43-to58-large_to_small-mshoulder-d0p15-t1,True,shoulder,google/gemma-3-4b-pt,google_gemma_3_4b_pt,lower_standard_increases_bigness,standard_span,stated_standard,True,standard_straddle,small,1,,,-11.821631816611124,-8.900160681721571,base,-2.9214711348895523,43,50,penumbra-standard-C50-D0p15-fenzel-t1
0.14842000511827333,penumbra_standard:t1,-15.387454826255254,-12.943532289846681,,58,fenzel,,,,small,penumbra_standard,False,0.0035670425496938662,bias_corrected,small,2.7617388348571996,2.7653058774068935,size-penumbra_standard-fenzel-C50-S43-to58-large_to_small-mshoulder-d0p15-t1,True,shoulder,google/gemma-3-4b-pt,google_gemma_3_4b_pt,lower_standard_increases_bigness,standard_span,stated_standard,True,standard_straddle,small,1,,,-12.625715991398055,-10.178226412439788,cf,2.447489578958267,43,50,penumbra-standard-C50-D0p15-fenzel-t1
0.29266961396281993,penumbra_standard:t1,-15.387454826255254,-12.943532289846681,,37,fenzel,,,,small,penumbra_standard,True,-0.10555269439984016,bias_corrected,large,2.403868152661495,2.298315458261655,size-penumbra_standard-fenzel-C50-S67-to37-small_to_large-mshoulder-d0p3-t1,False,shoulder,google/gemma-3-4b-pt,google_gemma_3_4b_pt,lower_standard_increases_bigness,standard_span,stated_standard,False,standard_straddle,small,-1,,base_gate_pred_large_expected_small;cf_gate_margin_below_0.1,-12.98358667359376,-10.645216831585026,base,2.338369842008733,67,50,penumbra-standard-C50-D0p3-fenzel-t1
0.3011050927839216,penumbra_standard:t1,-15.387454826255254,-12.943532289846681,,37,fenzel,,,,large,penumbra_standard,True,0.0059081067379000984,bias_corrected,large,1.9053107726292726,1.8994026658913725,size-penumbra_standard-fenzel-C50-S67-to37-small_to_large-mshoulder-d0p3-t1,False,shoulder,google/gemma-3-4b-pt,google_gemma_3_4b_pt,lower_standard_increases_bigness,standard_span,stated_standard,False,standard_straddle,small,-1,,base_gate_pred_large_expected_small;cf_gate_margin_below_0.1,-13.482144053625982,-11.044129623955309,cf,-2.438014429670673,67,50,penumbra-standard-C50-D0p3-fenzel-t1
0.3011050927839216,penumbra_standard:t1,-15.387454826255254,-12.943532289846681,,67,fenzel,,,,large,penumbra_standard,True,0.0059081067379000984,bias_corrected,large,1.9053107726292726,1.8994026658913725,size-penumbra_standard-fenzel-C50-S37-to67-large_to_small-mshoulder-d0p3-t1,False,shoulder,google/gemma-3-4b-pt,google_gemma_3_4b_pt,lower_standard_increases_bigness,standard_span,stated_standard,False,standard_straddle,small,1,,base_gate_margin_below_0.1;cf_gate_pred_large_expected_small,-13.482144053625982,-11.044129623955309,base,-2.438014429670673,37,50,penumbra-standard-C50-D0p3-fenzel-t1
0.29266961396281993,penumbra_standard:t1,-15.387454826255254,-12.943532289846681,,67,fenzel,,,,small,penumbra_standard,True,-0.10555269439984016,bias_corrected,large,2.403868152661495,2.298315458261655,size-penumbra_standard-fenzel-C50-S37-to67-large_to_small-mshoulder-d0p3-t1,False,shoulder,google/gemma-3-4b-pt,google_gemma_3_4b_pt,lower_standard_increases_bigness,standard_span,stated_standard,False,standard_straddle,small,1,,base_gate_margin_below_0.1;cf_gate_pred_large_expected_small,-12.98358667359376,-10.645216831585026,cf,2.338369842008733,37,50,penumbra-standard-C50-D0p3-fenzel-t1
0.49469624183610705,penumbra_standard:t1,-15.387454826255254,-12.943532289846681,,30,fenzel,,,,small,penumbra_standard,True,0.02398215504357637,bias_corrected,small,3.3858221891336697,3.409804344177246,size-penumbra_standard-fenzel-C50-S82-to30-small_to_large-mclear-d0p5-t1,False,clear,google/gemma-3-4b-pt,google_gemma_3_4b_pt,lower_standard_increases_bigness,standard_span,stated_standard,False,standard_straddle,small,-1,,base_gate_margin_below_0.1;cf_gate_pred_small_expected_large,-12.001632637121585,-9.533727945669435,base,2.4679046914521496,82,50,penumbra-standard-C50-D0p5-fenzel-t1
0.5108256237659907,penumbra_standard:t1,-15.387454826255254,-12.943532289846681,,30,fenzel,,,,large,penumbra_standard,True,-0.03421292611873561,bias_corrected,small,2.848966511572627,2.8831794376913624,size-penumbra_standard-fenzel-C50-S82-to30-small_to_large-mclear-d0p5-t1,False,clear,google/gemma-3-4b-pt,google_gemma_3_4b_pt,lower_standard_increases_bigness,standard_span,stated_standard,False,standard_straddle,small,-1,,base_gate_margin_below_0.1;cf_gate_pred_small_expected_large,-12.538488314682628,-10.060352852155319,cf,-2.478135462527309,82,50,penumbra-standard-C50-D0p5-fenzel-t1
0.5108256237659907,penumbra_standard:t1,-15.387454826255254,-12.943532289846681,,82,fenzel,,,,large,penumbra_standard,True,-0.03421292611873561,bias_corrected,small,2.848966511572627,2.8831794376913624,size-penumbra_standard-fenzel-C50-S30-to82-large_to_small-mclear-d0p5-t1,False,clear,google/gemma-3-4b-pt,google_gemma_3_4b_pt,lower_standard_increases_bigness,standard_span,stated_standard,False,standard_straddle,small,1,,base_gate_pred_small_expected_large;cf_gate_margin_below_0.1,-12.538488314682628,-10.060352852155319,base,-2.478135462527309,30,50,penumbra-standard-C50-D0p5-fenzel-t1
0.49469624183610705,penumbra_standard:t1,-15.387454826255254,-12.943532289846681,,82,fenzel,,,,small,penumbra_standard,True,0.02398215504357637,bias_corrected,small,3.3858221891336697,3.409804344177246,size-penumbra_standard-fenzel-C50-S30-to82-large_to_small-mclear-d0p5-t1,False,clear,google/gemma-3-4b-pt,google_gemma_3_4b_pt,lower_standard_increases_bigness,standard_span,stated_standard,False,standard_straddle,small,1,,base_gate_pred_small_expected_large;cf_gate_margin_below_0.1,-12.001632637121585,-9.533727945669435,cf,2.4679046914521496,30,50,penumbra-standard-C50-D0p5-fenzel-t1
0.019802627296179754,penumbra_standard:t1,-15.387454826255254,-12.943532289846681,,196,fenzel,,,,small,penumbra_standard,False,0.0777398270324543,bias_corrected,small,2.08127240230975,2.1590122293422045,size-penumbra_standard-fenzel-C200-S204-to196-small_to_large-mborderline-d0p02-t1,True,borderline,google/gemma-3-4b-pt,google_gemma_3_4b_pt,lower_standard_increases_bigness,standard_span,stated_standard,True,standard_straddle,small,-1,,,-13.306182423945504,-10.784520060504477,base,2.5216623634410276,204,200,penumbra-standard-C200-D0p02-fenzel-t1
0.02020270731751947,penumbra_standard:t1,-15.387454826255254,-12.943532289846681,,196,fenzel,,,,large,penumbra_standard,False,0.29957992013263635,bias_corrected,large,1.5950911431544768,1.2955112230218404,size-penumbra_standard-fenzel-C200-S204-to196-small_to_large-mborderline-d0p02-t1,True,borderline,google/gemma-3-4b-pt,google_gemma_3_4b_pt,lower_standard_increases_bigness,standard_span,stated_standard,True,standard_straddle,small,-1,,,-13.792363683100778,-11.64802106682484,cf,-2.144342616275937,204,200,penumbra-standard-C200-D0p02-fenzel-t1
0.02020270731751947,penumbra_standard:t1,-15.387454826255254,-12.943532289846681,,204,fenzel,,,,large,penumbra_standard,False,0.29957992013263635,bias_corrected,large,1.5950911431544768,1.2955112230218404,size-penumbra_standard-fenzel-C200-S196-to204-large_to_small-mborderline-d0p02-t1,True,borderline,google/gemma-3-4b-pt,google_gemma_3_4b_pt,lower_standard_increases_bigness,standard_span,stated_standard,True,standard_straddle,small,1,,,-13.792363683100778,-11.64802106682484,base,-2.144342616275937,196,200,penumbra-standard-C200-D0p02-fenzel-t1
0.019802627296179754,penumbra_standard:t1,-15.387454826255254,-12.943532289846681,,204,fenzel,,,,small,penumbra_standard,False,0.0777398270324543,bias_corrected,small,2.08127240230975,2.1590122293422045,size-penumbra_standard-fenzel-C200-S196-to204-large_to_small-mborderline-d0p02-t1,True,borderline,google/gemma-3-4b-pt,google_gemma_3_4b_pt,lower_standard_increases_bigness,standard_span,stated_standard,True,standard_straddle,small,1,,,-13.306182423945504,-10.784520060504477,cf,2.5216623634410276,196,200,penumbra-standard-C200-D0p02-fenzel-t1
0.048790164169432056,penumbra_standard:t1,-15.387454826255254,-12.943532289846681,,190,fenzel,,,,small,penumbra_standard,False,-0.41652487396375015,bias_corrected,large,2.7043545296639326,2.2878296557001825,size-penumbra_standard-fenzel-C200-S210-to190-small_to_large-mborderline-d0p05-t1,True,borderline,google/gemma-3-4b-pt,google_gemma_3_4b_pt,lower_standard_increases_bigness,standard_span,stated_standard,True,standard_straddle,small,-1,,,-12.683100296591322,-10.655702634146499,base,2.027397662444823,210,200,penumbra-standard-C200-D0p05-fenzel-t1
0.05129329438755048,penumbra_standard:t1,-15.387454826255254,-12.943532289846681,,190,fenzel,,,,large,penumbra_standard,False,0.4379910927798516,bias_corrected,large,1.431439541550171,0.9934484487703195,size-penumbra_standard-fenzel-C200-S210-to190-small_to_large-mborderline-d0p05-t1,True,borderline,google/gemma-3-4b-pt,google_gemma_3_4b_pt,lower_standard_increases_bigness,standard_span,stated_standard,True,standard_straddle,small,-1,,,-13.956015284705083,-11.950083841076362,cf,-2.0059314436287217,210,200,penumbra-standard-C200-D0p05-fenzel-t1
0.05129329438755048,penumbra_standard:t1,-15.387454826255254,-12.943532289846681,,210,fenzel,,,,large,penumbra_standard,False,0.4379910927798516,bias_corrected,large,1.431439541550171,0.9934484487703195,size-penumbra_standard-fenzel-C200-S190-to210-large_to_small-mborderline-d0p05-t1,True,borderline,google/gemma-3-4b-pt,google_gemma_3_4b_pt,lower_standard_increases_bigness,standard_span,stated_standard,True,standard_straddle,small,1,,,-13.956015284705083,-11.950083841076362,base,-2.0059314436287217,190,200,penumbra-standard-C200-D0p05-fenzel-t1
0.048790164169432056,penumbra_standard:t1,-15.387454826255254,-12.943532289846681,,210,fenzel,,,,small,penumbra_standard,False,-0.41652487396375015,bias_corrected,large,2.7043545296639326,2.2878296557001825,size-penumbra_standard-fenzel-C200-S190-to210-large_to_small-mborderline-d0p05-t1,True,borderline,google/gemma-3-4b-pt,google_gemma_3_4b_pt,lower_standard_increases_bigness,standard_span,stated_standard,True,standard_straddle,small,1,,,-12.683100296591322,-10.655702634146499,cf,2.027397662444823,190,200,penumbra-standard-C200-D0p05-fenzel-t1
0.09984533496971613,penumbra_standard:t1,-15.387454826255254,-12.943532289846681,,181,fenzel,,,,small,penumbra_standard,False,-0.1358334130400305,bias_corrected,large,1.9064043593689437,1.7705709463289132,size-penumbra_standard-fenzel-C200-S221-to181-small_to_large-mnear_boundary-d0p1-t1,True,near_boundary,google/gemma-3-4b-pt,google_gemma_3_4b_pt,lower_standard_increases_bigness,standard_span,stated_standard,True,standard_straddle,small,-1,,,-13.48105046688631,-11.172961343517768,base,2.3080891233685428,221,200,penumbra-standard-C200-D0p1-fenzel-t1
0.09982033528221099,penumbra_standard:t1,-15.387454826255254,-12.943532289846681,,181,fenzel,,,,large,penumbra_standard,False,0.37227989417684704,bias_corrected,large,2.456515945811951,2.084236051635104,size-penumbra_standard-fenzel-C200-S221-to181-small_to_large-mnear_boundary-d0p1-t1,True,near_boundary,google/gemma-3-4b-pt,google_gemma_3_4b_pt,lower_standard_increases_bigness,standard_span,stated_standard,True,standard_straddle,small,-1,,,-12.930938880443303,-10.859296238211577,cf,-2.0716426422317262,221,200,penumbra-standard-C200-D0p1-fenzel-t1
0.09982033528221099,penumbra_standard:t1,-15.387454826255254,-12.943532289846681,,221,fenzel,,,,large,penumbra_standard,False,0.37227989417684704,bias_corrected,large,2.456515945811951,2.084236051635104,size-penumbra_standard-fenzel-C200-S181-to221-large_to_small-mnear_boundary-d0p1-t1,True,near_boundary,google/gemma-3-4b-pt,google_gemma_3_4b_pt,lower_standard_increases_bigness,standard_span,stated_standard,True,standard_straddle,small,1,,,-12.930938880443303,-10.859296238211577,base,-2.0716426422317262,181,200,penumbra-standard-C200-D0p1-fenzel-t1
0.09984533496971613,penumbra_standard:t1,-15.387454826255254,-12.943532289846681,,221,fenzel,,,,small,penumbra_standard,False,-0.1358334130400305,bias_corrected,large,1.9064043593689437,1.7705709463289132,size-penumbra_standard-fenzel-C200-S181-to221-large_to_small-mnear_boundary-d0p1-t1,True,near_boundary,google/gemma-3-4b-pt,google_gemma_3_4b_pt,lower_standard_increases_bigness,standard_span,stated_standard,True,standard_straddle,small,1,,,-13.48105046688631,-11.172961343517768,cf,2.3080891233685428,181,200,penumbra-standard-C200-D0p1-fenzel-t1
0.14842000511827333,penumbra_standard:t1,-15.387454826255254,-12.943532289846681,,172,fenzel,,,,small,penumbra_standard,False,0.28592067856378556,bias_corrected,small,1.9823907943825514,2.268311472946337,size-penumbra_standard-fenzel-C200-S232-to172-small_to_large-mnear_boundary-d0p15-t1,True,near_boundary,google/gemma-3-4b-pt,google_gemma_3_4b_pt,lower_standard_increases_bigness,standard_span,stated_standard,True,standard_straddle,small,-1,,,-13.405064031872703,-10.675220816900344,base,2.729843214972359,232,200,penumbra-standard-C200-D0p15-fenzel-t1
0.1508228897345837,penumbra_standard:t1,-15.387454826255254,-12.943532289846681,,172,fenzel,,,,large,penumbra_standard,False,0.6135707810553193,bias_corrected,large,2.511831004768027,1.8982602237127075,size-penumbra_standard-fenzel-C200-S232-to172-small_to_large-mnear_boundary-d0p15-t1,True,near_boundary,google/gemma-3-4b-pt,google_gemma_3_4b_pt,lower_standard_increases_bigness,standard_span,stated_standard,True,standard_straddle,small,-1,,,-12.875623821487228,-11.045272066133974,cf,-1.830351755353254,232,200,penumbra-standard-C200-D0p15-fenzel-t1
0.1508228897345837,penumbra_standard:t1,-15.387454826255254,-12.943532289846681,,232,fenzel,,,,large,penumbra_standard,False,0.6135707810553193,bias_corrected,large,2.511831004768027,1.8982602237127075,size-penumbra_standard-fenzel-C200-S172-to232-large_to_small-mshoulder-d0p15-t1,True,shoulder,google/gemma-3-4b-pt,google_gemma_3_4b_pt,lower_standard_increases_bigness,standard_span,stated_standard,True,standard_straddle,small,1,,,-12.875623821487228,-11.045272066133974,base,-1.830351755353254,172,200,penumbra-standard-C200-D0p15-fenzel-t1
0.14842000511827333,penumbra_standard:t1,-15.387454826255254,-12.943532289846681,,232,fenzel,,,,small,penumbra_standard,False,0.28592067856378556,bias_corrected,small,1.9823907943825514,2.268311472946337,size-penumbra_standard-fenzel-C200-S172-to232-large_to_small-mshoulder-d0p15-t1,True,shoulder,google/gemma-3-4b-pt,google_gemma_3_4b_pt,lower_standard_increases_bigness,standard_span,stated_standard,True,standard_straddle,small,1,,,-13.405064031872703,-10.675220816900344,cf,2.729843214972359,172,200,penumbra-standard-C200-D0p15-fenzel-t1
0.30010459245033816,penumbra_standard:t1,-15.387454826255254,-12.943532289846681,,148,fenzel,,,,small,penumbra_standard,True,-0.46298108324368137,bias_corrected,large,1.4384458888486726,0.9754648056049913,size-penumbra_standard-fenzel-C200-S270-to148-small_to_large-mshoulder-d0p3-t1,False,shoulder,google/gemma-3-4b-pt,google_gemma_3_4b_pt,lower_standard_increases_bigness,standard_span,stated_standard,False,standard_straddle,small,-1,,base_gate_pred_large_expected_small,-13.949008937406582,-11.96806748424169,base,1.980941453164892,270,200,penumbra-standard-C200-D0p3-fenzel-t1
0.3011050927839216,penumbra_standard:t1,-15.387454826255254,-12.943532289846681,,148,fenzel,,,,large,penumbra_standard,True,0.9221466194454173,bias_corrected,large,2.7411954782704804,1.819048858825063,size-penumbra_standard-fenzel-C200-S270-to148-small_to_large-mshoulder-d0p3-t1,False,shoulder,google/gemma-3-4b-pt,google_gemma_3_4b_pt,lower_standard_increases_bigness,standard_span,stated_standard,False,standard_straddle,small,-1,,base_gate_pred_large_expected_small,-12.646259347984774,-11.124483431021618,cf,-1.521775916963156,270,200,penumbra-standard-C200-D0p3-fenzel-t1
0.3011050927839216,penumbra_standard:t1,-15.387454826255254,-12.943532289846681,,270,fenzel,,,,large,penumbra_standard,True,0.9221466194454173,bias_corrected,large,2.7411954782704804,1.819048858825063,size-penumbra_standard-fenzel-C200-S148-to270-large_to_small-mshoulder-d0p3-t1,False,shoulder,google/gemma-3-4b-pt,google_gemma_3_4b_pt,lower_standard_increases_bigness,standard_span,stated_standard,False,standard_straddle,small,1,,cf_gate_pred_large_expected_small,-12.646259347984774,-11.124483431021618,base,-1.521775916963156,148,200,penumbra-standard-C200-D0p3-fenzel-t1
0.30010459245033816,penumbra_standard:t1,-15.387454826255254,-12.943532289846681,,270,fenzel,,,,small,penumbra_standard,True,-0.46298108324368137,bias_corrected,large,1.4384458888486726,0.9754648056049913,size-penumbra_standard-fenzel-C200-S148-to270-large_to_small-mshoulder-d0p3-t1,False,shoulder,google/gemma-3-4b-pt,google_gemma_3_4b_pt,lower_standard_increases_bigness,standard_span,stated_standard,False,standard_straddle,small,1,,cf_gate_pred_large_expected_small,-13.949008937406582,-11.96806748424169,cf,1.980941453164892,148,200,penumbra-standard-C200-D0p3-fenzel-t1
0.5007752879124893,penumbra_standard:t1,-15.387454826255254,-12.943532289846681,,121,fenzel,,,,small,penumbra_standard,True,0.020749494514458178,bias_corrected,small,2.8257060637678055,2.8464555582822637,size-penumbra_standard-fenzel-C200-S330-to121-small_to_large-mclear-d0p5-t1,False,clear,google/gemma-3-4b-pt,google_gemma_3_4b_pt,lower_standard_increases_bigness,standard_span,stated_standard,False,standard_straddle,small,-1,,base_gate_margin_below_0.1,-12.561748762487449,-10.097076731564417,base,2.4646720309230314,330,200,penumbra-standard-C200-D0p5-fenzel-t1
0.5025268209512956,penumbra_standard:t1,-15.387454826255254,-12.943532289846681,,121,fenzel,,,,large,penumbra_standard,True,0.531038304516052,bias_corrected,large,2.9617665359617025,2.4307282314456504,size-penumbra_standard-fenzel-C200-S330-to121-small_to_large-mclear-d0p5-t1,False,clear,google/gemma-3-4b-pt,google_gemma_3_4b_pt,lower_standard_increases_bigness,standard_span,stated_standard,False,standard_straddle,small,-1,,base_gate_margin_below_0.1,-12.425688290293552,-10.51280405840103,cf,-1.9128842318925212,330,200,penumbra-standard-C200-D0p5-fenzel-t1
0.5025268209512956,penumbra_standard:t1,-15.387454826255254,-12.943532289846681,,330,fenzel,,,,large,penumbra_standard,True,0.531038304516052,bias_corrected,large,2.9617665359617025,2.4307282314456504,size-penumbra_standard-fenzel-C200-S121-to330-large_to_small-mclear-d0p5-t1,False,clear,google/gemma-3-4b-pt,google_gemma_3_4b_pt,lower_standard_increases_bigness,standard_span,stated_standard,False,standard_straddle,small,1,,cf_gate_margin_below_0.1,-12.425688290293552,-10.51280405840103,base,-1.9128842318925212,121,200,penumbra-standard-C200-D0p5-fenzel-t1
0.5007752879124893,penumbra_standard:t1,-15.387454826255254,-12.943532289846681,,330,fenzel,,,,small,penumbra_standard,True,0.020749494514458178,bias_corrected,small,2.8257060637678055,2.8464555582822637,size-penumbra_standard-fenzel-C200-S121-to330-large_to_small-mclear-d0p5-t1,False,clear,google/gemma-3-4b-pt,google_gemma_3_4b_pt,lower_standard_increases_bigness,standard_span,stated_standard,False,standard_straddle,small,1,,cf_gate_margin_below_0.1,-12.561748762487449,-10.097076731564417,cf,2.4646720309230314,121,200,penumbra-standard-C200-D0p5-fenzel-t1
0.019802627296179754,penumbra_standard:t1,-15.387454826255254,-12.943532289846681,,490,fenzel,,,,small,penumbra_standard,False,-0.4410958770075144,bias_corrected,large,2.401008449883829,1.9599125728763145,size-penumbra_standard-fenzel-C500-S510-to490-small_to_large-mborderline-d0p02-t1,True,borderline,google/gemma-3-4b-pt,google_gemma_3_4b_pt,lower_standard_increases_bigness,standard_span,stated_standard,True,standard_straddle,small,-1,,,-12.986446376371426,-10.983619716970367,base,2.002826659401059,510,500,penumbra-standard-C500-D0p02-fenzel-t1
0.02020270731751947,penumbra_standard:t1,-15.387454826255254,-12.943532289846681,,490,fenzel,,,,large,penumbra_standard,False,1.0255731988804637,bias_corrected,large,3.1360722624716857,2.110499063591222,size-penumbra_standard-fenzel-C500-S510-to490-small_to_large-mborderline-d0p02-t1,True,borderline,google/gemma-3-4b-pt,google_gemma_3_4b_pt,lower_standard_increases_bigness,standard_span,stated_standard,True,standard_straddle,small,-1,,,-12.251382563783569,-10.83303322625546,cf,-1.4183493375281095,510,500,penumbra-standard-C500-D0p02-fenzel-t1
0.02020270731751947,penumbra_standard:t1,-15.387454826255254,-12.943532289846681,,510,fenzel,,,,large,penumbra_standard,False,1.0255731988804637,bias_corrected,large,3.1360722624716857,2.110499063591222,size-penumbra_standard-fenzel-C500-S490-to510-large_to_small-mborderline-d0p02-t1,True,borderline,google/gemma-3-4b-pt,google_gemma_3_4b_pt,lower_standard_increases_bigness,standard_span,stated_standard,True,standard_straddle,small,1,,,-12.251382563783569,-10.83303322625546,base,-1.4183493375281095,490,500,penumbra-standard-C500-D0p02-fenzel-t1
0.019802627296179754,penumbra_standard:t1,-15.387454826255254,-12.943532289846681,,510,fenzel,,,,small,penumbra_standard,False,-0.4410958770075144,bias_corrected,large,2.401008449883829,1.9599125728763145,size-penumbra_standard-fenzel-C500-S490-to510-large_to_small-mborderline-d0p02-t1,True,borderline,google/gemma-3-4b-pt,google_gemma_3_4b_pt,lower_standard_increases_bigness,standard_span,stated_standard,True,standard_straddle,small,1,,,-12.986446376371426,-10.983619716970367,cf,2.002826659401059,490,500,penumbra-standard-C500-D0p02-fenzel-t1
0.050693114315518095,penumbra_standard:t1,-15.387454826255254,-12.943532289846681,,476,fenzel,,,,small,penumbra_standard,False,-0.2114305790673523,bias_corrected,large,2.479420773871084,2.2679901948037315,size-penumbra_standard-fenzel-C500-S526-to476-small_to_large-mborderline-d0p05-t1,True,borderline,google/gemma-3-4b-pt,google_gemma_3_4b_pt,lower_standard_increases_bigness,standard_span,stated_standard,True,standard_straddle,small,-1,,,-12.90803405238417,-10.67554209504295,base,2.232491957341221,526,500,penumbra-standard-C500-D0p05-fenzel-t1
0.04919024419077178,penumbra_standard:t1,-15.387454826255254,-12.943532289846681,,476,fenzel,,,,large,penumbra_standard,False,0.6652540845537178,bias_corrected,large,3.2029296268409,2.5376755422871824,size-penumbra_standard-fenzel-C500-S526-to476-small_to_large-mborderline-d0p05-t1,True,borderline,google/gemma-3-4b-pt,google_gemma_3_4b_pt,lower_standard_increases_bigness,standard_span,stated_standard,True,standard_straddle,small,-1,,,-12.184525199414354,-10.405856747559499,cf,-1.7786684518548554,526,500,penumbra-standard-C500-D0p05-fenzel-t1
0.04919024419077178,penumbra_standard:t1,-15.387454826255254,-12.943532289846681,,526,fenzel,,,,large,penumbra_standard,False,0.6652540845537178,bias_corrected,large,3.2029296268409,2.5376755422871824,size-penumbra_standard-fenzel-C500-S476-to526-large_to_small-mborderline-d0p05-t1,True,borderline,google/gemma-3-4b-pt,google_gemma_3_4b_pt,lower_standard_increases_bigness,standard_span,stated_standard,True,standard_straddle,small,1,,,-12.184525199414354,-10.405856747559499,base,-1.7786684518548554,476,500,penumbra-standard-C500-D0p05-fenzel-t1
0.050693114315518095,penumbra_standard:t1,-15.387454826255254,-12.943532289846681,,526,fenzel,,,,small,penumbra_standard,False,-0.2114305790673523,bias_corrected,large,2.479420773871084,2.2679901948037315,size-penumbra_standard-fenzel-C500-S476-to526-large_to_small-mborderline-d0p05-t1,True,borderline,google/gemma-3-4b-pt,google_gemma_3_4b_pt,lower_standard_increases_bigness,standard_span,stated_standard,True,standard_straddle,small,1,,,-12.90803405238417,-10.67554209504295,cf,2.232491957341221,476,500,penumbra-standard-C500-D0p05-fenzel-t1
0.10074990310014302,penumbra_standard:t1,-15.387454826255254,-12.943532289846681,,452,fenzel,,,,small,penumbra_standard,False,0.05300880714958467,bias_corrected,small,2.017980255504334,2.0709890626539185,size-penumbra_standard-fenzel-C500-S553-to452-small_to_large-mnear_boundary-d0p1-t1,True,near_boundary,google/gemma-3-4b-pt,google_gemma_3_4b_pt,lower_standard_increases_bigness,standard_span,stated_standard,True,standard_straddle,small,-1,,,-13.36947457075092,-10.872543227192763,base,2.496931343558158,553,500,penumbra-standard-C500-D0p1-fenzel-t1
0.1009259185899605,penumbra_standard:t1,-15.387454826255254,-12.943532289846681,,452,fenzel,,,,large,penumbra_standard,False,0.09858359697316743,bias_corrected,large,3.32098535564435,3.2224017586711824,size-penumbra_standard-fenzel-C500-S553-to452-small_to_large-mnear_boundary-d0p1-t1,True,near_boundary,google/gemma-3-4b-pt,google_gemma_3_4b_pt,lower_standard_increases_bigness,standard_span,stated_standard,True,standard_straddle,small,-1,,,-12.066469470610905,-9.721130531175499,cf,-2.345338939435406,553,500,penumbra-standard-C500-D0p1-fenzel-t1
0.1009259185899605,penumbra_standard:t1,-15.387454826255254,-12.943532289846681,,553,fenzel,,,,large,penumbra_standard,False,0.09858359697316743,bias_corrected,large,3.32098535564435,3.2224017586711824,size-penumbra_standard-fenzel-C500-S452-to553-large_to_small-mnear_boundary-d0p1-t1,True,near_boundary,google/gemma-3-4b-pt,google_gemma_3_4b_pt,lower_standard_increases_bigness,standard_span,stated_standard,True,standard_straddle,small,1,,,-12.066469470610905,-9.721130531175499,base,-2.345338939435406,452,500,penumbra-standard-C500-D0p1-fenzel-t1
0.10074990310014302,penumbra_standard:t1,-15.387454826255254,-12.943532289846681,,553,fenzel,,,,small,penumbra_standard,False,0.05300880714958467,bias_corrected,small,2.017980255504334,2.0709890626539185,size-penumbra_standard-fenzel-C500-S452-to553-large_to_small-mnear_boundary-d0p1-t1,True,near_boundary,google/gemma-3-4b-pt,google_gemma_3_4b_pt,lower_standard_increases_bigness,standard_span,stated_standard,True,standard_straddle,small,1,,,-13.36947457075092,-10.872543227192763,cf,2.496931343558158,452,500,penumbra-standard-C500-D0p1-fenzel-t1
0.019802627296179754,penumbra_standard:t2,-12.140146842934877,-10.648689984287898,,49,ant,,,,small,penumbra_standard,False,1.6701986020527588,bias_corrected,small,0.2501435105496661,1.920342112602425,size-penumbra_standard-ant-C50-S51-to49-small_to_large-mborderline-d0p02-t2,True,borderline,google/gemma-3-4b-pt,google_gemma_3_4b_pt,lower_standard_increases_bigness,standard_span,stated_standard,True,standard_straddle,small,-1,,,-11.890003332385211,-8.728347871685473,base,3.1616554606997376,51,50,penumbra-standard-C50-D0p02-ant-t2
0.02020270731751947,penumbra_standard:t2,-12.140146842934877,-10.648689984287898,,49,ant,,,,large,penumbra_standard,False,1.1400888496354762,bias_corrected,large,4.210635023843411,3.0705461742079345,size-penumbra_standard-ant-C50-S51-to49-small_to_large-mborderline-d0p02-t2,True,borderline,google/gemma-3-4b-pt,google_gemma_3_4b_pt,lower_standard_increases_bigness,standard_span,stated_standard,True,standard_straddle,small,-1,,,-7.929511819091466,-7.578143810079964,cf,-0.35136800901150256,51,50,penumbra-standard-C50-D0p02-ant-t2
0.02020270731751947,penumbra_standard:t2,-12.140146842934877,-10.648689984287898,,51,ant,,,,large,penumbra_standard,False,1.1400888496354762,bias_corrected,large,4.210635023843411,3.0705461742079345,size-penumbra_standard-ant-C50-S49-to51-large_to_small-mborderline-d0p02-t2,True,borderline,google/gemma-3-4b-pt,google_gemma_3_4b_pt,lower_standard_increases_bigness,standard_span,stated_standard,True,standard_straddle,small,1,,,-7.929511819091466,-7.578143810079964,base,-0.35136800901150256,49,50,penumbra-standard-C50-D0p02-ant-t2
0.019802627296179754,penumbra_standard:t2,-12.140146842934877,-10.648689984287898,,51,ant,,,,small,penumbra_standard,False,1.6701986020527588,bias_corrected,small,0.2501435105496661,1.920342112602425,size-penumbra_standard-ant-C50-S49-to51-large_to_small-mborderline-d0p02-t2,True,borderline,google/gemma-3-4b-pt,google_gemma_3_4b_pt,lower_standard_increases_bigness,standard_span,stated_standard,True,standard_straddle,small,1,,,-11.890003332385211,-8.728347871685473,cf,3.1616554606997376,49,50,penumbra-standard-C50-D0p02-ant-t2
0.05826890812397576,penumbra_standard:t2,-12.140146842934877,-10.648689984287898,,48,ant,,,,small,penumbra_standard,False,1.2136857355278377,bias_corrected,small,1.139055299440102,2.3527410349679396,size-penumbra_standard-ant-C50-S53-to48-small_to_large-mborderline-d0p05-t2,True,borderline,google/gemma-3-4b-pt,google_gemma_3_4b_pt,lower_standard_increases_bigness,standard_span,stated_standard,True,standard_straddle,small,-1,,,-11.001091543494775,-8.295948949319959,base,2.7051425941748164,53,50,penumbra-standard-C50-D0p05-ant-t2
0.0408219945202552,penumbra_standard:t2,-12.140146842934877,-10.648689984287898,,48,ant,,,,large,penumbra_standard,False,0.7641569787516271,bias_corrected,large,2.9439514841487213,2.179794505397094,size-penumbra_standard-ant-C50-S53-to48-small_to_large-mborderline-d0p05-t2,True,borderline,google/gemma-3-4b-pt,google_gemma_3_4b_pt,lower_standard_increases_bigness,standard_span,stated_standard,True,standard_straddle,small,-1,,,-9.196195358786156,-8.468895478890804,cf,-0.7272998798953516,53,50,penumbra-standard-C50-D0p05-ant-t2
0.0408219945202552,penumbra_standard:t2,-12.140146842934877,-10.648689984287898,,53,ant,,,,large,penumbra_standard,False,0.7641569787516271,bias_corrected,large,2.9439514841487213,2.179794505397094,size-penumbra_standard-ant-C50-S48-to53-large_to_small-mborderline-d0p05-t2,True,borderline,google/gemma-3-4b-pt,google_gemma_3_4b_pt,lower_standard_increases_bigness,standard_span,stated_standard,True,standard_straddle,small,1,,,-9.196195358786156,-8.468895478890804,base,-0.7272998798953516,48,50,penumbra-standard-C50-D0p05-ant-t2
0.05826890812397576,penumbra_standard:t2,-12.140146842934877,-10.648689984287898,,53,ant,,,,small,penumbra_standard,False,1.2136857355278377,bias_corrected,small,1.139055299440102,2.3527410349679396,size-penumbra_standard-ant-C50-S48-to53-large_to_small-mborderline-d0p05-t2,True,borderline,google/gemma-3-4b-pt,google_gemma_3_4b_pt,lower_standard_increases_bigness,standard_span,stated_standard,True,standard_straddle,small,1,,,-11.001091543494775,-8.295948949319959,cf,2.7051425941748164,48,50,penumbra-standard-C50-D0p05-ant-t2
0.0953101798043249,penumbra_standard:t2,-12.140146842934877,-10.648689984287898,,45,ant,,,,small,penumbra_standard,False,1.3298428900915757,bias_corrected,small,1.440293859391021,2.770136749482597,size-penumbra_standard-ant-C50-S55-to45-small_to_large-mnear_boundary-d0p1-t2,True,near_boundary,google/gemma-3-4b-pt,google_gemma_3_4b_pt,lower_standard_increases_bigness,standard_span,stated_standard,True,standard_straddle,small,-1,,,-10.699852983543856,-7.878553234805302,base,2.8212997487385545,55,50,penumbra-standard-C50-D0p1-ant-t2
0.10536051565782635,penumbra_standard:t2,-12.140146842934877,-10.648689984287898,,45,ant,,,,large,penumbra_standard,False,0.5743080836432739,bias_corrected,large,3.3986337223284107,2.8243256386851368,size-penumbra_standard-ant-C50-S55-to45-small_to_large-mnear_boundary-d0p1-t2,True,near_boundary,google/gemma-3-4b-pt,google_gemma_3_4b_pt,lower_standard_increases_bigness,standard_span,stated_standard,True,standard_straddle,small,-1,,,-8.741513120606466,-7.824364345602762,cf,-0.9171487750037048,55,50,penumbra-standard-C50-D0p1-ant-t2
0.10536051565782635,penumbra_standard:t2,-12.140146842934877,-10.648689984287898,,55,ant,,,,large,penumbra_standard,False,0.5743080836432739,bias_corrected,large,3.3986337223284107,2.8243256386851368,size-penumbra_standard-ant-C50-S45-to55-large_to_small-mnear_boundary-d0p1-t2,True,near_boundary,google/gemma-3-4b-pt,google_gemma_3_4b_pt,lower_standard_increases_bigness,standard_span,stated_standard,True,standard_straddle,small,1,,,-8.741513120606466,-7.824364345602762,base,-0.9171487750037048,45,50,penumbra-standard-C50-D0p1-ant-t2
0.0953101798043249,penumbra_standard:t2,-12.140146842934877,-10.648689984287898,,55,ant,,,,small,penumbra_standard,False,1.3298428900915757,bias_corrected,small,1.440293859391021,2.770136749482597,size-penumbra_standard-ant-C50-S45-to55-large_to_small-mnear_boundary-d0p1-t2,True,near_boundary,google/gemma-3-4b-pt,google_gemma_3_4b_pt,lower_standard_increases_bigness,standard_span,stated_standard,True,standard_straddle,small,1,,,-10.699852983543856,-7.878553234805302,cf,2.8212997487385545,45,50,penumbra-standard-C50-D0p1-ant-t2
0.14842000511827333,penumbra_standard:t2,-12.140146842934877,-10.648689984287898,,43,ant,,,,small,penumbra_standard,False,1.1894942884972615,bias_corrected,small,1.1473642544052485,2.33685854290251,size-penumbra_standard-ant-C50-S58-to43-small_to_large-mnear_boundary-d0p15-t2,True,near_boundary,google/gemma-3-4b-pt,google_gemma_3_4b_pt,lower_standard_increases_bigness,standard_span,stated_standard,True,standard_straddle,small,-1,,,-10.992782588529629,-8.311831441385388,base,2.68095114714424,58,50,penumbra-standard-C50-D0p15-ant-t2
0.1508228897345837,penumbra_standard:t2,-12.140146842934877,-10.648689984287898,,43,ant,,,,large,penumbra_standard,False,0.7706963747605613,bias_corrected,large,3.8203274202234745,3.049631045462913,size-penumbra_standard-ant-C50-S58-to43-small_to_large-mnear_boundary-d0p15-t2,True,near_boundary,google/gemma-3-4b-pt,google_gemma_3_4b_pt,lower_standard_increases_bigness,standard_span,stated_standard,True,standard_straddle,small,-1,,,-8.319819422711403,-7.599058938824985,cf,-0.7207604838864174,58,50,penumbra-standard-C50-D0p15-ant-t2
0.1508228897345837,penumbra_standard:t2,-12.140146842934877,-10.648689984287898,,58,ant,,,,large,penumbra_standard,False,0.7706963747605613,bias_corrected,large,3.8203274202234745,3.049631045462913,size-penumbra_standard-ant-C50-S43-to58-large_to_small-mshoulder-d0p15-t2,True,shoulder,google/gemma-3-4b-pt,google_gemma_3_4b_pt,lower_standard_increases_bigness,standard_span,stated_standard,True,standard_straddle,small,1,,,-8.319819422711403,-7.599058938824985,base,-0.7207604838864174,43,50,penumbra-standard-C50-D0p15-ant-t2
0.14842000511827333,penumbra_standard:t2,-12.140146842934877,-10.648689984287898,,58,ant,,,,small,penumbra_standard,False,1.1894942884972615,bias_corrected,small,1.1473642544052485,2.33685854290251,size-penumbra_standard-ant-C50-S43-to58-large_to_small-mshoulder-d0p15-t2,True,shoulder,google/gemma-3-4b-pt,google_gemma_3_4b_pt,lower_standard_increases_bigness,standard_span,stated_standard,True,standard_straddle,small,1,,,-10.992782588529629,-8.311831441385388,cf,2.68095114714424,43,50,penumbra-standard-C50-D0p15-ant-t2
0.29266961396281993,penumbra_standard:t2,-12.140146842934877,-10.648689984287898,,37,ant,,,,small,penumbra_standard,True,1.659937720734722,bias_corrected,small,1.6570221632717885,3.3169598840065104,size-penumbra_standard-ant-C50-S67-to37-small_to_large-mshoulder-d0p3-t2,True,shoulder,google/gemma-3-4b-pt,google_gemma_3_4b_pt,lower_standard_increases_bigness,standard_span,stated_standard,False,standard_straddle,small,-1,,,-10.483124679663089,-7.331730100281388,base,3.1513945793817006,67,50,penumbra-standard-C50-D0p3-ant-t2
0.3011050927839216,penumbra_standard:t2,-12.140146842934877,-10.648689984287898,,37,ant,,,,large,penumbra_standard,True,0.6427177714779795,bias_corrected,large,3.553476994099702,2.9107592226217225,size-penumbra_standard-ant-C50-S67-to37-small_to_large-mshoulder-d0p3-t2,True,shoulder,google/gemma-3-4b-pt,google_gemma_3_4b_pt,lower_standard_increases_bigness,standard_span,stated_standard,False,standard_straddle,small,-1,,,-8.586669848835175,-7.737930761666176,cf,-0.8487390871689993,67,50,penumbra-standard-C50-D0p3-ant-t2
0.3011050927839216,penumbra_standard:t2,-12.140146842934877,-10.648689984287898,,67,ant,,,,large,penumbra_standard,True,0.6427177714779795,bias_corrected,large,3.553476994099702,2.9107592226217225,size-penumbra_standard-ant-C50-S37-to67-large_to_small-mshoulder-d0p3-t2,True,shoulder,google/gemma-3-4b-pt,google_gemma_3_4b_pt,lower_standard_increases_bigness,standard_span,stated_standard,False,standard_straddle,small,1,,,-8.586669848835175,-7.737930761666176,base,-0.8487390871689993,37,50,penumbra-standard-C50-D0p3-ant-t2
0.29266961396281993,penumbra_standard:t2,-12.140146842934877,-10.648689984287898,,67,ant,,,,small,penumbra_standard,True,1.659937720734722,bias_corrected,small,1.6570221632717885,3.3169598840065104,size-penumbra_standard-ant-C50-S37-to67-large_to_small-mshoulder-d0p3-t2,True,shoulder,google/gemma-3-4b-pt,google_gemma_3_4b_pt,lower_standard_increases_bigness,standard_span,stated_standard,False,standard_straddle,small,1,,,-10.483124679663089,-7.331730100281388,cf,3.1513945793817006,37,50,penumbra-standard-C50-D0p3-ant-t2
0.49469624183610705,penumbra_standard:t2,-12.140146842934877,-10.648689984287898,,30,ant,,,,small,penumbra_standard,True,0.9771072374711292,bias_corrected,small,1.7171014064426249,2.694208643913754,size-penumbra_standard-ant-C50-S82-to30-small_to_large-mclear-d0p5-t2,True,clear,google/gemma-3-4b-pt,google_gemma_3_4b_pt,lower_standard_increases_bigness,standard_span,stated_standard,False,standard_straddle,small,-1,,,-10.423045436492252,-7.954481340374144,base,2.468564096118108,82,50,penumbra-standard-C50-D0p5-ant-t2
0.5108256237659907,penumbra_standard:t2,-12.140146842934877,-10.648689984287898,,30,ant,,,,large,penumbra_standard,True,0.967951337226939,bias_corrected,large,1.4923413711578775,0.5243900339309384,size-penumbra_standard-ant-C50-S82-to30-small_to_large-mclear-d0p5-t2,True,clear,google/gemma-3-4b-pt,google_gemma_3_4b_pt,lower_standard_increases_bigness,standard_span,stated_standard,False,standard_straddle,small,-1,,,-10.647805471777,-10.12429995035696,cf,-0.5235055214200397,82,50,penumbra-standard-C50-D0p5-ant-t2
0.5108256237659907,penumbra_standard:t2,-12.140146842934877,-10.648689984287898,,82,ant,,,,large,penumbra_standard,True,0.967951337226939,bias_corrected,large,1.4923413711578775,0.5243900339309384,size-penumbra_standard-ant-C50-S30-to82-large_to_small-mclear-d0p5-t2,True,clear,google/gemma-3-4b-pt,google_gemma_3_4b_pt,lower_standard_increases_bigness,standard_span,stated_standard,False,standard_straddle,small,1,,,-10.647805471777,-10.12429995035696,base,-0.5235055214200397,30,50,penumbra-standard-C50-D0p5-ant-t2
0.49469624183610705,penumbra_standard:t2,-12.140146842934877,-10.648689984287898,,82,ant,,,,small,penumbra_standard,True,0.9771072374711292,bias_corrected,small,1.7171014064426249,2.694208643913754,size-penumbra_standard-ant-C50-S30-to82-large_to_small-mclear-d0p5-t2,True,clear,google/gemma-3-4b-pt,google_gemma_3_4b_pt,lower_standard_increases_bigness,standard_span,stated_standard,False,standard_straddle,small,1,,,-10.423045436492252,-7.954481340374144,cf,2.468564096118108,30,50,penumbra-standard-C50-D0p5-ant-t2
0.019802627296179754,penumbra_standard:t2,-12.140146842934877,-10.648689984287898,,196,ant,,,,small,penumbra_standard,False,1.0935498560432908,bias_corrected,small,1.0491541779668907,2.1427040340101815,size-penumbra_standard-ant-C200-S204-to196-small_to_large-mborderline-d0p02-t2,True,borderline,google/gemma-3-4b-pt,google_gemma_3_4b_pt,lower_standard_increases_bigness,standard_span,stated_standard,True,standard_straddle,small,-1,,,-11.090992664967986,-8.505985950277717,base,2.5850067146902695,204,200,penumbra-standard-C200-D0p02-ant-t2
0.02020270731751947,penumbra_standard:t2,-12.140146842934877,-10.648689984287898,,196,ant,,,,large,penumbra_standard,False,-0.8503195484678159,bias_corrected,small,1.4633029216403788,2.3136224701081947,size-penumbra_standard-ant-C200-S204-to196-small_to_large-mborderline-d0p02-t2,True,borderline,google/gemma-3-4b-pt,google_gemma_3_4b_pt,lower_standard_increases_bigness,standard_span,stated_standard,True,standard_straddle,small,-1,,,-10.676843921294498,-8.335067514179704,cf,-2.3417764071147946,204,200,penumbra-standard-C200-D0p02-ant-t2
0.02020270731751947,penumbra_standard:t2,-12.140146842934877,-10.648689984287898,,204,ant,,,,large,penumbra_standard,False,-0.8503195484678159,bias_corrected,small,1.4633029216403788,2.3136224701081947,size-penumbra_standard-ant-C200-S196-to204-large_to_small-mborderline-d0p02-t2,True,borderline,google/gemma-3-4b-pt,google_gemma_3_4b_pt,lower_standard_increases_bigness,standard_span,stated_standard,True,standard_straddle,small,1,,,-10.676843921294498,-8.335067514179704,base,-2.3417764071147946,196,200,penumbra-standard-C200-D0p02-ant-t2
0.019802627296179754,penumbra_standard:t2,-12.140146842934877,-10.648689984287898,,204,ant,,,,small,penumbra_standard,False,1.0935498560432908,bias_corrected,small,1.0491541779668907,2.1427040340101815,size-penumbra_standard-ant-C200-S196-to204-large_to_small-mborderline-d0p02-t2,True,borderline,google/gemma-3-4b-pt,google_gemma_3_4b_pt,lower_standard_increases_bigness,standard_span,stated_standard,True,standard_straddle,small,1,,,-11.090992664967986,-8.505985950277717,cf,2.5850067146902695,196,200,penumbra-standard-C200-D0p02-ant-t2
0.048790164169432056,penumbra_standard:t2,-12.140146842934877,-10.648689984287898,,190,ant,,,,small,penumbra_standard,False,0.8581331584614986,bias_corrected,small,1.1217839170122978,1.9799170754737965,size-penumbra_standard-ant-C200-S210-to190-small_to_large-mborderline-d0p05-t2,True,borderline,google/gemma-3-4b-pt,google_gemma_3_4b_pt,lower_standard_increases_bigness,standard_span,stated_standard,True,standard_straddle,small,-1,,,-11.01836292592258,-8.668772908814102,base,2.3495900171084774,210,200,penumbra-standard-C200-D0p05-ant-t2
0.05129329438755048,penumbra_standard:t2,-12.140146842934877,-10.648689984287898,,190,ant,,,,large,penumbra_standard,False,0.7714874200861672,bias_corrected,large,1.3862927669162577,0.6148053468300905,size-penumbra_standard-ant-C200-S210-to190-small_to_large-mborderline-d0p05-t2,True,borderline,google/gemma-3-4b-pt,google_gemma_3_4b_pt,lower_standard_increases_bigness,standard_span,stated_standard,True,standard_straddle,small,-1,,,-10.75385407601862,-10.033884637457808,cf,-0.7199694385608115,210,200,penumbra-standard-C200-D0p05-ant-t2
0.05129329438755048,penumbra_standard:t2,-12.140146842934877,-10.648689984287898,,210,ant,,,,large,penumbra_standard,False,0.7714874200861672,bias_corrected,large,1.3862927669162577,0.6148053468300905,size-penumbra_standard-ant-C200-S190-to210-large_to_small-mborderline-d0p05-t2,True,borderline,google/gemma-3-4b-pt,google_gemma_3_4b_pt,lower_standard_increases_bigness,standard_span,stated_standard,True,standard_straddle,small,1,,,-10.75385407601862,-10.033884637457808,base,-0.7199694385608115,190,200,penumbra-standard-C200-D0p05-ant-t2
0.048790164169432056,penumbra_standard:t2,-12.140146842934877,-10.648689984287898,,210,ant,,,,small,penumbra_standard,False,0.8581331584614986,bias_corrected,small,1.1217839170122978,1.9799170754737965,size-penumbra_standard-ant-C200-S190-to210-large_to_small-mborderline-d0p05-t2,True,borderline,google/gemma-3-4b-pt,google_gemma_3_4b_pt,lower_standard_increases_bigness,standard_span,stated_standard,True,standard_straddle,small,1,,,-11.01836292592258,-8.668772908814102,cf,2.3495900171084774,190,200,penumbra-standard-C200-D0p05-ant-t2
0.09984533496971613,penumbra_standard:t2,-12.140146842934877,-10.648689984287898,,181,ant,,,,small,penumbra_standard,False,0.2969020558940443,bias_corrected,small,2.7992199237457545,3.0961219796397987,size-penumbra_standard-ant-C200-S221-to181-small_to_large-mnear_boundary-d0p1-t2,True,near_boundary,google/gemma-3-4b-pt,google_gemma_3_4b_pt,lower_standard_increases_bigness,standard_span,stated_standard,True,standard_straddle,small,-1,,,-9.340926919189123,-7.5525680046481,base,1.788358914541023,221,200,penumbra-standard-C200-D0p1-ant-t2
0.09982033528221099,penumbra_standard:t2,-12.140146842934877,-10.648689984287898,,181,ant,,,,large,penumbra_standard,False,0.3383986303761297,bias_corrected,large,3.2341331361134955,2.895734505737366,size-penumbra_standard-ant-C200-S221-to181-small_to_large-mnear_boundary-d0p1-t2,True,near_boundary,google/gemma-3-4b-pt,google_gemma_3_4b_pt,lower_standard_increases_bigness,standard_span,stated_standard,True,standard_straddle,small,-1,,,-8.906013706821382,-7.752955478550533,cf,-1.153058228270849,221,200,penumbra-standard-C200-D0p1-ant-t2
0.09982033528221099,penumbra_standard:t2,-12.140146842934877,-10.648689984287898,,221,ant,,,,large,penumbra_standard,False,0.3383986303761297,bias_corrected,large,3.2341331361134955,2.895734505737366,size-penumbra_standard-ant-C200-S181-to221-large_to_small-mnear_boundary-d0p1-t2,True,near_boundary,google/gemma-3-4b-pt,google_gemma_3_4b_pt,lower_standard_increases_bigness,standard_span,stated_standard,True,standard_straddle,small,1,,,-8.906013706821382,-7.752955478550533,base,-1.153058228270849,181,200,penumbra-standard-C200-D0p1-ant-t2
0.09984533496971613,penumbra_standard:t2,-12.140146842934877,-10.648689984287898,,221,ant,,,,small,penumbra_standard,False,0.2969020558940443,bias_corrected,small,2.7992199237457545,3.0961219796397987,size-penumbra_standard-ant-C200-S181-to221-large_to_small-mnear_boundary-d0p1-t2,True,near_boundary,google/gemma-3-4b-pt,google_gemma_3_4b_pt,lower_standard_increases_bigness,standard_span,stated_standard,True,standard_straddle,small,1,,,-9.340926919189123,-7.5525680046481,cf,1.788358914541023,181,200,penumbra-standard-C200-D0p1-ant-t2
0.14842000511827333,penumbra_standard:t2,-12.140146842934877,-10.648689984287898,,172,ant,,,,small,penumbra_standard,False,0.16712270904662496,bias_corrected,small,2.277215127388315,2.44433783643494,size-penumbra_standard-ant-C200-S232-to172-small_to_large-mnear_boundary-d0p15-t2,True,near_boundary,google/gemma-3-4b-pt,google_gemma_3_4b_pt,lower_standard_increases_bigness,standard_span,stated_standard,True,standard_straddle,small,-1,,,-9.862931715546562,-8.204352147852958,base,1.6585795676936037,232,200,penumbra-standard-C200-D0p15-ant-t2
0.1508228897345837,penumbra_standard:t2,-12.140146842934877,-10.648689984287898,,172,ant,,,,large,penumbra_standard,False,0.8483365752556633,bias_corrected,large,2.7379480826742597,1.8896115074185964,size-penumbra_standard-ant-C200-S232-to172-small_to_large-mnear_boundary-d0p15-t2,True,near_boundary,google/gemma-3-4b-pt,google_gemma_3_4b_pt,lower_standard_increases_bigness,standard_span,stated_standard,True,standard_straddle,small,-1,,,-9.402198760260617,-8.759078476869302,cf,-0.6431202833913154,232,200,penumbra-standard-C200-D0p15-ant-t2
0.1508228897345837,penumbra_standard:t2,-12.140146842934877,-10.648689984287898,,232,ant,,,,large,penumbra_standard,False,0.8483365752556633,bias_corrected,large,2.7379480826742597,1.8896115074185964,size-penumbra_standard-ant-C200-S172-to232-large_to_small-mshoulder-d0p15-t2,True,shoulder,google/gemma-3-4b-pt,google_gemma_3_4b_pt,lower_standard_increases_bigness,standard_span,stated_standard,True,standard_straddle,small,1,,,-9.402198760260617,-8.759078476869302,base,-0.6431202833913154,172,200,penumbra-standard-C200-D0p15-ant-t2
0.14842000511827333,penumbra_standard:t2,-12.140146842934877,-10.648689984287898,,232,ant,,,,small,penumbra_standard,False,0.16712270904662496,bias_corrected,small,2.277215127388315,2.44433783643494,size-penumbra_standard-ant-C200-S172-to232-large_to_small-mshoulder-d0p15-t2,True,shoulder,google/gemma-3-4b-pt,google_gemma_3_4b_pt,lower_standard_increases_bigness,standard_span,stated_standard,True,standard_straddle,small,1,,,-9.862931715546562,-8.204352147852958,cf,1.6585795676936037,172,200,penumbra-standard-C200-D0p15-ant-t2
0.30010459245033816,penumbra_standard:t2,-12.140146842934877,-10.648689984287898,,148,ant,,,,small,penumbra_standard,True,0.4123426798180727,bias_corrected,small,1.5986923096974799,2.0110349895155526,size-penumbra_standard-ant-C200-S270-to148-small_to_large-mshoulder-d0p3-t2,True,shoulder,google/gemma-3-4b-pt,google_gemma_3_4b_pt,lower_standard_increases_bigness,standard_span,stated_standard,False,standard_straddle,small,-1,,,-10.541454533237397,-8.637654994772346,base,1.9037995384650515,270,200,penumbra-standard-C200-D0p3-ant-t2
0.3011050927839216,penumbra_standard:t2,-12.140146842934877,-10.648689984287898,,148,ant,,,,large,penumbra_standard,True,1.240839003723142,bias_corrected,large,2.9713330190062432,1.7304940152831012,size-penumbra_standard-ant-C200-S270-to148-small_to_large-mshoulder-d0p3-t2,True,shoulder,google/gemma-3-4b-pt,google_gemma_3_4b_pt,lower_standard_increases_bigness,standard_span,stated_standard,False,standard_straddle,small,-1,,,-9.168813823928634,-8.918195969004797,cf,-0.2506178549238367,270,200,penumbra-standard-C200-D0p3-ant-t2
0.3011050927839216,penumbra_standard:t2,-12.140146842934877,-10.648689984287898,,270,ant,,,,large,penumbra_standard,True,1.240839003723142,bias_corrected,large,2.9713330190062432,1.7304940152831012,size-penumbra_standard-ant-C200-S148-to270-large_to_small-mshoulder-d0p3-t2,True,shoulder,google/gemma-3-4b-pt,google_gemma_3_4b_pt,lower_standard_increases_bigness,standard_span,stated_standard,False,standard_straddle,small,1,,,-9.168813823928634,-8.918195969004797,base,-0.2506178549238367,148,200,penumbra-standard-C200-D0p3-ant-t2
0.30010459245033816,penumbra_standard:t2,-12.140146842934877,-10.648689984287898,,270,ant,,,,small,penumbra_standard,True,0.4123426798180727,bias_corrected,small,1.5986923096974799,2.0110349895155526,size-penumbra_standard-ant-C200-S148-to270-large_to_small-mshoulder-d0p3-t2,True,shoulder,google/gemma-3-4b-pt,google_gemma_3_4b_pt,lower_standard_increases_bigness,standard_span,stated_standard,False,standard_straddle,small,1,,,-10.541454533237397,-8.637654994772346,cf,1.9037995384650515,148,200,penumbra-standard-C200-D0p3-ant-t2
0.5007752879124893,penumbra_standard:t2,-12.140146842934877,-10.648689984287898,,121,ant,,,,small,penumbra_standard,True,0.2957137982335887,bias_corrected,small,1.6841346067584322,1.9798484049920209,size-penumbra_standard-ant-C200-S330-to121-small_to_large-mclear-d0p5-t2,True,clear,google/gemma-3-4b-pt,google_gemma_3_4b_pt,lower_standard_increases_bigness,standard_span,stated_standard,False,standard_straddle,small,-1,,,-10.456012236176445,-8.668841579295878,base,1.7871706568805674,330,200,penumbra-standard-C200-D0p5-ant-t2
0.5025268209512956,penumbra_standard:t2,-12.140146842934877,-10.648689984287898,,121,ant,,,,large,penumbra_standard,True,0.8449001438734101,bias_corrected,large,2.4697049575836587,1.6248048137102487,size-penumbra_standard-ant-C200-S330-to121-small_to_large-mclear-d0p5-t2,True,clear,google/gemma-3-4b-pt,google_gemma_3_4b_pt,lower_standard_increases_bigness,standard_span,stated_standard,False,standard_straddle,small,-1,,,-9.670441885351218,-9.02388517057765,cf,-0.6465567147735687,330,200,penumbra-standard-C200-D0p5-ant-t2
0.5025268209512956,penumbra_standard:t2,-12.140146842934877,-10.648689984287898,,330,ant,,,,large,penumbra_standard,True,0.8449001438734101,bias_corrected,large,2.4697049575836587,1.6248048137102487,size-penumbra_standard-ant-C200-S121-to330-large_to_small-mclear-d0p5-t2,True,clear,google/gemma-3-4b-pt,google_gemma_3_4b_pt,lower_standard_increases_bigness,standard_span,stated_standard,False,standard_straddle,small,1,,,-9.670441885351218,-9.02388517057765,base,-0.6465567147735687,121,200,penumbra-standard-C200-D0p5-ant-t2
0.5007752879124893,penumbra_standard:t2,-12.140146842934877,-10.648689984287898,,330,ant,,,,small,penumbra_standard,True,0.2957137982335887,bias_corrected,small,1.6841346067584322,1.9798484049920209,size-penumbra_standard-ant-C200-S121-to330-large_to_small-mclear-d0p5-t2,True,clear,google/gemma-3-4b-pt,google_gemma_3_4b_pt,lower_standard_increases_bigness,standard_span,stated_standard,False,standard_straddle,small,1,,,-10.456012236176445,-8.668841579295878,cf,1.7871706568805674,121,200,penumbra-standard-C200-D0p5-ant-t2
0.019802627296179754,penumbra_standard:t2,-12.140146842934877,-10.648689984287898,,490,ant,,,,small,penumbra_standard,False,0.807818715192635,bias_corrected,small,0.33993142395245,1.147750139145085,size-penumbra_standard-ant-C500-S510-to490-small_to_large-mborderline-d0p02-t2,True,borderline,google/gemma-3-4b-pt,google_gemma_3_4b_pt,lower_standard_increases_bigness,standard_span,stated_standard,True,standard_straddle,small,-1,,,-11.800215418982427,-9.500939845142813,base,2.299275573839614,510,500,penumbra-standard-C500-D0p02-ant-t2
0.02020270731751947,penumbra_standard:t2,-12.140146842934877,-10.648689984287898,,490,ant,,,,large,penumbra_standard,False,1.123166805132552,bias_corrected,large,2.916014309336889,1.792847504204337,size-penumbra_standard-ant-C500-S510-to490-small_to_large-mborderline-d0p02-t2,True,borderline,google/gemma-3-4b-pt,google_gemma_3_4b_pt,lower_standard_increases_bigness,standard_span,stated_standard,True,standard_straddle,small,-1,,,-9.224132533597988,-8.855842480083561,cf,-0.3682900535144267,510,500,penumbra-standard-C500-D0p02-ant-t2
0.02020270731751947,penumbra_standard:t2,-12.140146842934877,-10.648689984287898,,510,ant,,,,large,penumbra_standard,False,1.123166805132552,bias_corrected,large,2.916014309336889,1.792847504204337,size-penumbra_standard-ant-C500-S490-to510-large_to_small-mborderline-d0p02-t2,True,borderline,google/gemma-3-4b-pt,google_gemma_3_4b_pt,lower_standard_increases_bigness,standard_span,stated_standard,True,standard_straddle,small,1,,,-9.224132533597988,-8.855842480083561,base,-0.3682900535144267,490,500,penumbra-standard-C500-D0p02-ant-t2
0.019802627296179754,penumbra_standard:t2,-12.140146842934877,-10.648689984287898,,510,ant,,,,small,penumbra_standard,False,0.807818715192635,bias_corrected,small,0.33993142395245,1.147750139145085,size-penumbra_standard-ant-C500-S490-to510-large_to_small-mborderline-d0p02-t2,True,borderline,google/gemma-3-4b-pt,google_gemma_3_4b_pt,lower_standard_increases_bigness,standard_span,stated_standard,True,standard_straddle,small,1,,,-11.800215418982427,-9.500939845142813,cf,2.299275573839614,490,500,penumbra-standard-C500-D0p02-ant-t2
0.050693114315518095,penumbra_standard:t2,-12.140146842934877,-10.648689984287898,,476,ant,,,,small,penumbra_standard,False,1.1832534821426997,bias_corrected,small,0.5958671569824219,1.7791206391251215,size-penumbra_standard-ant-C500-S526-to476-small_to_large-mborderline-d0p05-t2,True,borderline,google/gemma-3-4b-pt,google_gemma_3_4b_pt,lower_standard_increases_bigness,standard_span,stated_standard,True,standard_straddle,small,-1,,,-11.544279685952455,-8.869569345162777,base,2.6747103407896784,526,500,penumbra-standard-C500-D0p05-ant-t2
0.04919024419077178,penumbra_standard:t2,-12.140146842934877,-10.648689984287898,,476,ant,,,,large,penumbra_standard,False,0.4289098881769142,bias_corrected,large,2.87976788686513,2.4508579986882157,size-penumbra_standard-ant-C500-S526-to476-small_to_large-mborderline-d0p05-t2,True,borderline,google/gemma-3-4b-pt,google_gemma_3_4b_pt,lower_standard_increases_bigness,standard_span,stated_standard,True,standard_straddle,small,-1,,,-9.260378956069747,-8.197831985599683,cf,-1.0625469704700645,526,500,penumbra-standard-C500-D0p05-ant-t2
0.04919024419077178,penumbra_standard:t2,-12.140146842934877,-10.648689984287898,,526,ant,,,,large,penumbra_standard,False,0.4289098881769142,bias_corrected,large,2.87976788686513,2.4508579986882157,size-penumbra_standard-ant-C500-S476-to526-large_to_small-mborderline-d0p05-t2,True,borderline,google/gemma-3-4b-pt,google_gemma_3_4b_pt,lower_standard_increases_bigness,standard_span,stated_standard,True,standard_straddle,small,1,,,-9.260378956069747,-8.197831985599683,base,-1.0625469704700645,476,500,penumbra-standard-C500-D0p05-ant-t2
0.050693114315518095,penumbra_standard:t2,-12.140146842934877,-10.648689984287898,,526,ant,,,,small,penumbra_standard,False,1.1832534821426997,bias_corrected,small,0.5958671569824219,1.7791206391251215,size-penumbra_standard-ant-C500-S476-to526-large_to_small-mborderline-d0p05-t2,True,borderline,google/gemma-3-4b-pt,google_gemma_3_4b_pt,lower_standard_increases_bigness,standard_span,stated_standard,True,standard_straddle,small,1,,,-11.544279685952455,-8.869569345162777,cf,2.6747103407896784,476,500,penumbra-standard-C500-D0p05-ant-t2
0.10074990310014302,penumbra_standard:t2,-12.140146842934877,-10.648689984287898,,452,ant,,,,small,penumbra_standard,False,1.1164810136401258,bias_corrected,small,0.9651103768776483,2.081591390517774,size-penumbra_standard-ant-C500-S553-to452-small_to_large-mnear_boundary-d0p1-t2,True,near_boundary,google/gemma-3-4b-pt,google_gemma_3_4b_pt,lower_standard_increases_bigness,standard_span,stated_standard,True,standard_straddle,small,-1,,,-11.175036466057229,-8.567098593770124,base,2.6079378722871045,553,500,penumbra-standard-C500-D0p1-ant-t2
0.1009259185899605,penumbra_standard:t2,-12.140146842934877,-10.648689984287898,,452,ant,,,,large,penumbra_standard,False,-0.2561801205779872,bias_corrected,small,1.9283509621175607,2.184531082695548,size-penumbra_standard-ant-C500-S553-to452-small_to_large-mnear_boundary-d0p1-t2,True,near_boundary,google/gemma-3-4b-pt,google_gemma_3_4b_pt,lower_standard_increases_bigness,standard_span,stated_standard,True,standard_straddle,small,-1,,,-10.211795880817316,-8.46415890159235,cf,-1.747636979224966,553,500,penumbra-standard-C500-D0p1-ant-t2
0.1009259185899605,penumbra_standard:t2,-12.140146842934877,-10.648689984287898,,553,ant,,,,large,penumbra_standard,False,-0.2561801205779872,bias_corrected,small,1.9283509621175607,2.184531082695548,size-penumbra_standard-ant-C500-S452-to553-large_to_small-mnear_boundary-d0p1-t2,True,near_boundary,google/gemma-3-4b-pt,google_gemma_3_4b_pt,lower_standard_increases_bigness,standard_span,stated_standard,True,standard_straddle,small,1,,,-10.211795880817316,-8.46415890159235,base,-1.747636979224966,452,500,penumbra-standard-C500-D0p1-ant-t2
0.10074990310014302,penumbra_standard:t2,-12.140146842934877,-10.648689984287898,,553,ant,,,,small,penumbra_standard,False,1.1164810136401258,bias_corrected,small,0.9651103768776483,2.081591390517774,size-penumbra_standard-ant-C500-S452-to553-large_to_small-mnear_boundary-d0p1-t2,True,near_boundary,google/gemma-3-4b-pt,google_gemma_3_4b_pt,lower_standard_increases_bigness,standard_span,stated_standard,True,standard_straddle,small,1,,,-11.175036466057229,-8.567098593770124,cf,2.6079378722871045,452,500,penumbra-standard-C500-D0p1-ant-t2
0.019802627296179754,penumbra_standard:t2,-12.140146842934877,-10.648689984287898,,49,human,,,,small,penumbra_standard,False,2.706587422790042,bias_corrected,small,-1.1906725895061765,1.5159148332838654,size-penumbra_standard-human-C50-S51-to49-small_to_large-mborderline-d0p02-t2,True,borderline,google/gemma-3-4b-pt,google_gemma_3_4b_pt,lower_standard_increases_bigness,standard_span,stated_standard,True,standard_straddle,small,-1,,,-13.330819432441054,-9.132775151004033,base,4.198044281437021,51,50,penumbra-standard-C50-D0p02-human-t2
0.02020270731751947,penumbra_standard:t2,-12.140146842934877,-10.648689984287898,,49,human,,,,large,penumbra_standard,False,-0.29879254602816374,bias_corrected,small,1.1368002912872264,1.4355928373153901,size-penumbra_standard-human-C50-S51-to49-small_to_large-mborderline-d0p02-t2,True,borderline,google/gemma-3-4b-pt,google_gemma_3_4b_pt,lower_standard_increases_bigness,standard_span,stated_standard,True,standard_straddle,small,-1,,,-11.00334655164765,-9.213097146972508,cf,-1.7902494046751425,51,50,penumbra-standard-C50-D0p02-human-t2
0.02020270731751947,penumbra_standard:t2,-12.140146842934877,-10.648689984287898,,51,human,,,,large,penumbra_standard,False,-0.29879254602816374,bias_corrected,small,1.1368002912872264,1.4355928373153901,size-penumbra_standard-human-C50-S49-to51-large_to_small-mborderline-d0p02-t2,True,borderline,google/gemma-3-4b-pt,google_gemma_3_4b_pt,lower_standard_increases_bigness,standard_span,stated_standard,True,standard_straddle,small,1,,,-11.00334655164765,-9.213097146972508,base,-1.7902494046751425,49,50,penumbra-standard-C50-D0p02-human-t2
0.019802627296179754,penumbra_standard:t2,-12.140146842934877,-10.648689984287898,,51,human,,,,small,penumbra_standard,False,2.706587422790042,bias_corrected,small,-1.1906725895061765,1.5159148332838654,size-penumbra_standard-human-C50-S49-to51-large_to_small-mborderline-d0p02-t2,True,borderline,google/gemma-3-4b-pt,google_gemma_3_4b_pt,lower_standard_increases_bigness,standard_span,stated_standard,True,standard_straddle,small,1,,,-13.330819432441054,-9.132775151004033,cf,4.198044281437021,49,50,penumbra-standard-C50-D0p02-human-t2
0.05826890812397576,penumbra_standard:t2,-12.140146842934877,-10.648689984287898,,48,human,,,,small,penumbra_standard,False,1.7164333893661698,bias_corrected,small,-0.8112513107268882,0.9051820786392817,size-penumbra_standard-human-C50-S53-to48-small_to_large-mborderline-d0p05-t2,True,borderline,google/gemma-3-4b-pt,google_gemma_3_4b_pt,lower_standard_increases_bigness,standard_span,stated_standard,True,standard_straddle,small,-1,,,-12.951398153661765,-9.743507905648617,base,3.2078902480131486,53,50,penumbra-standard-C50-D0p05-human-t2
0.0408219945202552,penumbra_standard:t2,-12.140146842934877,-10.648689984287898,,48,human,,,,large,penumbra_standard,False,0.20060303059172924,bias_corrected,large,0.5418124220245311,0.3412093914328018,size-penumbra_standard-human-C50-S53-to48-small_to_large-mborderline-d0p05-t2,True,borderline,google/gemma-3-4b-pt,google_gemma_3_4b_pt,lower_standard_increases_bigness,standard_span,stated_standard,True,standard_straddle,small,-1,,,-11.598334420910346,-10.307480592855097,cf,-1.2908538280552495,53,50,penumbra-standard-C50-D0p05-human-t2
0.0408219945202552,penumbra_standard:t2,-12.140146842934877,-10.648689984287898,,53,human,,,,large,penumbra_standard,False,0.20060303059172924,bias_corrected,large,0.5418124220245311,0.3412093914328018,size-penumbra_standard-human-C50-S48-to53-large_to_small-mborderline-d0p05-t2,True,borderline,google/gemma-3-4b-pt,google_gemma_3_4b_pt,lower_standard_increases_bigness,standard_span,stated_standard,True,standard_straddle,small,1,,,-11.598334420910346,-10.307480592855097,base,-1.2908538280552495,48,50,penumbra-standard-C50-D0p05-human-t2
0.05826890812397576,penumbra_standard:t2,-12.140146842934877,-10.648689984287898,,53,human,,,,small,penumbra_standard,False,1.7164333893661698,bias_corrected,small,-0.8112513107268882,0.9051820786392817,size-penumbra_standard-human-C50-S48-to53-large_to_small-mborderline-d0p05-t2,True,borderline,google/gemma-3-4b-pt,google_gemma_3_4b_pt,lower_standard_increases_bigness,standard_span,stated_standard,True,standard_straddle,small,1,,,-12.951398153661765,-9.743507905648617,cf,3.2078902480131486,48,50,penumbra-standard-C50-D0p05-human-t2
0.0953101798043249,penumbra_standard:t2,-12.140146842934877,-10.648689984287898,,45,human,,,,small,penumbra_standard,False,1.9560456370418091,bias_corrected,small,-1.2955786716594968,0.6604669653823123,size-penumbra_standard-human-C50-S55-to45-small_to_large-mnear_boundary-d0p1-t2,True,near_boundary,google/gemma-3-4b-pt,google_gemma_3_4b_pt,lower_standard_increases_bigness,standard_span,stated_standard,True,standard_straddle,small,-1,,,-13.435725514594374,-9.988223018905586,base,3.447502495688788,55,50,penumbra-standard-C50-D0p1-human-t2
0.10536051565782635,penumbra_standard:t2,-12.140146842934877,-10.648689984287898,,45,human,,,,large,penumbra_standard,False,-0.731047109580663,bias_corrected,small,-0.23359518760195996,0.497451921978703,size-penumbra_standard-human-C50-S55-to45-small_to_large-mnear_boundary-d0p1-t2,True,near_boundary,google/gemma-3-4b-pt,google_gemma_3_4b_pt,lower_standard_increases_bigness,standard_span,stated_standard,True,standard_straddle,small,-1,,,-12.373742030536837,-10.151238062309195,cf,-2.2225039682276417,55,50,penumbra-standard-C50-D0p1-human-t2
0.10536051565782635,penumbra_standard:t2,-12.140146842934877,-10.648689984287898,,55,human,,,,large,penumbra_standard,False,-0.731047109580663,bias_corrected,small,-0.23359518760195996,0.497451921978703,size-penumbra_standard-human-C50-S45-to55-large_to_small-mnear_boundary-d0p1-t2,True,near_boundary,google/gemma-3-4b-pt,google_gemma_3_4b_pt,lower_standard_increases_bigness,standard_span,stated_standard,True,standard_straddle,small,1,,,-12.373742030536837,-10.151238062309195,base,-2.2225039682276417,45,50,penumbra-standard-C50-D0p1-human-t2
0.0953101798043249,penumbra_standard:t2,-12.140146842934877,-10.648689984287898,,55,human,,,,small,penumbra_standard,False,1.9560456370418091,bias_corrected,small,-1.2955786716594968,0.6604669653823123,size-penumbra_standard-human-C50-S45-to55-large_to_small-mnear_boundary-d0p1-t2,True,near_boundary,google/gemma-3-4b-pt,google_gemma_3_4b_pt,lower_standard_increases_bigness,standard_span,stated_standard,True,standard_straddle,small,1,,,-13.435725514594374,-9.988223018905586,cf,3.447502495688788,45,50,penumbra-standard-C50-D0p1-human-t2
0.14842000511827333,penumbra_standard:t2,-12.140146842934877,-10.648689984287898,,43,human,,,,small,penumbra_standard,False,1.345164291142737,bias_corrected,small,-1.1079951091039888,0.23716918203874826,size-penumbra_standard-human-C50-S58-to43-small_to_large-mnear_boundary-d0p15-t2,True,near_boundary,google/gemma-3-4b-pt,google_gemma_3_4b_pt,lower_standard_increases_bigness,standard_span,stated_standard,True,standard_straddle,small,-1,,,-13.248141952038866,-10.41152080224915,base,2.836621149789716,58,50,penumbra-standard-C50-D0p15-human-t2
0.1508228897345837,penumbra_standard:t2,-12.140146842934877,-10.648689984287898,,43,human,,,,large,penumbra_standard,False,-1.0434778251233077,bias_corrected,small,0.8634697843218682,1.9069476094451758,size-penumbra_standard-human-C50-S58-to43-small_to_large-mnear_boundary-d0p15-t2,True,near_boundary,google/gemma-3-4b-pt,google_gemma_3_4b_pt,lower_standard_increases_bigness,standard_span,stated_standard,True,standard_straddle,small,-1,,,-11.276677058613009,-8.741742374842723,cf,-2.5349346837702864,58,50,penumbra-standard-C50-D0p15-human-t2
0.1508228897345837,penumbra_standard:t2,-12.140146842934877,-10.648689984287898,,58,human,,,,large,penumbra_standard,False,-1.0434778251233077,bias_corrected,small,0.8634697843218682,1.9069476094451758,size-penumbra_standard-human-C50-S43-to58-large_to_small-mshoulder-d0p15-t2,True,shoulder,google/gemma-3-4b-pt,google_gemma_3_4b_pt,lower_standard_increases_bigness,standard_span,stated_standard,True,standard_straddle,small,1,,,-11.276677058613009,-8.741742374842723,base,-2.5349346837702864,43,50,penumbra-standard-C50-D0p15-human-t2
0.14842000511827333,penumbra_standard:t2,-12.140146842934877,-10.648689984287898,,58,human,,,,small,penumbra_standard,False,1.345164291142737,bias_corrected,small,-1.1079951091039888,0.23716918203874826,size-penumbra_standard-human-C50-S43-to58-large_to_small-mshoulder-d0p15-t2,True,shoulder,google/gemma-3-4b-pt,google_gemma_3_4b_pt,lower_standard_increases_bigness,standard_span,stated_standard,True,standard_straddle,small,1,,,-13.248141952038866,-10.41152080224915,cf,2.836621149789716,43,50,penumbra-standard-C50-D0p15-human-t2
0.29266961396281993,penumbra_standard:t2,-12.140146842934877,-10.648689984287898,,37,human,,,,small,penumbra_standard,True,1.799883274083209,bias_corrected,small,0.44498836421531074,2.2448716382985197,size-penumbra_standard-human-C50-S67-to37-small_to_large-mshoulder-d0p3-t2,False,shoulder,google/gemma-3-4b-pt,google_gemma_3_4b_pt,lower_standard_increases_bigness,standard_span,stated_standard,False,standard_straddle,small,-1,,cf_gate_pred_small_expected_large,-11.695158478719566,-8.403818345989379,base,3.2913401327301877,67,50,penumbra-standard-C50-D0p3-human-t2
0.3011050927839216,penumbra_standard:t2,-12.140146842934877,-10.648689984287898,,37,human,,,,large,penumbra_standard,True,-0.3587479666831008,bias_corrected,small,1.0087469394317896,1.3674949061148904,size-penumbra_standard-human-C50-S67-to37-small_to_large-mshoulder-d0p3-t2,False,shoulder,google/gemma-3-4b-pt,google_gemma_3_4b_pt,lower_standard_increases_bigness,standard_span,stated_standard,False,standard_straddle,small,-1,,cf_gate_pred_small_expected_large,-11.131399903503088,-9.281195078173008,cf,-1.8502048253300796,67,50,penumbra-standard-C50-D0p3-human-t2
0.3011050927839216,penumbra_standard:t2,-12.140146842934877,-10.648689984287898,,67,human,,,,large,penumbra_standard,True,-0.3587479666831008,bias_corrected,small,1.0087469394317896,1.3674949061148904,size-penumbra_standard-human-C50-S37-to67-large_to_small-mshoulder-d0p3-t2,False,shoulder,google/gemma-3-4b-pt,google_gemma_3_4b_pt,lower_standard_increases_bigness,standard_span,stated_standard,False,standard_straddle,small,1,,base_gate_pred_small_expected_large,-11.131399903503088,-9.281195078173008,base,-1.8502048253300796,37,50,penumbra-standard-C50-D0p3-human-t2
0.29266961396281993,penumbra_standard:t2,-12.140146842934877,-10.648689984287898,,67,human,,,,small,penumbra_standard,True,1.799883274083209,bias_corrected,small,0.44498836421531074,2.2448716382985197,size-penumbra_standard-human-C50-S37-to67-large_to_small-mshoulder-d0p3-t2,False,shoulder,google/gemma-3-4b-pt,google_gemma_3_4b_pt,lower_standard_increases_bigness,standard_span,stated_standard,False,standard_straddle,small,1,,base_gate_pred_small_expected_large,-11.695158478719566,-8.403818345989379,cf,3.2913401327301877,37,50,penumbra-standard-C50-D0p3-human-t2
0.49469624183610705,penumbra_standard:t2,-12.140146842934877,-10.648689984287898,,30,human,,,,small,penumbra_standard,True,0.6134370899092367,bias_corrected,small,0.8974089643829295,1.5108460542921662,size-penumbra_standard-human-C50-S82-to30-small_to_large-mclear-d0p5-t2,True,clear,google/gemma-3-4b-pt,google_gemma_3_4b_pt,lower_standard_increases_bigness,standard_span,stated_standard,False,standard_straddle,small,-1,,,-11.242737878551948,-9.137843929995732,base,2.1048939485562155,82,50,penumbra-standard-C50-D0p5-human-t2
0.5108256237659907,penumbra_standard:t2,-12.140146842934877,-10.648689984287898,,30,human,,,,large,penumbra_standard,True,0.27909785774329166,bias_corrected,large,0.6415812224148549,0.3624833646715633,size-penumbra_standard-human-C50-S82-to30-small_to_large-mclear-d0p5-t2,True,clear,google/gemma-3-4b-pt,google_gemma_3_4b_pt,lower_standard_increases_bigness,standard_span,stated_standard,False,standard_straddle,small,-1,,,-11.498565620520022,-10.286206619616335,cf,-1.212359000903687,82,50,penumbra-standard-C50-D0p5-human-t2
0.5108256237659907,penumbra_standard:t2,-12.140146842934877,-10.648689984287898,,82,human,,,,large,penumbra_standard,True,0.27909785774329166,bias_corrected,large,0.6415812224148549,0.3624833646715633,size-penumbra_standard-human-C50-S30-to82-large_to_small-mclear-d0p5-t2,True,clear,google/gemma-3-4b-pt,google_gemma_3_4b_pt,lower_standard_increases_bigness,standard_span,stated_standard,False,standard_straddle,small,1,,,-11.498565620520022,-10.286206619616335,base,-1.212359000903687,30,50,penumbra-standard-C50-D0p5-human-t2
0.49469624183610705,penumbra_standard:t2,-12.140146842934877,-10.648689984287898,,82,human,,,,small,penumbra_standard,True,0.6134370899092367,bias_corrected,small,0.8974089643829295,1.5108460542921662,size-penumbra_standard-human-C50-S30-to82-large_to_small-mclear-d0p5-t2,True,clear,google/gemma-3-4b-pt,google_gemma_3_4b_pt,lower_standard_increases_bigness,standard_span,stated_standard,False,standard_straddle,small,1,,,-11.242737878551948,-9.137843929995732,cf,2.1048939485562155,30,50,penumbra-standard-C50-D0p5-human-t2
0.019802627296179754,penumbra_standard:t2,-12.140146842934877,-10.648689984287898,,196,human,,,,small,penumbra_standard,False,0.7057990094535924,bias_corrected,small,-0.2584225666179929,0.4473764428355995,size-penumbra_standard-human-C200-S204-to196-small_to_large-mborderline-d0p02-t2,True,borderline,google/gemma-3-4b-pt,google_gemma_3_4b_pt,lower_standard_increases_bigness,standard_span,stated_standard,True,standard_straddle,small,-1,,,-12.39856940955287,-10.201313541452299,base,2.197255868100571,204,200,penumbra-standard-C200-D0p02-human-t2
0.02020270731751947,penumbra_standard:t2,-12.140146842934877,-10.648689984287898,,196,human,,,,large,penumbra_standard,False,0.4193778499258851,bias_corrected,large,0.3988424052284234,-0.020535444697461713,size-penumbra_standard-human-C200-S204-to196-small_to_large-mborderline-d0p02-t2,True,borderline,google/gemma-3-4b-pt,google_gemma_3_4b_pt,lower_standard_increases_bigness,standard_span,stated_standard,True,standard_straddle,small,-1,,,-11.741304437706454,-10.66922542898536,cf,-1.0720790087210936,204,200,penumbra-standard-C200-D0p02-human-t2
0.02020270731751947,penumbra_standard:t2,-12.140146842934877,-10.648689984287898,,204,human,,,,large,penumbra_standard,False,0.4193778499258851,bias_corrected,large,0.3988424052284234,-0.020535444697461713,size-penumbra_standard-human-C200-S196-to204-large_to_small-mborderline-d0p02-t2,True,borderline,google/gemma-3-4b-pt,google_gemma_3_4b_pt,lower_standard_increases_bigness,standard_span,stated_standard,True,standard_straddle,small,1,,,-11.741304437706454,-10.66922542898536,base,-1.0720790087210936,196,200,penumbra-standard-C200-D0p02-human-t2
0.019802627296179754,penumbra_standard:t2,-12.140146842934877,-10.648689984287898,,204,human,,,,small,penumbra_standard,False,0.7057990094535924,bias_corrected,small,-0.2584225666179929,0.4473764428355995,size-penumbra_standard-human-C200-S196-to204-large_to_small-mborderline-d0p02-t2,True,borderline,google/gemma-3-4b-pt,google_gemma_3_4b_pt,lower_standard_increases_bigness,standard_span,stated_standard,True,standard_straddle,small,1,,,-12.39856940955287,-10.201313541452299,cf,2.197255868100571,196,200,penumbra-standard-C200-D0p02-human-t2
0.048790164169432056,penumbra_standard:t2,-12.140146842934877,-10.648689984287898,,190,human,,,,small,penumbra_standard,False,0.4060800416512169,bias_corrected,small,-0.5232655090301108,-0.1171854673788939,size-penumbra_standard-human-C200-S210-to190-small_to_large-mborderline-d0p05-t2,True,borderline,google/gemma-3-4b-pt,google_gemma_3_4b_pt,lower_standard_increases_bigness,standard_span,stated_standard,True,standard_straddle,small,-1,,,-12.663412351964988,-10.765875451666792,base,1.8975369002981957,210,200,penumbra-standard-C200-D0p05-human-t2
0.05129329438755048,penumbra_standard:t2,-12.140146842934877,-10.648689984287898,,190,human,,,,large,penumbra_standard,False,1.1719150377400265,bias_corrected,large,0.875182957249713,-0.2967320804903135,size-penumbra_standard-human-C200-S210-to190-small_to_large-mborderline-d0p05-t2,True,borderline,google/gemma-3-4b-pt,google_gemma_3_4b_pt,lower_standard_increases_bigness,standard_span,stated_standard,True,standard_straddle,small,-1,,,-11.264963885685164,-10.945422064778212,cf,-0.31954182090695227,210,200,penumbra-standard-C200-D0p05-human-t2
0.05129329438755048,penumbra_standard:t2,-12.140146842934877,-10.648689984287898,,210,human,,,,large,penumbra_standard,False,1.1719150377400265,bias_corrected,large,0.875182957249713,-0.2967320804903135,size-penumbra_standard-human-C200-S190-to210-large_to_small-mborderline-d0p05-t2,True,borderline,google/gemma-3-4b-pt,google_gemma_3_4b_pt,lower_standard_increases_bigness,standard_span,stated_standard,True,standard_straddle,small,1,,,-11.264963885685164,-10.945422064778212,base,-0.31954182090695227,190,200,penumbra-standard-C200-D0p05-human-t2
0.048790164169432056,penumbra_standard:t2,-12.140146842934877,-10.648689984287898,,210,human,,,,small,penumbra_standard,False,0.4060800416512169,bias_corrected,small,-0.5232655090301108,-0.1171854673788939,size-penumbra_standard-human-C200-S190-to210-large_to_small-mborderline-d0p05-t2,True,borderline,google/gemma-3-4b-pt,google_gemma_3_4b_pt,lower_standard_increases_bigness,standard_span,stated_standard,True,standard_straddle,small,1,,,-12.663412351964988,-10.765875451666792,cf,1.8975369002981957,190,200,penumbra-standard-C200-D0p05-human-t2
0.09984533496971613,penumbra_standard:t2,-12.140146842934877,-10.648689984287898,,181,human,,,,small,penumbra_standard,False,-0.5864278196612815,bias_corrected,large,0.07821406110128848,-0.5082137585599931,size-penumbra_standard-human-C200-S221-to181-small_to_large-mnear_boundary-d0p1-t2,True,near_boundary,google/gemma-3-4b-pt,google_gemma_3_4b_pt,lower_standard_increases_bigness,standard_span,stated_standard,True,standard_straddle,small,-1,,,-12.061932781833589,-11.156903742847891,base,0.9050290389856972,221,200,penumbra-standard-C200-D0p1-human-t2
0.09982033528221099,penumbra_standard:t2,-12.140146842934877,-10.648689984287898,,181,human,,,,large,penumbra_standard,False,1.4418765487084038,bias_corrected,large,1.1656871591042108,-0.2761893896041929,size-penumbra_standard-human-C200-S221-to181-small_to_large-mnear_boundary-d0p1-t2,True,near_boundary,google/gemma-3-4b-pt,google_gemma_3_4b_pt,lower_standard_increases_bigness,standard_span,stated_standard,True,standard_straddle,small,-1,,,-10.974459683830666,-10.924879373892091,cf,-0.049580309938574985,221,200,penumbra-standard-C200-D0p1-human-t2
0.09982033528221099,penumbra_standard:t2,-12.140146842934877,-10.648689984287898,,221,human,,,,large,penumbra_standard,False,1.4418765487084038,bias_corrected,large,1.1656871591042108,-0.2761893896041929,size-penumbra_standard-human-C200-S181-to221-large_to_small-mnear_boundary-d0p1-t2,True,near_boundary,google/gemma-3-4b-pt,google_gemma_3_4b_pt,lower_standard_increases_bigness,standard_span,stated_standard,True,standard_straddle,small,1,,,-10.974459683830666,-10.924879373892091,base,-0.049580309938574985,181,200,penumbra-standard-C200-D0p1-human-t2
0.09984533496971613,penumbra_standard:t2,-12.140146842934877,-10.648689984287898,,221,human,,,,small,penumbra_standard,False,-0.5864278196612815,bias_corrected,large,0.07821406110128848,-0.5082137585599931,size-penumbra_standard-human-C200-S181-to221-large_to_small-mnear_boundary-d0p1-t2,True,near_boundary,google/gemma-3-4b-pt,google_gemma_3_4b_pt,lower_standard_increases_bigness,standard_span,stated_standard,True,standard_straddle,small,1,,,-12.061932781833589,-11.156903742847891,cf,0.9050290389856972,181,200,penumbra-standard-C200-D0p1-human-t2
0.14842000511827333,penumbra_standard:t2,-12.140146842934877,-10.648689984287898,,172,human,,,,small,penumbra_standard,False,-0.13878038436995155,bias_corrected,large,0.5722476186708771,0.4334672343009256,size-penumbra_standard-human-C200-S232-to172-small_to_large-mnear_boundary-d0p15-t2,True,near_boundary,google/gemma-3-4b-pt,google_gemma_3_4b_pt,lower_standard_increases_bigness,standard_span,stated_standard,True,standard_straddle,small,-1,,,-11.567899224264,-10.215222749986973,base,1.3526764742770272,232,200,penumbra-standard-C200-D0p15-human-t2
0.1508228897345837,penumbra_standard:t2,-12.140146842934877,-10.648689984287898,,172,human,,,,large,penumbra_standard,False,1.6765454868123832,bias_corrected,large,1.0070443074583917,-0.6695011793539916,size-penumbra_standard-human-C200-S232-to172-small_to_large-mnear_boundary-d0p15-t2,True,near_boundary,google/gemma-3-4b-pt,google_gemma_3_4b_pt,lower_standard_increases_bigness,standard_span,stated_standard,True,standard_straddle,large,-1,,,-11.133102535476485,-11.31819116364189,cf,0.1850886281654045,232,200,penumbra-standard-C200-D0p15-human-t2
0.1508228897345837,penumbra_standard:t2,-12.140146842934877,-10.648689984287898,,232,human,,,,large,penumbra_standard,False,1.6765454868123832,bias_corrected,large,1.0070443074583917,-0.6695011793539916,size-penumbra_standard-human-C200-S172-to232-large_to_small-mshoulder-d0p15-t2,True,shoulder,google/gemma-3-4b-pt,google_gemma_3_4b_pt,lower_standard_increases_bigness,standard_span,stated_standard,True,standard_straddle,large,1,,,-11.133102535476485,-11.31819116364189,base,0.1850886281654045,172,200,penumbra-standard-C200-D0p15-human-t2
0.14842000511827333,penumbra_standard:t2,-12.140146842934877,-10.648689984287898,,232,human,,,,small,penumbra_standard,False,-0.13878038436995155,bias_corrected,large,0.5722476186708771,0.4334672343009256,size-penumbra_standard-human-C200-S172-to232-large_to_small-mshoulder-d0p15-t2,True,shoulder,google/gemma-3-4b-pt,google_gemma_3_4b_pt,lower_standard_increases_bigness,standard_span,stated_standard,True,standard_straddle,small,1,,,-11.567899224264,-10.215222749986973,cf,1.3526764742770272,172,200,penumbra-standard-C200-D0p15-human-t2
0.30010459245033816,penumbra_standard:t2,-12.140146842934877,-10.648689984287898,,148,human,,,,small,penumbra_standard,True,-0.45216321794566205,bias_corrected,large,0.19006999088442633,-0.2620932270612357,size-penumbra_standard-human-C200-S270-to148-small_to_large-mshoulder-d0p3-t2,False,shoulder,google/gemma-3-4b-pt,google_gemma_3_4b_pt,lower_standard_increases_bigness,standard_span,stated_standard,False,standard_straddle,small,-1,,base_gate_pred_large_expected_small,-11.95007685205045,-10.910783211349134,base,1.0392936407013167,270,200,penumbra-standard-C200-D0p3-human-t2
0.3011050927839216,penumbra_standard:t2,-12.140146842934877,-10.648689984287898,,148,human,,,,large,penumbra_standard,True,1.9934840730022696,bias_corrected,large,1.4623628811142328,-0.5311211918880367,size-penumbra_standard-human-C200-S270-to148-small_to_large-mshoulder-d0p3-t2,False,shoulder,google/gemma-3-4b-pt,google_gemma_3_4b_pt,lower_standard_increases_bigness,standard_span,stated_standard,False,standard_straddle,large,-1,,base_gate_pred_large_expected_small,-10.677783961820644,-11.179811176175935,cf,0.5020272143552909,270,200,penumbra-standard-C200-D0p3-human-t2
0.3011050927839216,penumbra_standard:t2,-12.140146842934877,-10.648689984287898,,270,human,,,,large,penumbra_standard,True,1.9934840730022696,bias_corrected,large,1.4623628811142328,-0.5311211918880367,size-penumbra_standard-human-C200-S148-to270-large_to_small-mshoulder-d0p3-t2,False,shoulder,google/gemma-3-4b-pt,google_gemma_3_4b_pt,lower_standard_increases_bigness,standard_span,stated_standard,False,standard_straddle,large,1,,cf_gate_pred_large_expected_small,-10.677783961820644,-11.179811176175935,base,0.5020272143552909,148,200,penumbra-standard-C200-D0p3-human-t2
0.30010459245033816,penumbra_standard:t2,-12.140146842934877,-10.648689984287898,,270,human,,,,small,penumbra_standard,True,-0.45216321794566205,bias_corrected,large,0.19006999088442633,-0.2620932270612357,size-penumbra_standard-human-C200-S148-to270-large_to_small-mshoulder-d0p3-t2,False,shoulder,google/gemma-3-4b-pt,google_gemma_3_4b_pt,lower_standard_increases_bigness,standard_span,stated_standard,False,standard_straddle,small,1,,cf_gate_pred_large_expected_small,-11.95007685205045,-10.910783211349134,cf,1.0392936407013167,148,200,penumbra-standard-C200-D0p3-human-t2
0.5007752879124893,penumbra_standard:t2,-12.140146842934877,-10.648689984287898,,121,human,,,,small,penumbra_standard,True,0.39438467047112447,bias_corrected,small,0.11741094473454616,0.5117956152056706,size-penumbra_standard-human-C200-S330-to121-small_to_large-mclear-d0p5-t2,True,clear,google/gemma-3-4b-pt,google_gemma_3_4b_pt,lower_standard_increases_bigness,standard_span,stated_standard,False,standard_straddle,small,-1,,,-12.022735898200331,-10.136894369082228,base,1.8858415291181032,330,200,penumbra-standard-C200-D0p5-human-t2
0.5025268209512956,penumbra_standard:t2,-12.140146842934877,-10.648689984287898,,121,human,,,,large,penumbra_standard,True,2.1574381158163867,bias_corrected,large,1.8405672538168378,-0.31687086199954884,size-penumbra_standard-human-C200-S330-to121-small_to_large-mclear-d0p5-t2,True,clear,google/gemma-3-4b-pt,google_gemma_3_4b_pt,lower_standard_increases_bigness,standard_span,stated_standard,False,standard_straddle,large,-1,,,-10.29957958911804,-10.965560846287447,cf,0.6659812571694079,330,200,penumbra-standard-C200-D0p5-human-t2
0.5025268209512956,penumbra_standard:t2,-12.140146842934877,-10.648689984287898,,330,human,,,,large,penumbra_standard,True,2.1574381158163867,bias_corrected,large,1.8405672538168378,-0.31687086199954884,size-penumbra_standard-human-C200-S121-to330-large_to_small-mclear-d0p5-t2,True,clear,google/gemma-3-4b-pt,google_gemma_3_4b_pt,lower_standard_increases_bigness,standard_span,stated_standard,False,standard_straddle,large,1,,,-10.29957958911804,-10.965560846287447,base,0.6659812571694079,121,200,penumbra-standard-C200-D0p5-human-t2
0.5007752879124893,penumbra_standard:t2,-12.140146842934877,-10.648689984287898,,330,human,,,,small,penumbra_standard,True,0.39438467047112447,bias_corrected,small,0.11741094473454616,0.5117956152056706,size-penumbra_standard-human-C200-S121-to330-large_to_small-mclear-d0p5-t2,True,clear,google/gemma-3-4b-pt,google_gemma_3_4b_pt,lower_standard_increases_bigness,standard_span,stated_standard,False,standard_straddle,small,1,,,-12.022735898200331,-10.136894369082228,cf,1.8858415291181032,121,200,penumbra-standard-C200-D0p5-human-t2
0.019802627296179754,penumbra_standard:t2,-12.140146842934877,-10.648689984287898,,490,human,,,,small,penumbra_standard,False,1.0357139258044885,bias_corrected,small,-1.1051690482363252,-0.06945512243183671,size-penumbra_standard-human-C500-S510-to490-small_to_large-mborderline-d0p02-t2,True,borderline,google/gemma-3-4b-pt,google_gemma_3_4b_pt,lower_standard_increases_bigness,standard_span,stated_standard,True,standard_straddle,small,-1,,,-13.245315891171202,-10.718145106719735,base,2.5271707844514673,510,500,penumbra-standard-C500-D0p02-human-t2
0.02020270731751947,penumbra_standard:t2,-12.140146842934877,-10.648689984287898,,490,human,,,,large,penumbra_standard,False,0.2884684284540775,bias_corrected,large,0.2810554978043598,-0.007412930649717708,size-penumbra_standard-human-C500-S510-to490-small_to_large-mborderline-d0p02-t2,True,borderline,google/gemma-3-4b-pt,google_gemma_3_4b_pt,lower_standard_increases_bigness,standard_span,stated_standard,True,standard_straddle,small,-1,,,-11.859091345130517,-10.656102914937616,cf,-1.2029884301929012,510,500,penumbra-standard-C500-D0p02-human-t2
0.02020270731751947,penumbra_standard:t2,-12.140146842934877,-10.648689984287898,,510,human,,,,large,penumbra_standard,False,0.2884684284540775,bias_corrected,large,0.2810554978043598,-0.007412930649717708,size-penumbra_standard-human-C500-S490-to510-large_to_small-mborderline-d0p02-t2,True,borderline,google/gemma-3-4b-pt,google_gemma_3_4b_pt,lower_standard_increases_bigness,standard_span,stated_standard,True,standard_straddle,small,1,,,-11.859091345130517,-10.656102914937616,base,-1.2029884301929012,490,500,penumbra-standard-C500-D0p02-human-t2
0.019802627296179754,penumbra_standard:t2,-12.140146842934877,-10.648689984287898,,510,human,,,,small,penumbra_standard,False,1.0357139258044885,bias_corrected,small,-1.1051690482363252,-0.06945512243183671,size-penumbra_standard-human-C500-S490-to510-large_to_small-mborderline-d0p02-t2,True,borderline,google/gemma-3-4b-pt,google_gemma_3_4b_pt,lower_standard_increases_bigness,standard_span,stated_standard,True,standard_straddle,small,1,,,-13.245315891171202,-10.718145106719735,cf,2.5271707844514673,490,500,penumbra-standard-C500-D0p02-human-t2
0.050693114315518095,penumbra_standard:t2,-12.140146842934877,-10.648689984287898,,476,human,,,,small,penumbra_standard,False,1.232299748175807,bias_corrected,small,-0.7645534118542656,0.4677463363215413,size-penumbra_standard-human-C500-S526-to476-small_to_large-mborderline-d0p05-t2,True,borderline,google/gemma-3-4b-pt,google_gemma_3_4b_pt,lower_standard_increases_bigness,standard_span,stated_standard,True,standard_straddle,small,-1,,,-12.904700254789143,-10.180943647966357,base,2.7237566068227856,526,500,penumbra-standard-C500-D0p05-human-t2
0.04919024419077178,penumbra_standard:t2,-12.140146842934877,-10.648689984287898,,476,human,,,,large,penumbra_standard,False,0.10693273114653401,bias_corrected,large,1.0766537654742923,0.9697210343277582,size-penumbra_standard-human-C500-S526-to476-small_to_large-mborderline-d0p05-t2,True,borderline,google/gemma-3-4b-pt,google_gemma_3_4b_pt,lower_standard_increases_bigness,standard_span,stated_standard,True,standard_straddle,small,-1,,,-11.063493077460585,-9.67896894996014,cf,-1.3845241275004447,526,500,penumbra-standard-C500-D0p05-human-t2
0.04919024419077178,penumbra_standard:t2,-12.140146842934877,-10.648689984287898,,526,human,,,,large,penumbra_standard,False,0.10693273114653401,bias_corrected,large,1.0766537654742923,0.9697210343277582,size-penumbra_standard-human-C500-S476-to526-large_to_small-mborderline-d0p05-t2,True,borderline,google/gemma-3-4b-pt,google_gemma_3_4b_pt,lower_standard_increases_bigness,standard_span,stated_standard,True,standard_straddle,small,1,,,-11.063493077460585,-9.67896894996014,base,-1.3845241275004447,476,500,penumbra-standard-C500-D0p05-human-t2
0.050693114315518095,penumbra_standard:t2,-12.140146842934877,-10.648689984287898,,526,human,,,,small,penumbra_standard,False,1.232299748175807,bias_corrected,small,-0.7645534118542656,0.4677463363215413,size-penumbra_standard-human-C500-S476-to526-large_to_small-mborderline-d0p05-t2,True,borderline,google/gemma-3-4b-pt,google_gemma_3_4b_pt,lower_standard_increases_bigness,standard_span,stated_standard,True,standard_straddle,small,1,,,-12.904700254789143,-10.180943647966357,cf,2.7237566068227856,476,500,penumbra-standard-C500-D0p05-human-t2
0.10074990310014302,penumbra_standard:t2,-12.140146842934877,-10.648689984287898,,452,human,,,,small,penumbra_standard,False,1.1135571474631156,bias_corrected,small,-1.4778462396006606,-0.364289092137545,size-penumbra_standard-human-C500-S553-to452-small_to_large-mnear_boundary-d0p1-t2,True,near_boundary,google/gemma-3-4b-pt,google_gemma_3_4b_pt,lower_standard_increases_bigness,standard_span,stated_standard,True,standard_straddle,small,-1,,,-13.617993082535538,-11.012979076425443,base,2.6050140061100944,553,500,penumbra-standard-C500-D0p1-human-t2
0.1009259185899605,penumbra_standard:t2,-12.140146842934877,-10.648689984287898,,452,human,,,,large,penumbra_standard,False,-0.3763646826280489,bias_corrected,small,-0.3246922984337193,0.051672384194329624,size-penumbra_standard-human-C500-S553-to452-small_to_large-mnear_boundary-d0p1-t2,True,near_boundary,google/gemma-3-4b-pt,google_gemma_3_4b_pt,lower_standard_increases_bigness,standard_span,stated_standard,True,standard_straddle,small,-1,,,-12.464839141368596,-10.597017600093569,cf,-1.8678215412750276,553,500,penumbra-standard-C500-D0p1-human-t2
0.1009259185899605,penumbra_standard:t2,-12.140146842934877,-10.648689984287898,,553,human,,,,large,penumbra_standard,False,-0.3763646826280489,bias_corrected,small,-0.3246922984337193,0.051672384194329624,size-penumbra_standard-human-C500-S452-to553-large_to_small-mnear_boundary-d0p1-t2,True,near_boundary,google/gemma-3-4b-pt,google_gemma_3_4b_pt,lower_standard_increases_bigness,standard_span,stated_standard,True,standard_straddle,small,1,,,-12.464839141368596,-10.597017600093569,base,-1.8678215412750276,452,500,penumbra-standard-C500-D0p1-human-t2
0.10074990310014302,penumbra_standard:t2,-12.140146842934877,-10.648689984287898,,553,human,,,,small,penumbra_standard,False,1.1135571474631156,bias_corrected,small,-1.4778462396006606,-0.364289092137545,size-penumbra_standard-human-C500-S452-to553-large_to_small-mnear_boundary-d0p1-t2,True,near_boundary,google/gemma-3-4b-pt,google_gemma_3_4b_pt,lower_standard_increases_bigness,standard_span,stated_standard,True,standard_straddle,small,1,,,-13.617993082535538,-11.012979076425443,cf,2.6050140061100944,452,500,penumbra-standard-C500-D0p1-human-t2
0.019802627296179754,penumbra_standard:t2,-12.140146842934877,-10.648689984287898,,49,elephant,,,,small,penumbra_standard,False,2.59533764777139,bias_corrected,small,1.3481203544027753,3.9434580021741654,size-penumbra_standard-elephant-C50-S51-to49-small_to_large-mborderline-d0p02-t2,True,borderline,google/gemma-3-4b-pt,google_gemma_3_4b_pt,lower_standard_increases_bigness,standard_span,stated_standard,True,standard_straddle,small,-1,,,-10.792026488532102,-6.705231982113733,base,4.086794506418369,51,50,penumbra-standard-C50-D0p02-elephant-t2
0.02020270731751947,penumbra_standard:t2,-12.140146842934877,-10.648689984287898,,49,elephant,,,,large,penumbra_standard,False,-1.56964187398962,bias_corrected,small,2.417558308055151,3.987200182044771,size-penumbra_standard-elephant-C50-S51-to49-small_to_large-mborderline-d0p02-t2,True,borderline,google/gemma-3-4b-pt,google_gemma_3_4b_pt,lower_standard_increases_bigness,standard_span,stated_standard,True,standard_straddle,small,-1,,,-9.722588534879726,-6.6614898022431275,cf,-3.061098732636599,51,50,penumbra-standard-C50-D0p02-elephant-t2
0.02020270731751947,penumbra_standard:t2,-12.140146842934877,-10.648689984287898,,51,elephant,,,,large,penumbra_standard,False,-1.56964187398962,bias_corrected,small,2.417558308055151,3.987200182044771,size-penumbra_standard-elephant-C50-S49-to51-large_to_small-mborderline-d0p02-t2,True,borderline,google/gemma-3-4b-pt,google_gemma_3_4b_pt,lower_standard_increases_bigness,standard_span,stated_standard,True,standard_straddle,small,1,,,-9.722588534879726,-6.6614898022431275,base,-3.061098732636599,49,50,penumbra-standard-C50-D0p02-elephant-t2
0.019802627296179754,penumbra_standard:t2,-12.140146842934877,-10.648689984287898,,51,elephant,,,,small,penumbra_standard,False,2.59533764777139,bias_corrected,small,1.3481203544027753,3.9434580021741654,size-penumbra_standard-elephant-C50-S49-to51-large_to_small-mborderline-d0p02-t2,True,borderline,google/gemma-3-4b-pt,google_gemma_3_4b_pt,lower_standard_increases_bigness,standard_span,stated_standard,True,standard_straddle,small,1,,,-10.792026488532102,-6.705231982113733,cf,4.086794506418369,49,50,penumbra-standard-C50-D0p02-elephant-t2
0.05826890812397576,penumbra_standard:t2,-12.140146842934877,-10.648689984287898,,48,elephant,,,,small,penumbra_standard,False,2.457369094784636,bias_corrected,small,1.8808446635292047,4.338213758313841,size-penumbra_standard-elephant-C50-S53-to48-small_to_large-mborderline-d0p05-t2,True,borderline,google/gemma-3-4b-pt,google_gemma_3_4b_pt,lower_standard_increases_bigness,standard_span,stated_standard,True,standard_straddle,small,-1,,,-10.259302179405672,-6.310476225974058,base,3.948825953431615,53,50,penumbra-standard-C50-D0p05-elephant-t2
0.0408219945202552,penumbra_standard:t2,-12.140146842934877,-10.648689984287898,,48,elephant,,,,large,penumbra_standard,False,-0.6627441925068851,bias_corrected,small,2.0002819746731557,2.663026167180041,size-penumbra_standard-elephant-C50-S53-to48-small_to_large-mborderline-d0p05-t2,True,borderline,google/gemma-3-4b-pt,google_gemma_3_4b_pt,lower_standard_increases_bigness,standard_span,stated_standard,True,standard_straddle,small,-1,,,-10.139864868261721,-7.9856638171078576,cf,-2.154201051153864,53,50,penumbra-standard-C50-D0p05-elephant-t2
0.0408219945202552,penumbra_standard:t2,-12.140146842934877,-10.648689984287898,,53,elephant,,,,large,penumbra_standard,False,-0.6627441925068851,bias_corrected,small,2.0002819746731557,2.663026167180041,size-penumbra_standard-elephant-C50-S48-to53-large_to_small-mborderline-d0p05-t2,True,borderline,google/gemma-3-4b-pt,google_gemma_3_4b_pt,lower_standard_increases_bigness,standard_span,stated_standard,True,standard_straddle,small,1,,,-10.139864868261721,-7.9856638171078576,base,-2.154201051153864,48,50,penumbra-standard-C50-D0p05-elephant-t2
0.05826890812397576,penumbra_standard:t2,-12.140146842934877,-10.648689984287898,,53,elephant,,,,small,penumbra_standard,False,2.457369094784636,bias_corrected,small,1.8808446635292047,4.338213758313841,size-penumbra_standard-elephant-C50-S48-to53-large_to_small-mborderline-d0p05-t2,True,borderline,google/gemma-3-4b-pt,google_gemma_3_4b_pt,lower_standard_increases_bigness,standard_span,stated_standard,True,standard_straddle,small,1,,,-10.259302179405672,-6.310476225974058,cf,3.948825953431615,48,50,penumbra-standard-C50-D0p05-elephant-t2
0.0953101798043249,penumbra_standard:t2,-12.140146842934877,-10.648689984287898,,45,elephant,,,,small,penumbra_standard,False,2.5102744727919903,bias_corrected,small,1.2337975868734201,3.7440720596654105,size-penumbra_standard-elephant-C50-S55-to45-small_to_large-mnear_boundary-d0p1-t2,True,near_boundary,google/gemma-3-4b-pt,google_gemma_3_4b_pt,lower_standard_increases_bigness,standard_span,stated_standard,True,standard_straddle,small,-1,,,-10.906349256061457,-6.904617924622488,base,4.001731331438969,55,50,penumbra-standard-C50-D0p1-elephant-t2
0.10536051565782635,penumbra_standard:t2,-12.140146842934877,-10.648689984287898,,45,elephant,,,,large,penumbra_standard,False,-1.8857786706821873,bias_corrected,small,1.9302258412718682,3.8160045119540555,size-penumbra_standard-elephant-C50-S55-to45-small_to_large-mnear_boundary-d0p1-t2,True,near_boundary,google/gemma-3-4b-pt,google_gemma_3_4b_pt,lower_standard_increases_bigness,standard_span,stated_standard,True,standard_straddle,small,-1,,,-10.209921001663009,-6.832685472333843,cf,-3.377235529329166,55,50,penumbra-standard-C50-D0p1-elephant-t2
0.10536051565782635,penumbra_standard:t2,-12.140146842934877,-10.648689984287898,,55,elephant,,,,large,penumbra_standard,False,-1.8857786706821873,bias_corrected,small,1.9302258412718682,3.8160045119540555,size-penumbra_standard-elephant-C50-S45-to55-large_to_small-mnear_boundary-d0p1-t2,True,near_boundary,google/gemma-3-4b-pt,google_gemma_3_4b_pt,lower_standard_increases_bigness,standard_span,stated_standard,True,standard_straddle,small,1,,,-10.209921001663009,-6.832685472333843,base,-3.377235529329166,45,50,penumbra-standard-C50-D0p1-elephant-t2
0.0953101798043249,penumbra_standard:t2,-12.140146842934877,-10.648689984287898,,55,elephant,,,,small,penumbra_standard,False,2.5102744727919903,bias_corrected,small,1.2337975868734201,3.7440720596654105,size-penumbra_standard-elephant-C50-S45-to55-large_to_small-mnear_boundary-d0p1-t2,True,near_boundary,google/gemma-3-4b-pt,google_gemma_3_4b_pt,lower_standard_increases_bigness,standard_span,stated_standard,True,standard_straddle,small,1,,,-10.906349256061457,-6.904617924622488,cf,4.001731331438969,45,50,penumbra-standard-C50-D0p1-elephant-t2
0.14842000511827333,penumbra_standard:t2,-12.140146842934877,-10.648689984287898,,43,elephant,,,,small,penumbra_standard,False,2.3372754459571192,bias_corrected,small,1.7735168970750017,4.110792343032121,size-penumbra_standard-elephant-C50-S58-to43-small_to_large-mnear_boundary-d0p15-t2,True,near_boundary,google/gemma-3-4b-pt,google_gemma_3_4b_pt,lower_standard_increases_bigness,standard_span,stated_standard,True,standard_straddle,small,-1,,,-10.366629945859875,-6.537897641255777,base,3.828732304604098,58,50,penumbra-standard-C50-D0p15-elephant-t2
0.1508228897345837,penumbra_standard:t2,-12.140146842934877,-10.648689984287898,,43,elephant,,,,large,penumbra_standard,False,-1.2043015792397078,bias_corrected,small,1.9849353541419976,3.1892369333817054,size-penumbra_standard-elephant-C50-S58-to43-small_to_large-mnear_boundary-d0p15-t2,True,near_boundary,google/gemma-3-4b-pt,google_gemma_3_4b_pt,lower_standard_increases_bigness,standard_span,stated_standard,True,standard_straddle,small,-1,,,-10.15521148879288,-7.459453050906193,cf,-2.6957584378866866,58,50,penumbra-standard-C50-D0p15-elephant-t2
0.1508228897345837,penumbra_standard:t2,-12.140146842934877,-10.648689984287898,,58,elephant,,,,large,penumbra_standard,False,-1.2043015792397078,bias_corrected,small,1.9849353541419976,3.1892369333817054,size-penumbra_standard-elephant-C50-S43-to58-large_to_small-mshoulder-d0p15-t2,True,shoulder,google/gemma-3-4b-pt,google_gemma_3_4b_pt,lower_standard_increases_bigness,standard_span,stated_standard,True,standard_straddle,small,1,,,-10.15521148879288,-7.459453050906193,base,-2.6957584378866866,43,50,penumbra-standard-C50-D0p15-elephant-t2
0.14842000511827333,penumbra_standard:t2,-12.140146842934877,-10.648689984287898,,58,elephant,,,,small,penumbra_standard,False,2.3372754459571192,bias_corrected,small,1.7735168970750017,4.110792343032121,size-penumbra_standard-elephant-C50-S43-to58-large_to_small-mshoulder-d0p15-t2,True,shoulder,google/gemma-3-4b-pt,google_gemma_3_4b_pt,lower_standard_increases_bigness,standard_span,stated_standard,True,standard_straddle,small,1,,,-10.366629945859875,-6.537897641255777,cf,3.828732304604098,43,50,penumbra-standard-C50-D0p15-elephant-t2
0.29266961396281993,penumbra_standard:t2,-12.140146842934877,-10.648689984287898,,37,elephant,,,,small,penumbra_standard,True,2.6487704059213657,bias_corrected,small,1.3960395564125054,4.044809962333871,size-penumbra_standard-elephant-C50-S67-to37-small_to_large-mshoulder-d0p3-t2,True,shoulder,google/gemma-3-4b-pt,google_gemma_3_4b_pt,lower_standard_increases_bigness,standard_span,stated_standard,False,standard_straddle,small,-1,,,-10.744107286522372,-6.603880021954027,base,4.1402272645683444,67,50,penumbra-standard-C50-D0p3-elephant-t2
0.3011050927839216,penumbra_standard:t2,-12.140146842934877,-10.648689984287898,,37,elephant,,,,large,penumbra_standard,True,0.16419165721039874,bias_corrected,large,2.5197508371995134,2.3555591799891147,size-penumbra_standard-elephant-C50-S67-to37-small_to_large-mshoulder-d0p3-t2,True,shoulder,google/gemma-3-4b-pt,google_gemma_3_4b_pt,lower_standard_increases_bigness,standard_span,stated_standard,False,standard_straddle,small,-1,,,-9.620396005735364,-8.293130804298784,cf,-1.32726520143658,67,50,penumbra-standard-C50-D0p3-elephant-t2
0.3011050927839216,penumbra_standard:t2,-12.140146842934877,-10.648689984287898,,67,elephant,,,,large,penumbra_standard,True,0.16419165721039874,bias_corrected,large,2.5197508371995134,2.3555591799891147,size-penumbra_standard-elephant-C50-S37-to67-large_to_small-mshoulder-d0p3-t2,True,shoulder,google/gemma-3-4b-pt,google_gemma_3_4b_pt,lower_standard_increases_bigness,standard_span,stated_standard,False,standard_straddle,small,1,,,-9.620396005735364,-8.293130804298784,base,-1.32726520143658,37,50,penumbra-standard-C50-D0p3-elephant-t2
0.29266961396281993,penumbra_standard:t2,-12.140146842934877,-10.648689984287898,,67,elephant,,,,small,penumbra_standard,True,2.6487704059213657,bias_corrected,small,1.3960395564125054,4.044809962333871,size-penumbra_standard-elephant-C50-S37-to67-large_to_small-mshoulder-d0p3-t2,True,shoulder,google/gemma-3-4b-pt,google_gemma_3_4b_pt,lower_standard_increases_bigness,standard_span,stated_standard,False,standard_straddle,small,1,,,-10.744107286522372,-6.603880021954027,cf,4.1402272645683444,37,50,penumbra-standard-C50-D0p3-elephant-t2
0.49469624183610705,penumbra_standard:t2,-12.140146842934877,-10.648689984287898,,30,elephant,,,,small,penumbra_standard,True,2.1035964347751266,bias_corrected,small,1.3995355485280463,3.503131983303173,size-penumbra_standard-elephant-C50-S82-to30-small_to_large-mclear-d0p5-t2,True,clear,google/gemma-3-4b-pt,google_gemma_3_4b_pt,lower_standard_increases_bigness,standard_span,stated_standard,False,standard_straddle,small,-1,,,-10.74061129440683,-7.1455580009847255,base,3.5950532934221053,82,50,penumbra-standard-C50-D0p5-elephant-t2
0.5108256237659907,penumbra_standard:t2,-12.140146842934877,-10.648689984287898,,30,elephant,,,,large,penumbra_standard,True,0.8673836483818,bias_corrected,large,1.4076333412679514,0.5402496928861513,size-penumbra_standard-elephant-C50-S82-to30-small_to_large-mclear-d0p5-t2,True,clear,google/gemma-3-4b-pt,google_gemma_3_4b_pt,lower_standard_increases_bigness,standard_span,stated_standard,False,standard_straddle,small,-1,,,-10.732513501666926,-10.108440291401747,cf,-0.6240732102651787,82,50,penumbra-standard-C50-D0p5-elephant-t2
0.5108256237659907,penumbra_standard:t2,-12.140146842934877,-10.648689984287898,,82,elephant,,,,large,penumbra_standard,True,0.8673836483818,bias_corrected,large,1.4076333412679514,0.5402496928861513,size-penumbra_standard-elephant-C50-S30-to82-large_to_small-mclear-d0p5-t2,True,clear,google/gemma-3-4b-pt,google_gemma_3_4b_pt,lower_standard_increases_bigness,standard_span,stated_standard,False,standard_straddle,small,1,,,-10.732513501666926,-10.108440291401747,base,-0.6240732102651787,30,50,penumbra-standard-C50-D0p5-elephant-t2
0.49469624183610705,penumbra_standard:t2,-12.140146842934877,-10.648689984287898,,82,elephant,,,,small,penumbra_standard,True,2.1035964347751266,bias_corrected,small,1.3995355485280463,3.503131983303173,size-penumbra_standard-elephant-C50-S30-to82-large_to_small-mclear-d0p5-t2,True,clear,google/gemma-3-4b-pt,google_gemma_3_4b_pt,lower_standard_increases_bigness,standard_span,stated_standard,False,standard_straddle,small,1,,,-10.74061129440683,-7.1455580009847255,cf,3.5950532934221053,30,50,penumbra-standard-C50-D0p5-elephant-t2
0.019802627296179754,penumbra_standard:t2,-12.140146842934877,-10.648689984287898,,196,elephant,,,,small,penumbra_standard,False,2.868988252329169,bias_corrected,small,-0.1114629950095587,2.7575252573196103,size-penumbra_standard-elephant-C200-S204-to196-small_to_large-mborderline-d0p02-t2,True,borderline,google/gemma-3-4b-pt,google_gemma_3_4b_pt,lower_standard_increases_bigness,standard_span,stated_standard,True,standard_straddle,small,-1,,,-12.251609837944436,-7.891164726968288,base,4.360445110976148,204,200,penumbra-standard-C200-D0p02-elephant-t2
0.02020270731751947,penumbra_standard:t2,-12.140146842934877,-10.648689984287898,,196,elephant,,,,large,penumbra_standard,False,-1.5602238177339522,bias_corrected,small,0.2486734390258789,1.8088972567598312,size-penumbra_standard-elephant-C200-S204-to196-small_to_large-mborderline-d0p02-t2,True,borderline,google/gemma-3-4b-pt,google_gemma_3_4b_pt,lower_standard_increases_bigness,standard_span,stated_standard,True,standard_straddle,small,-1,,,-11.891473403908998,-8.839792727528067,cf,-3.051680676380931,204,200,penumbra-standard-C200-D0p02-elephant-t2
0.02020270731751947,penumbra_standard:t2,-12.140146842934877,-10.648689984287898,,204,elephant,,,,large,penumbra_standard,False,-1.5602238177339522,bias_corrected,small,0.2486734390258789,1.8088972567598312,size-penumbra_standard-elephant-C200-S196-to204-large_to_small-mborderline-d0p02-t2,True,borderline,google/gemma-3-4b-pt,google_gemma_3_4b_pt,lower_standard_increases_bigness,standard_span,stated_standard,True,standard_straddle,small,1,,,-11.891473403908998,-8.839792727528067,base,-3.051680676380931,196,200,penumbra-standard-C200-D0p02-elephant-t2
0.019802627296179754,penumbra_standard:t2,-12.140146842934877,-10.648689984287898,,204,elephant,,,,small,penumbra_standard,False,2.868988252329169,bias_corrected,small,-0.1114629950095587,2.7575252573196103,size-penumbra_standard-elephant-C200-S196-to204-large_to_small-mborderline-d0p02-t2,True,borderline,google/gemma-3-4b-pt,google_gemma_3_4b_pt,lower_standard_increases_bigness,standard_span,stated_standard,True,standard_straddle,small,1,,,-12.251609837944436,-7.891164726968288,cf,4.360445110976148,196,200,penumbra-standard-C200-D0p02-elephant-t2
0.048790164169432056,penumbra_standard:t2,-12.140146842934877,-10.648689984287898,,190,elephant,,,,small,penumbra_standard,False,1.429359586878304,bias_corrected,small,0.16030684177809285,1.5896664286563968,size-penumbra_standard-elephant-C200-S210-to190-small_to_large-mborderline-d0p05-t2,True,borderline,google/gemma-3-4b-pt,google_gemma_3_4b_pt,lower_standard_increases_bigness,standard_span,stated_standard,True,standard_straddle,small,-1,,,-11.979840001156784,-9.059023555631502,base,2.9208164455252827,210,200,penumbra-standard-C200-D0p05-elephant-t2
0.05129329438755048,penumbra_standard:t2,-12.140146842934877,-10.648689984287898,,190,elephant,,,,large,penumbra_standard,False,0.28342858996700215,bias_corrected,large,1.7979887502285319,1.5145601602615297,size-penumbra_standard-elephant-C200-S210-to190-small_to_large-mborderline-d0p05-t2,True,borderline,google/gemma-3-4b-pt,google_gemma_3_4b_pt,lower_standard_increases_bigness,standard_span,stated_standard,True,standard_straddle,small,-1,,,-10.342158092706345,-9.134129824026369,cf,-1.2080282686799766,210,200,penumbra-standard-C200-D0p05-elephant-t2
0.05129329438755048,penumbra_standard:t2,-12.140146842934877,-10.648689984287898,,210,elephant,,,,large,penumbra_standard,False,0.28342858996700215,bias_corrected,large,1.7979887502285319,1.5145601602615297,size-penumbra_standard-elephant-C200-S190-to210-large_to_small-mborderline-d0p05-t2,True,borderline,google/gemma-3-4b-pt,google_gemma_3_4b_pt,lower_standard_increases_bigness,standard_span,stated_standard,True,standard_straddle,small,1,,,-10.342158092706345,-9.134129824026369,base,-1.2080282686799766,190,200,penumbra-standard-C200-D0p05-elephant-t2
0.048790164169432056,penumbra_standard:t2,-12.140146842934877,-10.648689984287898,,210,elephant,,,,small,penumbra_standard,False,1.429359586878304,bias_corrected,small,0.16030684177809285,1.5896664286563968,size-penumbra_standard-elephant-C200-S190-to210-large_to_small-mborderline-d0p05-t2,True,borderline,google/gemma-3-4b-pt,google_gemma_3_4b_pt,lower_standard_increases_bigness,standard_span,stated_standard,True,standard_straddle,small,1,,,-11.979840001156784,-9.059023555631502,cf,2.9208164455252827,190,200,penumbra-standard-C200-D0p05-elephant-t2
0.09984533496971613,penumbra_standard:t2,-12.140146842934877,-10.648689984287898,,181,elephant,,,,small,penumbra_standard,False,1.3442686074300454,bias_corrected,small,-0.20088686775242515,1.1433817396776202,size-penumbra_standard-elephant-C200-S221-to181-small_to_large-mnear_boundary-d0p1-t2,True,near_boundary,google/gemma-3-4b-pt,google_gemma_3_4b_pt,lower_standard_increases_bigness,standard_span,stated_standard,True,standard_straddle,small,-1,,,-12.341033710687302,-9.505308244610278,base,2.835725466077024,221,200,penumbra-standard-C200-D0p1-elephant-t2
0.09982033528221099,penumbra_standard:t2,-12.140146842934877,-10.648689984287898,,181,elephant,,,,large,penumbra_standard,False,-0.12239925923217143,bias_corrected,small,2.336738053295017,2.4591373125271883,size-penumbra_standard-elephant-C200-S221-to181-small_to_large-mnear_boundary-d0p1-t2,True,near_boundary,google/gemma-3-4b-pt,google_gemma_3_4b_pt,lower_standard_increases_bigness,standard_span,stated_standard,True,standard_straddle,small,-1,,,-9.80340878963986,-8.18955267176071,cf,-1.6138561178791502,221,200,penumbra-standard-C200-D0p1-elephant-t2
0.09982033528221099,penumbra_standard:t2,-12.140146842934877,-10.648689984287898,,221,elephant,,,,large,penumbra_standard,False,-0.12239925923217143,bias_corrected,small,2.336738053295017,2.4591373125271883,size-penumbra_standard-elephant-C200-S181-to221-large_to_small-mnear_boundary-d0p1-t2,True,near_boundary,google/gemma-3-4b-pt,google_gemma_3_4b_pt,lower_standard_increases_bigness,standard_span,stated_standard,True,standard_straddle,small,1,,,-9.80340878963986,-8.18955267176071,base,-1.6138561178791502,181,200,penumbra-standard-C200-D0p1-elephant-t2
0.09984533496971613,penumbra_standard:t2,-12.140146842934877,-10.648689984287898,,221,elephant,,,,small,penumbra_standard,False,1.3442686074300454,bias_corrected,small,-0.20088686775242515,1.1433817396776202,size-penumbra_standard-elephant-C200-S181-to221-large_to_small-mnear_boundary-d0p1-t2,True,near_boundary,google/gemma-3-4b-pt,google_gemma_3_4b_pt,lower_standard_increases_bigness,standard_span,stated_standard,True,standard_straddle,small,1,,,-12.341033710687302,-9.505308244610278,cf,2.835725466077024,181,200,penumbra-standard-C200-D0p1-elephant-t2
0.14842000511827333,penumbra_standard:t2,-12.140146842934877,-10.648689984287898,,172,elephant,,,,small,penumbra_standard,False,1.0246355502260833,bias_corrected,small,1.0042934793269538,2.028929029553037,size-penumbra_standard-elephant-C200-S232-to172-small_to_large-mnear_boundary-d0p15-t2,True,near_boundary,google/gemma-3-4b-pt,google_gemma_3_4b_pt,lower_standard_increases_bigness,standard_span,stated_standard,True,standard_straddle,small,-1,,,-11.135853363607923,-8.619760954734861,base,2.516092408873062,232,200,penumbra-standard-C200-D0p15-elephant-t2
0.1508228897345837,penumbra_standard:t2,-12.140146842934877,-10.648689984287898,,172,elephant,,,,large,penumbra_standard,False,1.001330649117941,bias_corrected,large,1.7926088128517694,0.7912781637338284,size-penumbra_standard-elephant-C200-S232-to172-small_to_large-mnear_boundary-d0p15-t2,True,near_boundary,google/gemma-3-4b-pt,google_gemma_3_4b_pt,lower_standard_increases_bigness,standard_span,stated_standard,True,standard_straddle,small,-1,,,-10.347538030083108,-9.85741182055407,cf,-0.49012620952903774,232,200,penumbra-standard-C200-D0p15-elephant-t2
0.1508228897345837,penumbra_standard:t2,-12.140146842934877,-10.648689984287898,,232,elephant,,,,large,penumbra_standard,False,1.001330649117941,bias_corrected,large,1.7926088128517694,0.7912781637338284,size-penumbra_standard-elephant-C200-S172-to232-large_to_small-mshoulder-d0p15-t2,True,shoulder,google/gemma-3-4b-pt,google_gemma_3_4b_pt,lower_standard_increases_bigness,standard_span,stated_standard,True,standard_straddle,small,1,,,-10.347538030083108,-9.85741182055407,base,-0.49012620952903774,172,200,penumbra-standard-C200-D0p15-elephant-t2
0.14842000511827333,penumbra_standard:t2,-12.140146842934877,-10.648689984287898,,232,elephant,,,,small,penumbra_standard,False,1.0246355502260833,bias_corrected,small,1.0042934793269538,2.028929029553037,size-penumbra_standard-elephant-C200-S172-to232-large_to_small-mshoulder-d0p15-t2,True,shoulder,google/gemma-3-4b-pt,google_gemma_3_4b_pt,lower_standard_increases_bigness,standard_span,stated_standard,True,standard_straddle,small,1,,,-11.135853363607923,-8.619760954734861,cf,2.516092408873062,172,200,penumbra-standard-C200-D0p15-elephant-t2
0.30010459245033816,penumbra_standard:t2,-12.140146842934877,-10.648689984287898,,148,elephant,,,,small,penumbra_standard,True,0.824854828440186,bias_corrected,small,0.21437752480432692,1.039232353244513,size-penumbra_standard-elephant-C200-S270-to148-small_to_large-mshoulder-d0p3-t2,True,shoulder,google/gemma-3-4b-pt,google_gemma_3_4b_pt,lower_standard_increases_bigness,standard_span,stated_standard,False,standard_straddle,small,-1,,,-11.92576931813055,-9.609457631043385,base,2.3163116870871647,270,200,penumbra-standard-C200-D0p3-elephant-t2
0.3011050927839216,penumbra_standard:t2,-12.140146842934877,-10.648689984287898,,148,elephant,,,,large,penumbra_standard,True,2.0867463537739894,bias_corrected,large,3.9851472813788558,1.8984009276048663,size-penumbra_standard-elephant-C200-S270-to148-small_to_large-mshoulder-d0p3-t2,True,shoulder,google/gemma-3-4b-pt,google_gemma_3_4b_pt,lower_standard_increases_bigness,standard_span,stated_standard,False,standard_straddle,large,-1,,,-8.154999561556021,-8.750289056683032,cf,0.5952894951270107,270,200,penumbra-standard-C200-D0p3-elephant-t2
0.3011050927839216,penumbra_standard:t2,-12.140146842934877,-10.648689984287898,,270,elephant,,,,large,penumbra_standard,True,2.0867463537739894,bias_corrected,large,3.9851472813788558,1.8984009276048663,size-penumbra_standard-elephant-C200-S148-to270-large_to_small-mshoulder-d0p3-t2,True,shoulder,google/gemma-3-4b-pt,google_gemma_3_4b_pt,lower_standard_increases_bigness,standard_span,stated_standard,False,standard_straddle,large,1,,,-8.154999561556021,-8.750289056683032,base,0.5952894951270107,148,200,penumbra-standard-C200-D0p3-elephant-t2
0.30010459245033816,penumbra_standard:t2,-12.140146842934877,-10.648689984287898,,270,elephant,,,,small,penumbra_standard,True,0.824854828440186,bias_corrected,small,0.21437752480432692,1.039232353244513,size-penumbra_standard-elephant-C200-S148-to270-large_to_small-mshoulder-d0p3-t2,True,shoulder,google/gemma-3-4b-pt,google_gemma_3_4b_pt,lower_standard_increases_bigness,standard_span,stated_standard,False,standard_straddle,small,1,,,-11.92576931813055,-9.609457631043385,cf,2.3163116870871647,148,200,penumbra-standard-C200-D0p3-elephant-t2
0.5007752879124893,penumbra_standard:t2,-12.140146842934877,-10.648689984287898,,121,elephant,,,,small,penumbra_standard,True,0.6751780103415204,bias_corrected,small,0.6097433030055335,1.2849213133470538,size-penumbra_standard-elephant-C200-S330-to121-small_to_large-mclear-d0p5-t2,True,clear,google/gemma-3-4b-pt,google_gemma_3_4b_pt,lower_standard_increases_bigness,standard_span,stated_standard,False,standard_straddle,small,-1,,,-11.530403539929344,-9.363768670940845,base,2.166634868988499,330,200,penumbra-standard-C200-D0p5-elephant-t2
0.5025268209512956,penumbra_standard:t2,-12.140146842934877,-10.648689984287898,,121,elephant,,,,large,penumbra_standard,True,1.6379878765149627,bias_corrected,large,2.6518804490016272,1.0138925724866645,size-penumbra_standard-elephant-C200-S330-to121-small_to_large-mclear-d0p5-t2,True,clear,google/gemma-3-4b-pt,google_gemma_3_4b_pt,lower_standard_increases_bigness,standard_span,stated_standard,False,standard_straddle,large,-1,,,-9.48826639393325,-9.634797411801234,cf,0.14653101786798395,330,200,penumbra-standard-C200-D0p5-elephant-t2
0.5025268209512956,penumbra_standard:t2,-12.140146842934877,-10.648689984287898,,330,elephant,,,,large,penumbra_standard,True,1.6379878765149627,bias_corrected,large,2.6518804490016272,1.0138925724866645,size-penumbra_standard-elephant-C200-S121-to330-large_to_small-mclear-d0p5-t2,True,clear,google/gemma-3-4b-pt,google_gemma_3_4b_pt,lower_standard_increases_bigness,standard_span,stated_standard,False,standard_straddle,large,1,,,-9.48826639393325,-9.634797411801234,base,0.14653101786798395,121,200,penumbra-standard-C200-D0p5-elephant-t2
0.5007752879124893,penumbra_standard:t2,-12.140146842934877,-10.648689984287898,,330,elephant,,,,small,penumbra_standard,True,0.6751780103415204,bias_corrected,small,0.6097433030055335,1.2849213133470538,size-penumbra_standard-elephant-C200-S121-to330-large_to_small-mclear-d0p5-t2,True,clear,google/gemma-3-4b-pt,google_gemma_3_4b_pt,lower_standard_increases_bigness,standard_span,stated_standard,False,standard_straddle,small,1,,,-11.530403539929344,-9.363768670940845,cf,2.166634868988499,121,200,penumbra-standard-C200-D0p5-elephant-t2
0.019802627296179754,penumbra_standard:t2,-12.140146842934877,-10.648689984287898,,490,elephant,,,,small,penumbra_standard,False,1.522486228874408,bias_corrected,small,-0.15453932582173202,1.367946903052676,size-penumbra_standard-elephant-C500-S510-to490-small_to_large-mborderline-d0p02-t2,True,borderline,google/gemma-3-4b-pt,google_gemma_3_4b_pt,lower_standard_increases_bigness,standard_span,stated_standard,True,standard_straddle,small,-1,,,-12.29468616875661,-9.280743081235222,base,3.013943087521387,510,500,penumbra-standard-C500-D0p02-elephant-t2
0.02020270731751947,penumbra_standard:t2,-12.140146842934877,-10.648689984287898,,490,elephant,,,,large,penumbra_standard,False,-0.858140060027548,bias_corrected,small,1.3626770158198411,2.220817075847389,size-penumbra_standard-elephant-C500-S510-to490-small_to_large-mborderline-d0p02-t2,True,borderline,google/gemma-3-4b-pt,google_gemma_3_4b_pt,lower_standard_increases_bigness,standard_span,stated_standard,True,standard_straddle,small,-1,,,-10.777469827115036,-8.42787290844051,cf,-2.3495969186745267,510,500,penumbra-standard-C500-D0p02-elephant-t2
0.02020270731751947,penumbra_standard:t2,-12.140146842934877,-10.648689984287898,,510,elephant,,,,large,penumbra_standard,False,-0.858140060027548,bias_corrected,small,1.3626770158198411,2.220817075847389,size-penumbra_standard-elephant-C500-S490-to510-large_to_small-mborderline-d0p02-t2,True,borderline,google/gemma-3-4b-pt,google_gemma_3_4b_pt,lower_standard_increases_bigness,standard_span,stated_standard,True,standard_straddle,small,1,,,-10.777469827115036,-8.42787290844051,base,-2.3495969186745267,490,500,penumbra-standard-C500-D0p02-elephant-t2
0.019802627296179754,penumbra_standard:t2,-12.140146842934877,-10.648689984287898,,510,elephant,,,,small,penumbra_standard,False,1.522486228874408,bias_corrected,small,-0.15453932582173202,1.367946903052676,size-penumbra_standard-elephant-C500-S490-to510-large_to_small-mborderline-d0p02-t2,True,borderline,google/gemma-3-4b-pt,google_gemma_3_4b_pt,lower_standard_increases_bigness,standard_span,stated_standard,True,standard_straddle,small,1,,,-12.29468616875661,-9.280743081235222,cf,3.013943087521387,490,500,penumbra-standard-C500-D0p02-elephant-t2
0.050693114315518095,penumbra_standard:t2,-12.140146842934877,-10.648689984287898,,476,elephant,,,,small,penumbra_standard,False,2.339149470957569,bias_corrected,small,0.17075047660792642,2.5098999475654953,size-penumbra_standard-elephant-C500-S526-to476-small_to_large-mborderline-d0p05-t2,True,borderline,google/gemma-3-4b-pt,google_gemma_3_4b_pt,lower_standard_increases_bigness,standard_span,stated_standard,True,standard_straddle,small,-1,,,-11.96939636632695,-8.138790036722403,base,3.8306063296045476,526,500,penumbra-standard-C500-D0p05-elephant-t2
0.04919024419077178,penumbra_standard:t2,-12.140146842934877,-10.648689984287898,,476,elephant,,,,large,penumbra_standard,False,-0.7736193871633645,bias_corrected,small,1.9423449922376612,2.7159643794010258,size-penumbra_standard-elephant-C500-S526-to476-small_to_large-mborderline-d0p05-t2,True,borderline,google/gemma-3-4b-pt,google_gemma_3_4b_pt,lower_standard_increases_bigness,standard_span,stated_standard,True,standard_straddle,small,-1,,,-10.197801850697216,-7.932725604886873,cf,-2.2650762458103433,526,500,penumbra-standard-C500-D0p05-elephant-t2
0.04919024419077178,penumbra_standard:t2,-12.140146842934877,-10.648689984287898,,526,elephant,,,,large,penumbra_standard,False,-0.7736193871633645,bias_corrected,small,1.9423449922376612,2.7159643794010258,size-penumbra_standard-elephant-C500-S476-to526-large_to_small-mborderline-d0p05-t2,True,borderline,google/gemma-3-4b-pt,google_gemma_3_4b_pt,lower_standard_increases_bigness,standard_span,stated_standard,True,standard_straddle,small,1,,,-10.197801850697216,-7.932725604886873,base,-2.2650762458103433,476,500,penumbra-standard-C500-D0p05-elephant-t2
0.050693114315518095,penumbra_standard:t2,-12.140146842934877,-10.648689984287898,,526,elephant,,,,small,penumbra_standard,False,2.339149470957569,bias_corrected,small,0.17075047660792642,2.5098999475654953,size-penumbra_standard-elephant-C500-S476-to526-large_to_small-mborderline-d0p05-t2,True,borderline,google/gemma-3-4b-pt,google_gemma_3_4b_pt,lower_standard_increases_bigness,standard_span,stated_standard,True,standard_straddle,small,1,,,-11.96939636632695,-8.138790036722403,cf,3.8306063296045476,476,500,penumbra-standard-C500-D0p05-elephant-t2
0.10074990310014302,penumbra_standard:t2,-12.140146842934877,-10.648689984287898,,452,elephant,,,,small,penumbra_standard,False,1.5666904020276409,bias_corrected,small,0.3973220168076228,1.9640124188352637,size-penumbra_standard-elephant-C500-S553-to452-small_to_large-mnear_boundary-d0p1-t2,True,near_boundary,google/gemma-3-4b-pt,google_gemma_3_4b_pt,lower_standard_increases_bigness,standard_span,stated_standard,True,standard_straddle,small,-1,,,-11.742824826127254,-8.684677565452635,base,3.0581472606746196,553,500,penumbra-standard-C500-D0p1-elephant-t2
0.1009259185899605,penumbra_standard:t2,-12.140146842934877,-10.648689984287898,,452,elephant,,,,large,penumbra_standard,False,-1.219976953413905,bias_corrected,small,0.48948178459132485,1.70945873800523,size-penumbra_standard-elephant-C500-S553-to452-small_to_large-mnear_boundary-d0p1-t2,True,near_boundary,google/gemma-3-4b-pt,google_gemma_3_4b_pt,lower_standard_increases_bigness,standard_span,stated_standard,True,standard_straddle,small,-1,,,-11.650665058343552,-8.939231246282668,cf,-2.711433812060884,553,500,penumbra-standard-C500-D0p1-elephant-t2
0.1009259185899605,penumbra_standard:t2,-12.140146842934877,-10.648689984287898,,553,elephant,,,,large,penumbra_standard,False,-1.219976953413905,bias_corrected,small,0.48948178459132485,1.70945873800523,size-penumbra_standard-elephant-C500-S452-to553-large_to_small-mnear_boundary-d0p1-t2,True,near_boundary,google/gemma-3-4b-pt,google_gemma_3_4b_pt,lower_standard_increases_bigness,standard_span,stated_standard,True,standard_straddle,small,1,,,-11.650665058343552,-8.939231246282668,base,-2.711433812060884,452,500,penumbra-standard-C500-D0p1-elephant-t2
0.10074990310014302,penumbra_standard:t2,-12.140146842934877,-10.648689984287898,,553,elephant,,,,small,penumbra_standard,False,1.5666904020276409,bias_corrected,small,0.3973220168076228,1.9640124188352637,size-penumbra_standard-elephant-C500-S452-to553-large_to_small-mnear_boundary-d0p1-t2,True,near_boundary,google/gemma-3-4b-pt,google_gemma_3_4b_pt,lower_standard_increases_bigness,standard_span,stated_standard,True,standard_straddle,small,1,,,-11.742824826127254,-8.684677565452635,cf,3.0581472606746196,452,500,penumbra-standard-C500-D0p1-elephant-t2
0.019802627296179754,penumbra_standard:t2,-12.140146842934877,-10.648689984287898,,49,glorb,,,,small,penumbra_standard,False,2.3413334288801053,bias_corrected,small,-1.48574394465588,0.8555894842242253,size-penumbra_standard-glorb-C50-S51-to49-small_to_large-mborderline-d0p02-t2,True,borderline,google/gemma-3-4b-pt,google_gemma_3_4b_pt,lower_standard_increases_bigness,standard_span,stated_standard,True,standard_straddle,small,-1,,,-13.625890787590757,-9.793100500063673,base,3.832790287527084,51,50,penumbra-standard-C50-D0p02-glorb-t2
0.02020270731751947,penumbra_standard:t2,-12.140146842934877,-10.648689984287898,,49,glorb,,,,large,penumbra_standard,False,-0.5476909438696378,bias_corrected,small,1.5132492358795435,2.0609401797491813,size-penumbra_standard-glorb-C50-S51-to49-small_to_large-mborderline-d0p02-t2,True,borderline,google/gemma-3-4b-pt,google_gemma_3_4b_pt,lower_standard_increases_bigness,standard_span,stated_standard,True,standard_straddle,small,-1,,,-10.626897607055334,-8.587749804538717,cf,-2.0391478025166165,51,50,penumbra-standard-C50-D0p02-glorb-t2
0.02020270731751947,penumbra_standard:t2,-12.140146842934877,-10.648689984287898,,51,glorb,,,,large,penumbra_standard,False,-0.5476909438696378,bias_corrected,small,1.5132492358795435,2.0609401797491813,size-penumbra_standard-glorb-C50-S49-to51-large_to_small-mborderline-d0p02-t2,True,borderline,google/gemma-3-4b-pt,google_gemma_3_4b_pt,lower_standard_increases_bigness,standard_span,stated_standard,True,standard_straddle,small,1,,,-10.626897607055334,-8.587749804538717,base,-2.0391478025166165,49,50,penumbra-standard-C50-D0p02-glorb-t2
0.019802627296179754,penumbra_standard:t2,-12.140146842934877,-10.648689984287898,,51,glorb,,,,small,penumbra_standard,False,2.3413334288801053,bias_corrected,small,-1.48574394465588,0.8555894842242253,size-penumbra_standard-glorb-C50-S49-to51-large_to_small-mborderline-d0p02-t2,True,borderline,google/gemma-3-4b-pt,google_gemma_3_4b_pt,lower_standard_increases_bigness,standard_span,stated_standard,True,standard_straddle,small,1,,,-13.625890787590757,-9.793100500063673,cf,3.832790287527084,49,50,penumbra-standard-C50-D0p02-glorb-t2
0.05826890812397576,penumbra_standard:t2,-12.140146842934877,-10.648689984287898,,48,glorb,,,,small,penumbra_standard,False,1.3987426622271713,bias_corrected,small,-1.0488853079044915,0.3498573543226797,size-penumbra_standard-glorb-C50-S53-to48-small_to_large-mborderline-d0p05-t2,True,borderline,google/gemma-3-4b-pt,google_gemma_3_4b_pt,lower_standard_increases_bigness,standard_span,stated_standard,True,standard_straddle,small,-1,,,-13.189032150839369,-10.298832629965219,base,2.89019952087415,53,50,penumbra-standard-C50-D0p05-glorb-t2
0.0408219945202552,penumbra_standard:t2,-12.140146842934877,-10.648689984287898,,48,glorb,,,,large,penumbra_standard,False,0.010361412866570774,bias_corrected,large,0.5306708851091724,0.5203094722426016,size-penumbra_standard-glorb-C50-S53-to48-small_to_large-mborderline-d0p05-t2,True,borderline,google/gemma-3-4b-pt,google_gemma_3_4b_pt,lower_standard_increases_bigness,standard_span,stated_standard,True,standard_straddle,small,-1,,,-11.609475957825705,-10.128380512045297,cf,-1.481095445780408,53,50,penumbra-standard-C50-D0p05-glorb-t2
0.0408219945202552,penumbra_standard:t2,-12.140146842934877,-10.648689984287898,,53,glorb,,,,large,penumbra_standard,False,0.010361412866570774,bias_corrected,large,0.5306708851091724,0.5203094722426016,size-penumbra_standard-glorb-C50-S48-to53-large_to_small-mborderline-d0p05-t2,True,borderline,google/gemma-3-4b-pt,google_gemma_3_4b_pt,lower_standard_increases_bigness,standard_span,stated_standard,True,standard_straddle,small,1,,,-11.609475957825705,-10.128380512045297,base,-1.481095445780408,48,50,penumbra-standard-C50-D0p05-glorb-t2
0.05826890812397576,penumbra_standard:t2,-12.140146842934877,-10.648689984287898,,53,glorb,,,,small,penumbra_standard,False,1.3987426622271713,bias_corrected,small,-1.0488853079044915,0.3498573543226797,size-penumbra_standard-glorb-C50-S48-to53-large_to_small-mborderline-d0p05-t2,True,borderline,google/gemma-3-4b-pt,google_gemma_3_4b_pt,lower_standard_increases_bigness,standard_span,stated_standard,True,standard_straddle,small,1,,,-13.189032150839369,-10.298832629965219,cf,2.89019952087415,48,50,penumbra-standard-C50-D0p05-glorb-t2
0.0953101798043249,penumbra_standard:t2,-12.140146842934877,-10.648689984287898,,45,glorb,,,,small,penumbra_standard,False,1.5874721627478188,bias_corrected,small,-0.6706122976505853,0.9168598650972335,size-penumbra_standard-glorb-C50-S55-to45-small_to_large-mnear_boundary-d0p1-t2,True,near_boundary,google/gemma-3-4b-pt,google_gemma_3_4b_pt,lower_standard_increases_bigness,standard_span,stated_standard,True,standard_straddle,small,-1,,,-12.810759140585462,-9.731830119190665,base,3.0789290213947975,55,50,penumbra-standard-C50-D0p1-glorb-t2
0.10536051565782635,penumbra_standard:t2,-12.140146842934877,-10.648689984287898,,45,glorb,,,,large,penumbra_standard,False,-0.49377553943795327,bias_corrected,small,0.6912171333225263,1.1849926727604796,size-penumbra_standard-glorb-C50-S55-to45-small_to_large-mnear_boundary-d0p1-t2,True,near_boundary,google/gemma-3-4b-pt,google_gemma_3_4b_pt,lower_standard_increases_bigness,standard_span,stated_standard,True,standard_straddle,small,-1,,,-11.44892970961235,-9.463697311527419,cf,-1.985232398084932,55,50,penumbra-standard-C50-D0p1-glorb-t2
0.10536051565782635,penumbra_standard:t2,-12.140146842934877,-10.648689984287898,,55,glorb,,,,large,penumbra_standard,False,-0.49377553943795327,bias_corrected,small,0.6912171333225263,1.1849926727604796,size-penumbra_standard-glorb-C50-S45-to55-large_to_small-mnear_boundary-d0p1-t2,True,near_boundary,google/gemma-3-4b-pt,google_gemma_3_4b_pt,lower_standard_increases_bigness,standard_span,stated_standard,True,standard_straddle,small,1,,,-11.44892970961235,-9.463697311527419,base,-1.985232398084932,45,50,penumbra-standard-C50-D0p1-glorb-t2
0.0953101798043249,penumbra_standard:t2,-12.140146842934877,-10.648689984287898,,55,glorb,,,,small,penumbra_standard,False,1.5874721627478188,bias_corrected,small,-0.6706122976505853,0.9168598650972335,size-penumbra_standard-glorb-C50-S45-to55-large_to_small-mnear_boundary-d0p1-t2,True,near_boundary,google/gemma-3-4b-pt,google_gemma_3_4b_pt,lower_standard_increases_bigness,standard_span,stated_standard,True,standard_straddle,small,1,,,-12.810759140585462,-9.731830119190665,cf,3.0789290213947975,45,50,penumbra-standard-C50-D0p1-glorb-t2
0.14842000511827333,penumbra_standard:t2,-12.140146842934877,-10.648689984287898,,43,glorb,,,,small,penumbra_standard,False,2.074423134309461,bias_corrected,small,-1.5286374170899482,0.5457857172195126,size-penumbra_standard-glorb-C50-S58-to43-small_to_large-mnear_boundary-d0p15-t2,True,near_boundary,google/gemma-3-4b-pt,google_gemma_3_4b_pt,lower_standard_increases_bigness,standard_span,stated_standard,True,standard_straddle,small,-1,,,-13.668784260024825,-10.102904267068386,base,3.5658799929564395,58,50,penumbra-standard-C50-D0p15-glorb-t2
0.1508228897345837,penumbra_standard:t2,-12.140146842934877,-10.648689984287898,,43,glorb,,,,large,penumbra_standard,False,-0.1703711663509715,bias_corrected,small,1.7350174832964775,1.905388649647449,size-penumbra_standard-glorb-C50-S58-to43-small_to_large-mnear_boundary-d0p15-t2,True,near_boundary,google/gemma-3-4b-pt,google_gemma_3_4b_pt,lower_standard_increases_bigness,standard_span,stated_standard,True,standard_straddle,small,-1,,,-10.4051293596384,-8.74330133464045,cf,-1.6618280249979502,58,50,penumbra-standard-C50-D0p15-glorb-t2
0.1508228897345837,penumbra_standard:t2,-12.140146842934877,-10.648689984287898,,58,glorb,,,,large,penumbra_standard,False,-0.1703711663509715,bias_corrected,small,1.7350174832964775,1.905388649647449,size-penumbra_standard-glorb-C50-S43-to58-large_to_small-mshoulder-d0p15-t2,True,shoulder,google/gemma-3-4b-pt,google_gemma_3_4b_pt,lower_standard_increases_bigness,standard_span,stated_standard,True,standard_straddle,small,1,,,-10.4051293596384,-8.74330133464045,base,-1.6618280249979502,43,50,penumbra-standard-C50-D0p15-glorb-t2
0.14842000511827333,penumbra_standard:t2,-12.140146842934877,-10.648689984287898,,58,glorb,,,,small,penumbra_standard,False,2.074423134309461,bias_corrected,small,-1.5286374170899482,0.5457857172195126,size-penumbra_standard-glorb-C50-S43-to58-large_to_small-mshoulder-d0p15-t2,True,shoulder,google/gemma-3-4b-pt,google_gemma_3_4b_pt,lower_standard_increases_bigness,standard_span,stated_standard,True,standard_straddle,small,1,,,-13.668784260024825,-10.102904267068386,cf,3.5658799929564395,43,50,penumbra-standard-C50-D0p15-glorb-t2
0.29266961396281993,penumbra_standard:t2,-12.140146842934877,-10.648689984287898,,37,glorb,,,,small,penumbra_standard,True,1.599025893729742,bias_corrected,small,-0.21447689831268413,1.3845489954170578,size-penumbra_standard-glorb-C50-S67-to37-small_to_large-mshoulder-d0p3-t2,False,shoulder,google/gemma-3-4b-pt,google_gemma_3_4b_pt,lower_standard_increases_bigness,standard_span,stated_standard,False,standard_straddle,small,-1,,cf_gate_margin_below_0.1,-12.354623741247561,-9.26414098887084,base,3.0904827523767207,67,50,penumbra-standard-C50-D0p3-glorb-t2
0.3011050927839216,penumbra_standard:t2,-12.140146842934877,-10.648689984287898,,37,glorb,,,,large,penumbra_standard,True,0.08268508193013169,bias_corrected,large,1.6254064478682242,1.5427213659380925,size-penumbra_standard-glorb-C50-S67-to37-small_to_large-mshoulder-d0p3-t2,False,shoulder,google/gemma-3-4b-pt,google_gemma_3_4b_pt,lower_standard_increases_bigness,standard_span,stated_standard,False,standard_straddle,small,-1,,cf_gate_margin_below_0.1,-10.514740395066653,-9.105968618349806,cf,-1.408771776716847,67,50,penumbra-standard-C50-D0p3-glorb-t2
0.3011050927839216,penumbra_standard:t2,-12.140146842934877,-10.648689984287898,,67,glorb,,,,large,penumbra_standard,True,0.08268508193013169,bias_corrected,large,1.6254064478682242,1.5427213659380925,size-penumbra_standard-glorb-C50-S37-to67-large_to_small-mshoulder-d0p3-t2,False,shoulder,google/gemma-3-4b-pt,google_gemma_3_4b_pt,lower_standard_increases_bigness,standard_span,stated_standard,False,standard_straddle,small,1,,base_gate_margin_below_0.1,-10.514740395066653,-9.105968618349806,base,-1.408771776716847,37,50,penumbra-standard-C50-D0p3-glorb-t2
0.29266961396281993,penumbra_standard:t2,-12.140146842934877,-10.648689984287898,,67,glorb,,,,small,penumbra_standard,True,1.599025893729742,bias_corrected,small,-0.21447689831268413,1.3845489954170578,size-penumbra_standard-glorb-C50-S37-to67-large_to_small-mshoulder-d0p3-t2,False,shoulder,google/gemma-3-4b-pt,google_gemma_3_4b_pt,lower_standard_increases_bigness,standard_span,stated_standard,False,standard_straddle,small,1,,base_gate_margin_below_0.1,-12.354623741247561,-9.26414098887084,cf,3.0904827523767207,37,50,penumbra-standard-C50-D0p3-glorb-t2
0.49469624183610705,penumbra_standard:t2,-12.140146842934877,-10.648689984287898,,30,glorb,,,,small,penumbra_standard,True,0.42645829465526397,bias_corrected,small,0.2045820917537018,0.6310403864089658,size-penumbra_standard-glorb-C50-S82-to30-small_to_large-mclear-d0p5-t2,True,clear,google/gemma-3-4b-pt,google_gemma_3_4b_pt,lower_standard_increases_bigness,standard_span,stated_standard,False,standard_straddle,small,-1,,,-11.935564751181175,-10.017649597878933,base,1.9179151533022427,82,50,penumbra-standard-C50-D0p5-glorb-t2
0.5108256237659907,penumbra_standard:t2,-12.140146842934877,-10.648689984287898,,30,glorb,,,,large,penumbra_standard,True,0.5322492090161717,bias_corrected,large,0.029399247744791523,-0.5028499612713802,size-penumbra_standard-glorb-C50-S82-to30-small_to_large-mclear-d0p5-t2,True,clear,google/gemma-3-4b-pt,google_gemma_3_4b_pt,lower_standard_increases_bigness,standard_span,stated_standard,False,standard_straddle,small,-1,,,-12.110747595190086,-11.151539945559279,cf,-0.9592076496308071,82,50,penumbra-standard-C50-D0p5-glorb-t2
0.5108256237659907,penumbra_standard:t2,-12.140146842934877,-10.648689984287898,,82,glorb,,,,large,penumbra_standard,True,0.5322492090161717,bias_corrected,large,0.029399247744791523,-0.5028499612713802,size-penumbra_standard-glorb-C50-S30-to82-large_to_small-mclear-d0p5-t2,True,clear,google/gemma-3-4b-pt,google_gemma_3_4b_pt,lower_standard_increases_bigness,standard_span,stated_standard,False,standard_straddle,small,1,,,-12.110747595190086,-11.151539945559279,base,-0.9592076496308071,30,50,penumbra-standard-C50-D0p5-glorb-t2
0.49469624183610705,penumbra_standard:t2,-12.140146842934877,-10.648689984287898,,82,glorb,,,,small,penumbra_standard,True,0.42645829465526397,bias_corrected,small,0.2045820917537018,0.6310403864089658,size-penumbra_standard-glorb-C50-S30-to82-large_to_small-mclear-d0p5-t2,True,clear,google/gemma-3-4b-pt,google_gemma_3_4b_pt,lower_standard_increases_bigness,standard_span,stated_standard,False,standard_straddle,small,1,,,-11.935564751181175,-10.017649597878933,cf,1.9179151533022427,30,50,penumbra-standard-C50-D0p5-glorb-t2
0.019802627296179754,penumbra_standard:t2,-12.140146842934877,-10.648689984287898,,196,glorb,,,,small,penumbra_standard,False,0.7839796113563668,bias_corrected,small,0.22939936816680806,1.013378979523175,size-penumbra_standard-glorb-C200-S204-to196-small_to_large-mborderline-d0p02-t2,True,borderline,google/gemma-3-4b-pt,google_gemma_3_4b_pt,lower_standard_increases_bigness,standard_span,stated_standard,True,standard_straddle,small,-1,,,-11.910747474768069,-9.635311004764723,base,2.2754364700033456,204,200,penumbra-standard-C200-D0p02-glorb-t2
0.02020270731751947,penumbra_standard:t2,-12.140146842934877,-10.648689984287898,,196,glorb,,,,large,penumbra_standard,False,-0.28909766822891214,bias_corrected,small,0.12277061878393347,0.4118682870128456,size-penumbra_standard-glorb-C200-S204-to196-small_to_large-mborderline-d0p02-t2,True,borderline,google/gemma-3-4b-pt,google_gemma_3_4b_pt,lower_standard_increases_bigness,standard_span,stated_standard,True,standard_straddle,small,-1,,,-12.017376224150944,-10.236821697275053,cf,-1.7805545268758909,204,200,penumbra-standard-C200-D0p02-glorb-t2
0.02020270731751947,penumbra_standard:t2,-12.140146842934877,-10.648689984287898,,204,glorb,,,,large,penumbra_standard,False,-0.28909766822891214,bias_corrected,small,0.12277061878393347,0.4118682870128456,size-penumbra_standard-glorb-C200-S196-to204-large_to_small-mborderline-d0p02-t2,True,borderline,google/gemma-3-4b-pt,google_gemma_3_4b_pt,lower_standard_increases_bigness,standard_span,stated_standard,True,standard_straddle,small,1,,,-12.017376224150944,-10.236821697275053,base,-1.7805545268758909,196,200,penumbra-standard-C200-D0p02-glorb-t2
0.019802627296179754,penumbra_standard:t2,-12.140146842934877,-10.648689984287898,,204,glorb,,,,small,penumbra_standard,False,0.7839796113563668,bias_corrected,small,0.22939936816680806,1.013378979523175,size-penumbra_standard-glorb-C200-S196-to204-large_to_small-mborderline-d0p02-t2,True,borderline,google/gemma-3-4b-pt,google_gemma_3_4b_pt,lower_standard_increases_bigness,standard_span,stated_standard,True,standard_straddle,small,1,,,-11.910747474768069,-9.635311004764723,cf,2.2754364700033456,196,200,penumbra-standard-C200-D0p02-glorb-t2
0.048790164169432056,penumbra_standard:t2,-12.140146842934877,-10.648689984287898,,190,glorb,,,,small,penumbra_standard,False,0.23633678717991558,bias_corrected,small,0.27100326161950505,0.5073400487994206,size-penumbra_standard-glorb-C200-S210-to190-small_to_large-mborderline-d0p05-t2,True,borderline,google/gemma-3-4b-pt,google_gemma_3_4b_pt,lower_standard_increases_bigness,standard_span,stated_standard,True,standard_straddle,small,-1,,,-11.869143581315372,-10.141349935488478,base,1.7277936458268943,210,200,penumbra-standard-C200-D0p05-glorb-t2
0.05129329438755048,penumbra_standard:t2,-12.140146842934877,-10.648689984287898,,190,glorb,,,,large,penumbra_standard,False,0.1538855272025863,bias_corrected,large,-0.24203880264646926,-0.39592432984905557,size-penumbra_standard-glorb-C200-S210-to190-small_to_large-mborderline-d0p05-t2,True,borderline,google/gemma-3-4b-pt,google_gemma_3_4b_pt,lower_standard_increases_bigness,standard_span,stated_standard,True,standard_straddle,small,-1,,,-12.382185645581346,-11.044614314136954,cf,-1.3375713314443924,210,200,penumbra-standard-C200-D0p05-glorb-t2
0.05129329438755048,penumbra_standard:t2,-12.140146842934877,-10.648689984287898,,210,glorb,,,,large,penumbra_standard,False,0.1538855272025863,bias_corrected,large,-0.24203880264646926,-0.39592432984905557,size-penumbra_standard-glorb-C200-S190-to210-large_to_small-mborderline-d0p05-t2,True,borderline,google/gemma-3-4b-pt,google_gemma_3_4b_pt,lower_standard_increases_bigness,standard_span,stated_standard,True,standard_straddle,small,1,,,-12.382185645581346,-11.044614314136954,base,-1.3375713314443924,190,200,penumbra-standard-C200-D0p05-glorb-t2
0.048790164169432056,penumbra_standard:t2,-12.140146842934877,-10.648689984287898,,210,glorb,,,,small,penumbra_standard,False,0.23633678717991558,bias_corrected,small,0.27100326161950505,0.5073400487994206,size-penumbra_standard-glorb-C200-S190-to210-large_to_small-mborderline-d0p05-t2,True,borderline,google/gemma-3-4b-pt,google_gemma_3_4b_pt,lower_standard_increases_bigness,standard_span,stated_standard,True,standard_straddle,small,1,,,-11.869143581315372,-10.141349935488478,cf,1.7277936458268943,190,200,penumbra-standard-C200-D0p05-glorb-t2
0.09984533496971613,penumbra_standard:t2,-12.140146842934877,-10.648689984287898,,181,glorb,,,,small,penumbra_standard,False,-0.9033397096341975,bias_corrected,large,1.096575661159683,0.19323595152548556,size-penumbra_standard-glorb-C200-S221-to181-small_to_large-mnear_boundary-d0p1-t2,True,near_boundary,google/gemma-3-4b-pt,google_gemma_3_4b_pt,lower_standard_increases_bigness,standard_span,stated_standard,True,standard_straddle,small,-1,,,-11.043571181775194,-10.455454032762413,base,0.5881171490127812,221,200,penumbra-standard-C200-D0p1-glorb-t2
0.09982033528221099,penumbra_standard:t2,-12.140146842934877,-10.648689984287898,,181,glorb,,,,large,penumbra_standard,False,0.9601139184346383,bias_corrected,large,2.4201596492404764,1.460045730805838,size-penumbra_standard-glorb-C200-S221-to181-small_to_large-mnear_boundary-d0p1-t2,True,near_boundary,google/gemma-3-4b-pt,google_gemma_3_4b_pt,lower_standard_increases_bigness,standard_span,stated_standard,True,standard_straddle,small,-1,,,-9.7199871936944,-9.18864425348206,cf,-0.5313429402123404,221,200,penumbra-standard-C200-D0p1-glorb-t2
0.09982033528221099,penumbra_standard:t2,-12.140146842934877,-10.648689984287898,,221,glorb,,,,large,penumbra_standard,False,0.9601139184346383,bias_corrected,large,2.4201596492404764,1.460045730805838,size-penumbra_standard-glorb-C200-S181-to221-large_to_small-mnear_boundary-d0p1-t2,True,near_boundary,google/gemma-3-4b-pt,google_gemma_3_4b_pt,lower_standard_increases_bigness,standard_span,stated_standard,True,standard_straddle,small,1,,,-9.7199871936944,-9.18864425348206,base,-0.5313429402123404,181,200,penumbra-standard-C200-D0p1-glorb-t2
0.09984533496971613,penumbra_standard:t2,-12.140146842934877,-10.648689984287898,,221,glorb,,,,small,penumbra_standard,False,-0.9033397096341975,bias_corrected,large,1.096575661159683,0.19323595152548556,size-penumbra_standard-glorb-C200-S181-to221-large_to_small-mnear_boundary-d0p1-t2,True,near_boundary,google/gemma-3-4b-pt,google_gemma_3_4b_pt,lower_standard_increases_bigness,standard_span,stated_standard,True,standard_straddle,small,1,,,-11.043571181775194,-10.455454032762413,cf,0.5881171490127812,181,200,penumbra-standard-C200-D0p1-glorb-t2
0.14842000511827333,penumbra_standard:t2,-12.140146842934877,-10.648689984287898,,172,glorb,,,,small,penumbra_standard,False,-0.33164275822337785,bias_corrected,large,0.5963794035113619,0.264736645287984,size-penumbra_standard-glorb-C200-S232-to172-small_to_large-mnear_boundary-d0p15-t2,True,near_boundary,google/gemma-3-4b-pt,google_gemma_3_4b_pt,lower_standard_increases_bigness,standard_span,stated_standard,True,standard_straddle,small,-1,,,-11.543767439423515,-10.383953338999914,base,1.159814100423601,232,200,penumbra-standard-C200-D0p15-glorb-t2
0.1508228897345837,penumbra_standard:t2,-12.140146842934877,-10.648689984287898,,172,glorb,,,,large,penumbra_standard,False,1.221973799547241,bias_corrected,large,2.344773911226506,1.1228001116792647,size-penumbra_standard-glorb-C200-S232-to172-small_to_large-mnear_boundary-d0p15-t2,True,near_boundary,google/gemma-3-4b-pt,google_gemma_3_4b_pt,lower_standard_increases_bigness,standard_span,stated_standard,True,standard_straddle,small,-1,,,-9.795372931708371,-9.525889872608634,cf,-0.2694830590997377,232,200,penumbra-standard-C200-D0p15-glorb-t2
0.1508228897345837,penumbra_standard:t2,-12.140146842934877,-10.648689984287898,,232,glorb,,,,large,penumbra_standard,False,1.221973799547241,bias_corrected,large,2.344773911226506,1.1228001116792647,size-penumbra_standard-glorb-C200-S172-to232-large_to_small-mshoulder-d0p15-t2,True,shoulder,google/gemma-3-4b-pt,google_gemma_3_4b_pt,lower_standard_increases_bigness,standard_span,stated_standard,True,standard_straddle,small,1,,,-9.795372931708371,-9.525889872608634,base,-0.2694830590997377,172,200,penumbra-standard-C200-D0p15-glorb-t2
0.14842000511827333,penumbra_standard:t2,-12.140146842934877,-10.648689984287898,,232,glorb,,,,small,penumbra_standard,False,-0.33164275822337785,bias_corrected,large,0.5963794035113619,0.264736645287984,size-penumbra_standard-glorb-C200-S172-to232-large_to_small-mshoulder-d0p15-t2,True,shoulder,google/gemma-3-4b-pt,google_gemma_3_4b_pt,lower_standard_increases_bigness,standard_span,stated_standard,True,standard_straddle,small,1,,,-11.543767439423515,-10.383953338999914,cf,1.159814100423601,172,200,penumbra-standard-C200-D0p15-glorb-t2
0.30010459245033816,penumbra_standard:t2,-12.140146842934877,-10.648689984287898,,148,glorb,,,,small,penumbra_standard,True,-0.25910158967579555,bias_corrected,large,0.9286689610470287,0.6695673713712331,size-penumbra_standard-glorb-C200-S270-to148-small_to_large-mshoulder-d0p3-t2,False,shoulder,google/gemma-3-4b-pt,google_gemma_3_4b_pt,lower_standard_increases_bigness,standard_span,stated_standard,False,standard_straddle,small,-1,,base_gate_pred_large_expected_small,-11.211477881887848,-9.979122612916665,base,1.2323552689711832,270,200,penumbra-standard-C200-D0p3-glorb-t2
0.3011050927839216,penumbra_standard:t2,-12.140146842934877,-10.648689984287898,,148,glorb,,,,large,penumbra_standard,True,2.058593076849231,bias_corrected,large,2.974659557749975,0.9160664809007439,size-penumbra_standard-glorb-C200-S270-to148-small_to_large-mshoulder-d0p3-t2,False,shoulder,google/gemma-3-4b-pt,google_gemma_3_4b_pt,lower_standard_increases_bigness,standard_span,stated_standard,False,standard_straddle,large,-1,,base_gate_pred_large_expected_small,-9.165487285184902,-9.732623503387154,cf,0.5671362182022524,270,200,penumbra-standard-C200-D0p3-glorb-t2
0.3011050927839216,penumbra_standard:t2,-12.140146842934877,-10.648689984287898,,270,glorb,,,,large,penumbra_standard,True,2.058593076849231,bias_corrected,large,2.974659557749975,0.9160664809007439,size-penumbra_standard-glorb-C200-S148-to270-large_to_small-mshoulder-d0p3-t2,False,shoulder,google/gemma-3-4b-pt,google_gemma_3_4b_pt,lower_standard_increases_bigness,standard_span,stated_standard,False,standard_straddle,large,1,,cf_gate_pred_large_expected_small,-9.165487285184902,-9.732623503387154,base,0.5671362182022524,148,200,penumbra-standard-C200-D0p3-glorb-t2
0.30010459245033816,penumbra_standard:t2,-12.140146842934877,-10.648689984287898,,270,glorb,,,,small,penumbra_standard,True,-0.25910158967579555,bias_corrected,large,0.9286689610470287,0.6695673713712331,size-penumbra_standard-glorb-C200-S148-to270-large_to_small-mshoulder-d0p3-t2,False,shoulder,google/gemma-3-4b-pt,google_gemma_3_4b_pt,lower_standard_increases_bigness,standard_span,stated_standard,False,standard_straddle,small,1,,cf_gate_pred_large_expected_small,-11.211477881887848,-9.979122612916665,cf,1.2323552689711832,148,200,penumbra-standard-C200-D0p3-glorb-t2
0.5007752879124893,penumbra_standard:t2,-12.140146842934877,-10.648689984287898,,121,glorb,,,,small,penumbra_standard,True,0.20519003611199693,bias_corrected,small,1.1998699613390684,1.4050599974510654,size-penumbra_standard-glorb-C200-S330-to121-small_to_large-mclear-d0p5-t2,True,clear,google/gemma-3-4b-pt,google_gemma_3_4b_pt,lower_standard_increases_bigness,standard_span,stated_standard,False,standard_straddle,small,-1,,,-10.940276881595809,-9.243629986836833,base,1.6966468947589757,330,200,penumbra-standard-C200-D0p5-glorb-t2
0.5025268209512956,penumbra_standard:t2,-12.140146842934877,-10.648689984287898,,121,glorb,,,,large,penumbra_standard,True,1.4701712702001615,bias_corrected,large,1.8408829200155683,0.37071164981540683,size-penumbra_standard-glorb-C200-S330-to121-small_to_large-mclear-d0p5-t2,True,clear,google/gemma-3-4b-pt,google_gemma_3_4b_pt,lower_standard_increases_bigness,standard_span,stated_standard,False,standard_straddle,small,-1,,,-10.299263922919309,-10.277978334472492,cf,-0.021285588446817272,330,200,penumbra-standard-C200-D0p5-glorb-t2
0.5025268209512956,penumbra_standard:t2,-12.140146842934877,-10.648689984287898,,330,glorb,,,,large,penumbra_standard,True,1.4701712702001615,bias_corrected,large,1.8408829200155683,0.37071164981540683,size-penumbra_standard-glorb-C200-S121-to330-large_to_small-mclear-d0p5-t2,True,clear,google/gemma-3-4b-pt,google_gemma_3_4b_pt,lower_standard_increases_bigness,standard_span,stated_standard,False,standard_straddle,small,1,,,-10.299263922919309,-10.277978334472492,base,-0.021285588446817272,121,200,penumbra-standard-C200-D0p5-glorb-t2
0.5007752879124893,penumbra_standard:t2,-12.140146842934877,-10.648689984287898,,330,glorb,,,,small,penumbra_standard,True,0.20519003611199693,bias_corrected,small,1.1998699613390684,1.4050599974510654,size-penumbra_standard-glorb-C200-S121-to330-large_to_small-mclear-d0p5-t2,True,clear,google/gemma-3-4b-pt,google_gemma_3_4b_pt,lower_standard_increases_bigness,standard_span,stated_standard,False,standard_straddle,small,1,,,-10.940276881595809,-9.243629986836833,cf,1.6966468947589757,121,200,penumbra-standard-C200-D0p5-glorb-t2
0.019802627296179754,penumbra_standard:t2,-12.140146842934877,-10.648689984287898,,490,glorb,,,,small,penumbra_standard,False,1.1264767637976654,bias_corrected,small,-0.4546457644539945,0.6718309993436709,size-penumbra_standard-glorb-C500-S510-to490-small_to_large-mborderline-d0p02-t2,True,borderline,google/gemma-3-4b-pt,google_gemma_3_4b_pt,lower_standard_increases_bigness,standard_span,stated_standard,True,standard_straddle,small,-1,,,-12.594792607388872,-9.976858984944228,base,2.617933622444644,510,500,penumbra-standard-C500-D0p02-glorb-t2
0.02020270731751947,penumbra_standard:t2,-12.140146842934877,-10.648689984287898,,490,glorb,,,,large,penumbra_standard,False,0.11927282927314842,bias_corrected,large,0.9238601097616037,0.8045872804884553,size-penumbra_standard-glorb-C500-S510-to490-small_to_large-mborderline-d0p02-t2,True,borderline,google/gemma-3-4b-pt,google_gemma_3_4b_pt,lower_standard_increases_bigness,standard_span,stated_standard,True,standard_straddle,small,-1,,,-11.216286733173273,-9.844102703799443,cf,-1.3721840293738303,510,500,penumbra-standard-C500-D0p02-glorb-t2
0.02020270731751947,penumbra_standard:t2,-12.140146842934877,-10.648689984287898,,510,glorb,,,,large,penumbra_standard,False,0.11927282927314842,bias_corrected,large,0.9238601097616037,0.8045872804884553,size-penumbra_standard-glorb-C500-S490-to510-large_to_small-mborderline-d0p02-t2,True,borderline,google/gemma-3-4b-pt,google_gemma_3_4b_pt,lower_standard_increases_bigness,standard_span,stated_standard,True,standard_straddle,small,1,,,-11.216286733173273,-9.844102703799443,base,-1.3721840293738303,490,500,penumbra-standard-C500-D0p02-glorb-t2
0.019802627296179754,penumbra_standard:t2,-12.140146842934877,-10.648689984287898,,510,glorb,,,,small,penumbra_standard,False,1.1264767637976654,bias_corrected,small,-0.4546457644539945,0.6718309993436709,size-penumbra_standard-glorb-C500-S490-to510-large_to_small-mborderline-d0p02-t2,True,borderline,google/gemma-3-4b-pt,google_gemma_3_4b_pt,lower_standard_increases_bigness,standard_span,stated_standard,True,standard_straddle,small,1,,,-12.594792607388872,-9.976858984944228,cf,2.617933622444644,490,500,penumbra-standard-C500-D0p02-glorb-t2
0.050693114315518095,penumbra_standard:t2,-12.140146842934877,-10.648689984287898,,476,glorb,,,,small,penumbra_standard,False,1.3996740730379678,bias_corrected,small,-1.0946303827670736,0.3050436902708942,size-penumbra_standard-glorb-C500-S526-to476-small_to_large-mborderline-d0p05-t2,True,borderline,google/gemma-3-4b-pt,google_gemma_3_4b_pt,lower_standard_increases_bigness,standard_span,stated_standard,True,standard_straddle,small,-1,,,-13.23477722570195,-10.343646294017004,base,2.8911309316849465,526,500,penumbra-standard-C500-D0p05-glorb-t2
0.04919024419077178,penumbra_standard:t2,-12.140146842934877,-10.648689984287898,,476,glorb,,,,large,penumbra_standard,False,0.2317069282537485,bias_corrected,large,1.0067096461341851,0.7750027178804366,size-penumbra_standard-glorb-C500-S526-to476-small_to_large-mborderline-d0p05-t2,True,borderline,google/gemma-3-4b-pt,google_gemma_3_4b_pt,lower_standard_increases_bigness,standard_span,stated_standard,True,standard_straddle,small,-1,,,-11.133437196800692,-9.873687266407462,cf,-1.2597499303932302,526,500,penumbra-standard-C500-D0p05-glorb-t2
0.04919024419077178,penumbra_standard:t2,-12.140146842934877,-10.648689984287898,,526,glorb,,,,large,penumbra_standard,False,0.2317069282537485,bias_corrected,large,1.0067096461341851,0.7750027178804366,size-penumbra_standard-glorb-C500-S476-to526-large_to_small-mborderline-d0p05-t2,True,borderline,google/gemma-3-4b-pt,google_gemma_3_4b_pt,lower_standard_increases_bigness,standard_span,stated_standard,True,standard_straddle,small,1,,,-11.133437196800692,-9.873687266407462,base,-1.2597499303932302,476,500,penumbra-standard-C500-D0p05-glorb-t2
0.050693114315518095,penumbra_standard:t2,-12.140146842934877,-10.648689984287898,,526,glorb,,,,small,penumbra_standard,False,1.3996740730379678,bias_corrected,small,-1.0946303827670736,0.3050436902708942,size-penumbra_standard-glorb-C500-S476-to526-large_to_small-mborderline-d0p05-t2,True,borderline,google/gemma-3-4b-pt,google_gemma_3_4b_pt,lower_standard_increases_bigness,standard_span,stated_standard,True,standard_straddle,small,1,,,-13.23477722570195,-10.343646294017004,cf,2.8911309316849465,476,500,penumbra-standard-C500-D0p05-glorb-t2
0.10074990310014302,penumbra_standard:t2,-12.140146842934877,-10.648689984287898,,452,glorb,,,,small,penumbra_standard,False,1.2485684889838513,bias_corrected,small,-0.2504226142997812,0.9981458746840701,size-penumbra_standard-glorb-C500-S553-to452-small_to_large-mnear_boundary-d0p1-t2,True,near_boundary,google/gemma-3-4b-pt,google_gemma_3_4b_pt,lower_standard_increases_bigness,standard_span,stated_standard,True,standard_straddle,small,-1,,,-12.390569457234658,-9.650544109603828,base,2.74002534763083,553,500,penumbra-standard-C500-D0p1-glorb-t2
0.1009259185899605,penumbra_standard:t2,-12.140146842934877,-10.648689984287898,,452,glorb,,,,large,penumbra_standard,False,0.3505250690557222,bias_corrected,large,0.3901434320247077,0.039618362968985465,size-penumbra_standard-glorb-C500-S553-to452-small_to_large-mnear_boundary-d0p1-t2,True,near_boundary,google/gemma-3-4b-pt,google_gemma_3_4b_pt,lower_standard_increases_bigness,standard_span,stated_standard,True,standard_straddle,small,-1,,,-11.75000341091017,-10.609071621318913,cf,-1.1409317895912565,553,500,penumbra-standard-C500-D0p1-glorb-t2
0.1009259185899605,penumbra_standard:t2,-12.140146842934877,-10.648689984287898,,553,glorb,,,,large,penumbra_standard,False,0.3505250690557222,bias_corrected,large,0.3901434320247077,0.039618362968985465,size-penumbra_standard-glorb-C500-S452-to553-large_to_small-mnear_boundary-d0p1-t2,True,near_boundary,google/gemma-3-4b-pt,google_gemma_3_4b_pt,lower_standard_increases_bigness,standard_span,stated_standard,True,standard_straddle,small,1,,,-11.75000341091017,-10.609071621318913,base,-1.1409317895912565,452,500,penumbra-standard-C500-D0p1-glorb-t2
0.10074990310014302,penumbra_standard:t2,-12.140146842934877,-10.648689984287898,,553,glorb,,,,small,penumbra_standard,False,1.2485684889838513,bias_corrected,small,-0.2504226142997812,0.9981458746840701,size-penumbra_standard-glorb-C500-S452-to553-large_to_small-mnear_boundary-d0p1-t2,True,near_boundary,google/gemma-3-4b-pt,google_gemma_3_4b_pt,lower_standard_increases_bigness,standard_span,stated_standard,True,standard_straddle,small,1,,,-12.390569457234658,-9.650544109603828,cf,2.74002534763083,452,500,penumbra-standard-C500-D0p1-glorb-t2
0.019802627296179754,penumbra_standard:t2,-12.140146842934877,-10.648689984287898,,49,dax,,,,small,penumbra_standard,False,0.7974111503645247,bias_corrected,small,1.3256595904938013,2.123070740858326,size-penumbra_standard-dax-C50-S51-to49-small_to_large-mborderline-d0p02-t2,True,borderline,google/gemma-3-4b-pt,google_gemma_3_4b_pt,lower_standard_increases_bigness,standard_span,stated_standard,True,standard_straddle,small,-1,,,-10.814487252441076,-8.525619243429572,base,2.2888680090115034,51,50,penumbra-standard-C50-D0p02-dax-t2
0.02020270731751947,penumbra_standard:t2,-12.140146842934877,-10.648689984287898,,49,dax,,,,large,penumbra_standard,False,1.51189746611632,bias_corrected,large,3.388448480629192,1.8765510145128719,size-penumbra_standard-dax-C50-S51-to49-small_to_large-mborderline-d0p02-t2,True,borderline,google/gemma-3-4b-pt,google_gemma_3_4b_pt,lower_standard_increases_bigness,standard_span,stated_standard,True,standard_straddle,large,-1,,,-8.751698362305685,-8.772138969775026,cf,0.020440607469341288,51,50,penumbra-standard-C50-D0p02-dax-t2
0.02020270731751947,penumbra_standard:t2,-12.140146842934877,-10.648689984287898,,51,dax,,,,large,penumbra_standard,False,1.51189746611632,bias_corrected,large,3.388448480629192,1.8765510145128719,size-penumbra_standard-dax-C50-S49-to51-large_to_small-mborderline-d0p02-t2,True,borderline,google/gemma-3-4b-pt,google_gemma_3_4b_pt,lower_standard_increases_bigness,standard_span,stated_standard,True,standard_straddle,large,1,,,-8.751698362305685,-8.772138969775026,base,0.020440607469341288,49,50,penumbra-standard-C50-D0p02-dax-t2
0.019802627296179754,penumbra_standard:t2,-12.140146842934877,-10.648689984287898,,51,dax,,,,small,penumbra_standard,False,0.7974111503645247,bias_corrected,small,1.3256595904938013,2.123070740858326,size-penumbra_standard-dax-C50-S49-to51-large_to_small-mborderline-d0p02-t2,True,borderline,google/gemma-3-4b-pt,google_gemma_3_4b_pt,lower_standard_increases_bigness,standard_span,stated_standard,True,standard_straddle,small,1,,,-10.814487252441076,-8.525619243429572,cf,2.2888680090115034,49,50,penumbra-standard-C50-D0p02-dax-t2
0.05826890812397576,penumbra_standard:t2,-12.140146842934877,-10.648689984287898,,48,dax,,,,small,penumbra_standard,False,0.23464868348226098,bias_corrected,small,1.56171210361636,1.796360787098621,size-penumbra_standard-dax-C50-S53-to48-small_to_large-mborderline-d0p05-t2,True,borderline,google/gemma-3-4b-pt,google_gemma_3_4b_pt,lower_standard_increases_bigness,standard_span,stated_standard,True,standard_straddle,small,-1,,,-10.578434739318517,-8.852329197189277,base,1.7261055421292397,53,50,penumbra-standard-C50-D0p05-dax-t2
0.0408219945202552,penumbra_standard:t2,-12.140146842934877,-10.648689984287898,,48,dax,,,,large,penumbra_standard,False,1.5106238797488327,bias_corrected,large,1.13504958536552,-0.3755742943833127,size-penumbra_standard-dax-C50-S53-to48-small_to_large-mborderline-d0p05-t2,True,borderline,google/gemma-3-4b-pt,google_gemma_3_4b_pt,lower_standard_increases_bigness,standard_span,stated_standard,True,standard_straddle,large,-1,,,-11.005097257569357,-11.024264278671211,cf,0.019167021101853976,53,50,penumbra-standard-C50-D0p05-dax-t2
0.0408219945202552,penumbra_standard:t2,-12.140146842934877,-10.648689984287898,,53,dax,,,,large,penumbra_standard,False,1.5106238797488327,bias_corrected,large,1.13504958536552,-0.3755742943833127,size-penumbra_standard-dax-C50-S48-to53-large_to_small-mborderline-d0p05-t2,True,borderline,google/gemma-3-4b-pt,google_gemma_3_4b_pt,lower_standard_increases_bigness,standard_span,stated_standard,True,standard_straddle,large,1,,,-11.005097257569357,-11.024264278671211,base,0.019167021101853976,48,50,penumbra-standard-C50-D0p05-dax-t2
0.05826890812397576,penumbra_standard:t2,-12.140146842934877,-10.648689984287898,,53,dax,,,,small,penumbra_standard,False,0.23464868348226098,bias_corrected,small,1.56171210361636,1.796360787098621,size-penumbra_standard-dax-C50-S48-to53-large_to_small-mborderline-d0p05-t2,True,borderline,google/gemma-3-4b-pt,google_gemma_3_4b_pt,lower_standard_increases_bigness,standard_span,stated_standard,True,standard_straddle,small,1,,,-10.578434739318517,-8.852329197189277,cf,1.7261055421292397,48,50,penumbra-standard-C50-D0p05-dax-t2
0.0953101798043249,penumbra_standard:t2,-12.140146842934877,-10.648689984287898,,45,dax,,,,small,penumbra_standard,False,0.7326245387627548,bias_corrected,small,1.6520010877276299,2.3846256264903847,size-penumbra_standard-dax-C50-S55-to45-small_to_large-mnear_boundary-d0p1-t2,True,near_boundary,google/gemma-3-4b-pt,google_gemma_3_4b_pt,lower_standard_increases_bigness,standard_span,stated_standard,True,standard_straddle,small,-1,,,-10.488145755207247,-8.264064357797514,base,2.2240813974097335,55,50,penumbra-standard-C50-D0p1-dax-t2
0.10536051565782635,penumbra_standard:t2,-12.140146842934877,-10.648689984287898,,45,dax,,,,large,penumbra_standard,False,1.3207904400137878,bias_corrected,large,3.1001342310034943,1.7793437909897065,size-penumbra_standard-dax-C50-S55-to45-small_to_large-mnear_boundary-d0p1-t2,True,near_boundary,google/gemma-3-4b-pt,google_gemma_3_4b_pt,lower_standard_increases_bigness,standard_span,stated_standard,True,standard_straddle,small,-1,,,-9.040012611931383,-8.869346193298192,cf,-0.17066641863319099,55,50,penumbra-standard-C50-D0p1-dax-t2
0.10536051565782635,penumbra_standard:t2,-12.140146842934877,-10.648689984287898,,55,dax,,,,large,penumbra_standard,False,1.3207904400137878,bias_corrected,large,3.1001342310034943,1.7793437909897065,size-penumbra_standard-dax-C50-S45-to55-large_to_small-mnear_boundary-d0p1-t2,True,near_boundary,google/gemma-3-4b-pt,google_gemma_3_4b_pt,lower_standard_increases_bigness,standard_span,stated_standard,True,standard_straddle,small,1,,,-9.040012611931383,-8.869346193298192,base,-0.17066641863319099,45,50,penumbra-standard-C50-D0p1-dax-t2
0.0953101798043249,penumbra_standard:t2,-12.140146842934877,-10.648689984287898,,55,dax,,,,small,penumbra_standard,False,0.7326245387627548,bias_corrected,small,1.6520010877276299,2.3846256264903847,size-penumbra_standard-dax-C50-S45-to55-large_to_small-mnear_boundary-d0p1-t2,True,near_boundary,google/gemma-3-4b-pt,google_gemma_3_4b_pt,lower_standard_increases_bigness,standard_span,stated_standard,True,standard_straddle,small,1,,,-10.488145755207247,-8.264064357797514,cf,2.2240813974097335,45,50,penumbra-standard-C50-D0p1-dax-t2
0.14842000511827333,penumbra_standard:t2,-12.140146842934877,-10.648689984287898,,43,dax,,,,small,penumbra_standard,False,0.7985747618484993,bias_corrected,small,1.108689185564737,1.9072639474132362,size-penumbra_standard-dax-C50-S58-to43-small_to_large-mnear_boundary-d0p15-t2,True,near_boundary,google/gemma-3-4b-pt,google_gemma_3_4b_pt,lower_standard_increases_bigness,standard_span,stated_standard,True,standard_straddle,small,-1,,,-11.03145765737014,-8.741426036874662,base,2.290031620495478,58,50,penumbra-standard-C50-D0p15-dax-t2
0.1508228897345837,penumbra_standard:t2,-12.140146842934877,-10.648689984287898,,43,dax,,,,large,penumbra_standard,False,1.6344445880060317,bias_corrected,large,3.400907385114408,1.7664627971083764,size-penumbra_standard-dax-C50-S58-to43-small_to_large-mnear_boundary-d0p15-t2,True,near_boundary,google/gemma-3-4b-pt,google_gemma_3_4b_pt,lower_standard_increases_bigness,standard_span,stated_standard,True,standard_straddle,large,-1,,,-8.739239457820469,-8.882227187179522,cf,0.1429877293590529,58,50,penumbra-standard-C50-D0p15-dax-t2
0.1508228897345837,penumbra_standard:t2,-12.140146842934877,-10.648689984287898,,58,dax,,,,large,penumbra_standard,False,1.6344445880060317,bias_corrected,large,3.400907385114408,1.7664627971083764,size-penumbra_standard-dax-C50-S43-to58-large_to_small-mshoulder-d0p15-t2,True,shoulder,google/gemma-3-4b-pt,google_gemma_3_4b_pt,lower_standard_increases_bigness,standard_span,stated_standard,True,standard_straddle,large,1,,,-8.739239457820469,-8.882227187179522,base,0.1429877293590529,43,50,penumbra-standard-C50-D0p15-dax-t2
0.14842000511827333,penumbra_standard:t2,-12.140146842934877,-10.648689984287898,,58,dax,,,,small,penumbra_standard,False,0.7985747618484993,bias_corrected,small,1.108689185564737,1.9072639474132362,size-penumbra_standard-dax-C50-S43-to58-large_to_small-mshoulder-d0p15-t2,True,shoulder,google/gemma-3-4b-pt,google_gemma_3_4b_pt,lower_standard_increases_bigness,standard_span,stated_standard,True,standard_straddle,small,1,,,-11.03145765737014,-8.741426036874662,cf,2.290031620495478,43,50,penumbra-standard-C50-D0p15-dax-t2
0.29266961396281993,penumbra_standard:t2,-12.140146842934877,-10.648689984287898,,37,dax,,,,small,penumbra_standard,True,1.1634440543422748,bias_corrected,small,1.4503691905612772,2.613813244903552,size-penumbra_standard-dax-C50-S67-to37-small_to_large-mshoulder-d0p3-t2,True,shoulder,google/gemma-3-4b-pt,google_gemma_3_4b_pt,lower_standard_increases_bigness,standard_span,stated_standard,False,standard_straddle,small,-1,,,-10.6897776523736,-8.034876739384346,base,2.6549009129892536,67,50,penumbra-standard-C50-D0p3-dax-t2
0.3011050927839216,penumbra_standard:t2,-12.140146842934877,-10.648689984287898,,37,dax,,,,large,penumbra_standard,True,1.449604695838996,bias_corrected,large,3.2051272413604686,1.7555225455214725,size-penumbra_standard-dax-C50-S67-to37-small_to_large-mshoulder-d0p3-t2,True,shoulder,google/gemma-3-4b-pt,google_gemma_3_4b_pt,lower_standard_increases_bigness,standard_span,stated_standard,False,standard_straddle,small,-1,,,-8.935019601574409,-8.893167438766426,cf,-0.04185216280798265,67,50,penumbra-standard-C50-D0p3-dax-t2
0.3011050927839216,penumbra_standard:t2,-12.140146842934877,-10.648689984287898,,67,dax,,,,large,penumbra_standard,True,1.449604695838996,bias_corrected,large,3.2051272413604686,1.7555225455214725,size-penumbra_standard-dax-C50-S37-to67-large_to_small-mshoulder-d0p3-t2,True,shoulder,google/gemma-3-4b-pt,google_gemma_3_4b_pt,lower_standard_increases_bigness,standard_span,stated_standard,False,standard_straddle,small,1,,,-8.935019601574409,-8.893167438766426,base,-0.04185216280798265,37,50,penumbra-standard-C50-D0p3-dax-t2
0.29266961396281993,penumbra_standard:t2,-12.140146842934877,-10.648689984287898,,67,dax,,,,small,penumbra_standard,True,1.1634440543422748,bias_corrected,small,1.4503691905612772,2.613813244903552,size-penumbra_standard-dax-C50-S37-to67-large_to_small-mshoulder-d0p3-t2,True,shoulder,google/gemma-3-4b-pt,google_gemma_3_4b_pt,lower_standard_increases_bigness,standard_span,stated_standard,False,standard_straddle,small,1,,,-10.6897776523736,-8.034876739384346,cf,2.6549009129892536,37,50,penumbra-standard-C50-D0p3-dax-t2
0.49469624183610705,penumbra_standard:t2,-12.140146842934877,-10.648689984287898,,30,dax,,,,small,penumbra_standard,True,0.054107777560956194,bias_corrected,small,2.0209483952511302,2.0750561728120864,size-penumbra_standard-dax-C50-S82-to30-small_to_large-mclear-d0p5-t2,False,clear,google/gemma-3-4b-pt,google_gemma_3_4b_pt,lower_standard_increases_bigness,standard_span,stated_standard,False,standard_straddle,small,-1,,base_gate_margin_below_0.1,-10.119198447683747,-8.573633811475812,base,1.545564636207935,82,50,penumbra-standard-C50-D0p5-dax-t2
0.5108256237659907,penumbra_standard:t2,-12.140146842934877,-10.648689984287898,,30,dax,,,,large,penumbra_standard,True,2.4547540664630834,bias_corrected,large,2.910698597493255,0.4559445310301715,size-penumbra_standard-dax-C50-S82-to30-small_to_large-mclear-d0p5-t2,False,clear,google/gemma-3-4b-pt,google_gemma_3_4b_pt,lower_standard_increases_bigness,standard_span,stated_standard,False,standard_straddle,large,-1,,base_gate_margin_below_0.1,-9.229448245441622,-10.192745453257727,cf,0.9632972078161046,82,50,penumbra-standard-C50-D0p5-dax-t2
0.5108256237659907,penumbra_standard:t2,-12.140146842934877,-10.648689984287898,,82,dax,,,,large,penumbra_standard,True,2.4547540664630834,bias_corrected,large,2.910698597493255,0.4559445310301715,size-penumbra_standard-dax-C50-S30-to82-large_to_small-mclear-d0p5-t2,False,clear,google/gemma-3-4b-pt,google_gemma_3_4b_pt,lower_standard_increases_bigness,standard_span,stated_standard,False,standard_straddle,large,1,,cf_gate_margin_below_0.1,-9.229448245441622,-10.192745453257727,base,0.9632972078161046,30,50,penumbra-standard-C50-D0p5-dax-t2
0.49469624183610705,penumbra_standard:t2,-12.140146842934877,-10.648689984287898,,82,dax,,,,small,penumbra_standard,True,0.054107777560956194,bias_corrected,small,2.0209483952511302,2.0750561728120864,size-penumbra_standard-dax-C50-S30-to82-large_to_small-mclear-d0p5-t2,False,clear,google/gemma-3-4b-pt,google_gemma_3_4b_pt,lower_standard_increases_bigness,standard_span,stated_standard,False,standard_straddle,small,1,,cf_gate_margin_below_0.1,-10.119198447683747,-8.573633811475812,cf,1.545564636207935,30,50,penumbra-standard-C50-D0p5-dax-t2
0.019802627296179754,penumbra_standard:t2,-12.140146842934877,-10.648689984287898,,196,dax,,,,small,penumbra_standard,False,0.3598780890824038,bias_corrected,small,1.212484237139444,1.5723623262218478,size-penumbra_standard-dax-C200-S204-to196-small_to_large-mborderline-d0p02-t2,True,borderline,google/gemma-3-4b-pt,google_gemma_3_4b_pt,lower_standard_increases_bigness,standard_span,stated_standard,True,standard_straddle,small,-1,,,-10.927662605795433,-9.07632765806605,base,1.8513349477293826,204,200,penumbra-standard-C200-D0p02-dax-t2
0.02020270731751947,penumbra_standard:t2,-12.140146842934877,-10.648689984287898,,196,dax,,,,large,penumbra_standard,False,2.135323739782768,bias_corrected,large,2.8434190602291576,0.7080953204463896,size-penumbra_standard-dax-C200-S204-to196-small_to_large-mborderline-d0p02-t2,True,borderline,google/gemma-3-4b-pt,google_gemma_3_4b_pt,lower_standard_increases_bigness,standard_span,stated_standard,True,standard_straddle,large,-1,,,-9.29672778270572,-9.940594663841509,cf,0.6438668811357893,204,200,penumbra-standard-C200-D0p02-dax-t2
0.02020270731751947,penumbra_standard:t2,-12.140146842934877,-10.648689984287898,,204,dax,,,,large,penumbra_standard,False,2.135323739782768,bias_corrected,large,2.8434190602291576,0.7080953204463896,size-penumbra_standard-dax-C200-S196-to204-large_to_small-mborderline-d0p02-t2,True,borderline,google/gemma-3-4b-pt,google_gemma_3_4b_pt,lower_standard_increases_bigness,standard_span,stated_standard,True,standard_straddle,large,1,,,-9.29672778270572,-9.940594663841509,base,0.6438668811357893,196,200,penumbra-standard-C200-D0p02-dax-t2
0.019802627296179754,penumbra_standard:t2,-12.140146842934877,-10.648689984287898,,204,dax,,,,small,penumbra_standard,False,0.3598780890824038,bias_corrected,small,1.212484237139444,1.5723623262218478,size-penumbra_standard-dax-C200-S196-to204-large_to_small-mborderline-d0p02-t2,True,borderline,google/gemma-3-4b-pt,google_gemma_3_4b_pt,lower_standard_increases_bigness,standard_span,stated_standard,True,standard_straddle,small,1,,,-10.927662605795433,-9.07632765806605,cf,1.8513349477293826,196,200,penumbra-standard-C200-D0p02-dax-t2
0.048790164169432056,penumbra_standard:t2,-12.140146842934877,-10.648689984287898,,190,dax,,,,small,penumbra_standard,False,-1.0174931351520922,bias_corrected,large,1.6119486737872002,0.594455538635108,size-penumbra_standard-dax-C200-S210-to190-small_to_large-mborderline-d0p05-t2,True,borderline,google/gemma-3-4b-pt,google_gemma_3_4b_pt,lower_standard_increases_bigness,standard_span,stated_standard,True,standard_straddle,small,-1,,,-10.528198169147677,-10.05423444565279,base,0.4739637234948866,210,200,penumbra-standard-C200-D0p05-dax-t2
0.05129329438755048,penumbra_standard:t2,-12.140146842934877,-10.648689984287898,,190,dax,,,,large,penumbra_standard,False,2.8236099602396276,bias_corrected,large,3.0161757490508982,0.19256578881127062,size-penumbra_standard-dax-C200-S210-to190-small_to_large-mborderline-d0p05-t2,True,borderline,google/gemma-3-4b-pt,google_gemma_3_4b_pt,lower_standard_increases_bigness,standard_span,stated_standard,True,standard_straddle,large,-1,,,-9.123971093883979,-10.456124195476628,cf,1.3321531015926489,210,200,penumbra-standard-C200-D0p05-dax-t2
0.05129329438755048,penumbra_standard:t2,-12.140146842934877,-10.648689984287898,,210,dax,,,,large,penumbra_standard,False,2.8236099602396276,bias_corrected,large,3.0161757490508982,0.19256578881127062,size-penumbra_standard-dax-C200-S190-to210-large_to_small-mborderline-d0p05-t2,True,borderline,google/gemma-3-4b-pt,google_gemma_3_4b_pt,lower_standard_increases_bigness,standard_span,stated_standard,True,standard_straddle,large,1,,,-9.123971093883979,-10.456124195476628,base,1.3321531015926489,190,200,penumbra-standard-C200-D0p05-dax-t2
0.048790164169432056,penumbra_standard:t2,-12.140146842934877,-10.648689984287898,,210,dax,,,,small,penumbra_standard,False,-1.0174931351520922,bias_corrected,large,1.6119486737872002,0.594455538635108,size-penumbra_standard-dax-C200-S190-to210-large_to_small-mborderline-d0p05-t2,True,borderline,google/gemma-3-4b-pt,google_gemma_3_4b_pt,lower_standard_increases_bigness,standard_span,stated_standard,True,standard_straddle,small,1,,,-10.528198169147677,-10.05423444565279,cf,0.4739637234948866,190,200,penumbra-standard-C200-D0p05-dax-t2
0.09984533496971613,penumbra_standard:t2,-12.140146842934877,-10.648689984287898,,181,dax,,,,small,penumbra_standard,False,-1.4513593491148296,bias_corrected,large,2.074792700540188,0.6234333514253585,size-penumbra_standard-dax-C200-S221-to181-small_to_large-mnear_boundary-d0p1-t2,True,near_boundary,google/gemma-3-4b-pt,google_gemma_3_4b_pt,lower_standard_increases_bigness,standard_span,stated_standard,True,standard_straddle,small,-1,,,-10.065354142394689,-10.02525663286254,base,0.04009750953214919,221,200,penumbra-standard-C200-D0p1-dax-t2
0.09982033528221099,penumbra_standard:t2,-12.140146842934877,-10.648689984287898,,181,dax,,,,large,penumbra_standard,False,2.5746861787006523,bias_corrected,large,3.5417817920889014,0.9670956133882491,size-penumbra_standard-dax-C200-S221-to181-small_to_large-mnear_boundary-d0p1-t2,True,near_boundary,google/gemma-3-4b-pt,google_gemma_3_4b_pt,lower_standard_increases_bigness,standard_span,stated_standard,True,standard_straddle,large,-1,,,-8.598365050845976,-9.68159437089965,cf,1.0832293200536736,221,200,penumbra-standard-C200-D0p1-dax-t2
0.09982033528221099,penumbra_standard:t2,-12.140146842934877,-10.648689984287898,,221,dax,,,,large,penumbra_standard,False,2.5746861787006523,bias_corrected,large,3.5417817920889014,0.9670956133882491,size-penumbra_standard-dax-C200-S181-to221-large_to_small-mnear_boundary-d0p1-t2,True,near_boundary,google/gemma-3-4b-pt,google_gemma_3_4b_pt,lower_standard_increases_bigness,standard_span,stated_standard,True,standard_straddle,large,1,,,-8.598365050845976,-9.68159437089965,base,1.0832293200536736,181,200,penumbra-standard-C200-D0p1-dax-t2
0.09984533496971613,penumbra_standard:t2,-12.140146842934877,-10.648689984287898,,221,dax,,,,small,penumbra_standard,False,-1.4513593491148296,bias_corrected,large,2.074792700540188,0.6234333514253585,size-penumbra_standard-dax-C200-S181-to221-large_to_small-mnear_boundary-d0p1-t2,True,near_boundary,google/gemma-3-4b-pt,google_gemma_3_4b_pt,lower_standard_increases_bigness,standard_span,stated_standard,True,standard_straddle,small,1,,,-10.065354142394689,-10.02525663286254,cf,0.04009750953214919,181,200,penumbra-standard-C200-D0p1-dax-t2
0.14842000511827333,penumbra_standard:t2,-12.140146842934877,-10.648689984287898,,172,dax,,,,small,penumbra_standard,False,-0.9477295914937223,bias_corrected,large,2.909455284594392,1.9617256931006697,size-penumbra_standard-dax-C200-S232-to172-small_to_large-mnear_boundary-d0p15-t2,True,near_boundary,google/gemma-3-4b-pt,google_gemma_3_4b_pt,lower_standard_increases_bigness,standard_span,stated_standard,True,standard_straddle,small,-1,,,-9.230691558340485,-8.686964291187229,base,0.5437272671532565,232,200,penumbra-standard-C200-D0p15-dax-t2
0.1508228897345837,penumbra_standard:t2,-12.140146842934877,-10.648689984287898,,172,dax,,,,large,penumbra_standard,False,2.7611099602396276,bias_corrected,large,2.833449842678828,0.07233988243920031,size-penumbra_standard-dax-C200-S232-to172-small_to_large-mnear_boundary-d0p15-t2,True,near_boundary,google/gemma-3-4b-pt,google_gemma_3_4b_pt,lower_standard_increases_bigness,standard_span,stated_standard,True,standard_straddle,large,-1,,,-9.30669700025605,-10.576350101848698,cf,1.2696531015926489,232,200,penumbra-standard-C200-D0p15-dax-t2
0.1508228897345837,penumbra_standard:t2,-12.140146842934877,-10.648689984287898,,232,dax,,,,large,penumbra_standard,False,2.7611099602396276,bias_corrected,large,2.833449842678828,0.07233988243920031,size-penumbra_standard-dax-C200-S172-to232-large_to_small-mshoulder-d0p15-t2,True,shoulder,google/gemma-3-4b-pt,google_gemma_3_4b_pt,lower_standard_increases_bigness,standard_span,stated_standard,True,standard_straddle,large,1,,,-9.30669700025605,-10.576350101848698,base,1.2696531015926489,172,200,penumbra-standard-C200-D0p15-dax-t2
0.14842000511827333,penumbra_standard:t2,-12.140146842934877,-10.648689984287898,,232,dax,,,,small,penumbra_standard,False,-0.9477295914937223,bias_corrected,large,2.909455284594392,1.9617256931006697,size-penumbra_standard-dax-C200-S172-to232-large_to_small-mshoulder-d0p15-t2,True,shoulder,google/gemma-3-4b-pt,google_gemma_3_4b_pt,lower_standard_increases_bigness,standard_span,stated_standard,True,standard_straddle,small,1,,,-9.230691558340485,-8.686964291187229,cf,0.5437272671532565,172,200,penumbra-standard-C200-D0p15-dax-t2
0.30010459245033816,penumbra_standard:t2,-12.140146842934877,-10.648689984287898,,148,dax,,,,small,penumbra_standard,True,-0.9500830640273392,bias_corrected,large,2.2587046644561717,1.3086216004288325,size-penumbra_standard-dax-C200-S270-to148-small_to_large-mshoulder-d0p3-t2,False,shoulder,google/gemma-3-4b-pt,google_gemma_3_4b_pt,lower_standard_increases_bigness,standard_span,stated_standard,False,standard_straddle,small,-1,,base_gate_pred_large_expected_small,-9.881442178478705,-9.340068383859066,base,0.5413737946196395,270,200,penumbra-standard-C200-D0p3-dax-t2
0.3011050927839216,penumbra_standard:t2,-12.140146842934877,-10.648689984287898,,148,dax,,,,large,penumbra_standard,True,2.5221468036461534,bias_corrected,large,2.723363563418273,0.2012167597721195,size-penumbra_standard-dax-C200-S270-to148-small_to_large-mshoulder-d0p3-t2,False,shoulder,google/gemma-3-4b-pt,google_gemma_3_4b_pt,lower_standard_increases_bigness,standard_span,stated_standard,False,standard_straddle,large,-1,,base_gate_pred_large_expected_small,-9.416783279516604,-10.447473224515779,cf,1.0306899449991747,270,200,penumbra-standard-C200-D0p3-dax-t2
0.3011050927839216,penumbra_standard:t2,-12.140146842934877,-10.648689984287898,,270,dax,,,,large,penumbra_standard,True,2.5221468036461534,bias_corrected,large,2.723363563418273,0.2012167597721195,size-penumbra_standard-dax-C200-S148-to270-large_to_small-mshoulder-d0p3-t2,False,shoulder,google/gemma-3-4b-pt,google_gemma_3_4b_pt,lower_standard_increases_bigness,standard_span,stated_standard,False,standard_straddle,large,1,,cf_gate_pred_large_expected_small,-9.416783279516604,-10.447473224515779,base,1.0306899449991747,148,200,penumbra-standard-C200-D0p3-dax-t2
0.30010459245033816,penumbra_standard:t2,-12.140146842934877,-10.648689984287898,,270,dax,,,,small,penumbra_standard,True,-0.9500830640273392,bias_corrected,large,2.2587046644561717,1.3086216004288325,size-penumbra_standard-dax-C200-S148-to270-large_to_small-mshoulder-d0p3-t2,False,shoulder,google/gemma-3-4b-pt,google_gemma_3_4b_pt,lower_standard_increases_bigness,standard_span,stated_standard,False,standard_straddle,small,1,,cf_gate_pred_large_expected_small,-9.881442178478705,-9.340068383859066,cf,0.5413737946196395,148,200,penumbra-standard-C200-D0p3-dax-t2
0.5007752879124893,penumbra_standard:t2,-12.140146842934877,-10.648689984287898,,121,dax,,,,small,penumbra_standard,True,-0.4660273294999495,bias_corrected,large,2.192849083400894,1.7268217539009445,size-penumbra_standard-dax-C200-S330-to121-small_to_large-mclear-d0p5-t2,False,clear,google/gemma-3-4b-pt,google_gemma_3_4b_pt,lower_standard_increases_bigness,standard_span,stated_standard,False,standard_straddle,small,-1,,base_gate_pred_large_expected_small,-9.947297759533983,-8.921868230386954,base,1.0254295291470292,330,200,penumbra-standard-C200-D0p5-dax-t2
0.5025268209512956,penumbra_standard:t2,-12.140146842934877,-10.648689984287898,,121,dax,,,,large,penumbra_standard,True,2.8909350275460746,bias_corrected,large,3.0767404475020133,0.1858054199559387,size-penumbra_standard-dax-C200-S330-to121-small_to_large-mclear-d0p5-t2,False,clear,google/gemma-3-4b-pt,google_gemma_3_4b_pt,lower_standard_increases_bigness,standard_span,stated_standard,False,standard_straddle,large,-1,,base_gate_pred_large_expected_small,-9.063406395432864,-10.46288456433196,cf,1.3994781688990958,330,200,penumbra-standard-C200-D0p5-dax-t2
0.5025268209512956,penumbra_standard:t2,-12.140146842934877,-10.648689984287898,,330,dax,,,,large,penumbra_standard,True,2.8909350275460746,bias_corrected,large,3.0767404475020133,0.1858054199559387,size-penumbra_standard-dax-C200-S121-to330-large_to_small-mclear-d0p5-t2,False,clear,google/gemma-3-4b-pt,google_gemma_3_4b_pt,lower_standard_increases_bigness,standard_span,stated_standard,False,standard_straddle,large,1,,cf_gate_pred_large_expected_small,-9.063406395432864,-10.46288456433196,base,1.3994781688990958,121,200,penumbra-standard-C200-D0p5-dax-t2
0.5007752879124893,penumbra_standard:t2,-12.140146842934877,-10.648689984287898,,330,dax,,,,small,penumbra_standard,True,-0.4660273294999495,bias_corrected,large,2.192849083400894,1.7268217539009445,size-penumbra_standard-dax-C200-S121-to330-large_to_small-mclear-d0p5-t2,False,clear,google/gemma-3-4b-pt,google_gemma_3_4b_pt,lower_standard_increases_bigness,standard_span,stated_standard,False,standard_straddle,small,1,,cf_gate_pred_large_expected_small,-9.947297759533983,-8.921868230386954,cf,1.0254295291470292,121,200,penumbra-standard-C200-D0p5-dax-t2
0.019802627296179754,penumbra_standard:t2,-12.140146842934877,-10.648689984287898,,490,dax,,,,small,penumbra_standard,False,0.35670344436286605,bias_corrected,small,0.4637081086085608,0.8204115529714269,size-penumbra_standard-dax-C500-S510-to490-small_to_large-mborderline-d0p02-t2,True,borderline,google/gemma-3-4b-pt,google_gemma_3_4b_pt,lower_standard_increases_bigness,standard_span,stated_standard,True,standard_straddle,small,-1,,,-11.676438734326316,-9.828278431316471,base,1.8481603030098448,510,500,penumbra-standard-C500-D0p02-dax-t2
0.02020270731751947,penumbra_standard:t2,-12.140146842934877,-10.648689984287898,,490,dax,,,,large,penumbra_standard,False,2.0914172297882896,bias_corrected,large,3.174422904848937,1.0830056750606474,size-penumbra_standard-dax-C500-S510-to490-small_to_large-mborderline-d0p02-t2,True,borderline,google/gemma-3-4b-pt,google_gemma_3_4b_pt,lower_standard_increases_bigness,standard_span,stated_standard,True,standard_straddle,large,-1,,,-8.96572393808594,-9.565684309227251,cf,0.5999603711413108,510,500,penumbra-standard-C500-D0p02-dax-t2
0.02020270731751947,penumbra_standard:t2,-12.140146842934877,-10.648689984287898,,510,dax,,,,large,penumbra_standard,False,2.0914172297882896,bias_corrected,large,3.174422904848937,1.0830056750606474,size-penumbra_standard-dax-C500-S490-to510-large_to_small-mborderline-d0p02-t2,True,borderline,google/gemma-3-4b-pt,google_gemma_3_4b_pt,lower_standard_increases_bigness,standard_span,stated_standard,True,standard_straddle,large,1,,,-8.96572393808594,-9.565684309227251,base,0.5999603711413108,490,500,penumbra-standard-C500-D0p02-dax-t2
0.019802627296179754,penumbra_standard:t2,-12.140146842934877,-10.648689984287898,,510,dax,,,,small,penumbra_standard,False,0.35670344436286605,bias_corrected,small,0.4637081086085608,0.8204115529714269,size-penumbra_standard-dax-C500-S490-to510-large_to_small-mborderline-d0p02-t2,True,borderline,google/gemma-3-4b-pt,google_gemma_3_4b_pt,lower_standard_increases_bigness,standard_span,stated_standard,True,standard_straddle,small,1,,,-11.676438734326316,-9.828278431316471,cf,1.8481603030098448,490,500,penumbra-standard-C500-D0p02-dax-t2
0.050693114315518095,penumbra_standard:t2,-12.140146842934877,-10.648689984287898,,476,dax,,,,small,penumbra_standard,False,0.14363664733267356,bias_corrected,small,1.6102077997849626,1.7538444471176362,size-penumbra_standard-dax-C500-S526-to476-small_to_large-mborderline-d0p05-t2,True,borderline,google/gemma-3-4b-pt,google_gemma_3_4b_pt,lower_standard_increases_bigness,standard_span,stated_standard,True,standard_straddle,small,-1,,,-10.529939043149914,-8.894845537170262,base,1.6350935059796523,526,500,penumbra-standard-C500-D0p05-dax-t2
0.04919024419077178,penumbra_standard:t2,-12.140146842934877,-10.648689984287898,,476,dax,,,,large,penumbra_standard,False,1.7694958935976661,bias_corrected,large,2.686397675911264,0.9169017823135981,size-penumbra_standard-dax-C500-S526-to476-small_to_large-mborderline-d0p05-t2,True,borderline,google/gemma-3-4b-pt,google_gemma_3_4b_pt,lower_standard_increases_bigness,standard_span,stated_standard,True,standard_straddle,large,-1,,,-9.453749167023613,-9.7317882019743,cf,0.2780390349506874,526,500,penumbra-standard-C500-D0p05-dax-t2
0.04919024419077178,penumbra_standard:t2,-12.140146842934877,-10.648689984287898,,526,dax,,,,large,penumbra_standard,False,1.7694958935976661,bias_corrected,large,2.686397675911264,0.9169017823135981,size-penumbra_standard-dax-C500-S476-to526-large_to_small-mborderline-d0p05-t2,True,borderline,google/gemma-3-4b-pt,google_gemma_3_4b_pt,lower_standard_increases_bigness,standard_span,stated_standard,True,standard_straddle,large,1,,,-9.453749167023613,-9.7317882019743,base,0.2780390349506874,476,500,penumbra-standard-C500-D0p05-dax-t2
0.050693114315518095,penumbra_standard:t2,-12.140146842934877,-10.648689984287898,,526,dax,,,,small,penumbra_standard,False,0.14363664733267356,bias_corrected,small,1.6102077997849626,1.7538444471176362,size-penumbra_standard-dax-C500-S476-to526-large_to_small-mborderline-d0p05-t2,True,borderline,google/gemma-3-4b-pt,google_gemma_3_4b_pt,lower_standard_increases_bigness,standard_span,stated_standard,True,standard_straddle,small,1,,,-10.529939043149914,-8.894845537170262,cf,1.6350935059796523,476,500,penumbra-standard-C500-D0p05-dax-t2
0.10074990310014302,penumbra_standard:t2,-12.140146842934877,-10.648689984287898,,452,dax,,,,small,penumbra_standard,False,0.07930110434334203,bias_corrected,small,1.0468192805335992,1.1261203848769412,size-penumbra_standard-dax-C500-S553-to452-small_to_large-mnear_boundary-d0p1-t2,True,near_boundary,google/gemma-3-4b-pt,google_gemma_3_4b_pt,lower_standard_increases_bigness,standard_span,stated_standard,True,standard_straddle,small,-1,,,-11.093327562401278,-9.522569599410957,base,1.5707579629903208,553,500,penumbra-standard-C500-D0p1-dax-t2
0.1009259185899605,penumbra_standard:t2,-12.140146842934877,-10.648689984287898,,452,dax,,,,large,penumbra_standard,False,1.2241618842179793,bias_corrected,large,2.0145536887533613,0.7903918045353819,size-penumbra_standard-dax-C500-S553-to452-small_to_large-mnear_boundary-d0p1-t2,True,near_boundary,google/gemma-3-4b-pt,google_gemma_3_4b_pt,lower_standard_increases_bigness,standard_span,stated_standard,True,standard_straddle,small,-1,,,-10.125593154181516,-9.858298179752516,cf,-0.2672949744289994,553,500,penumbra-standard-C500-D0p1-dax-t2
0.1009259185899605,penumbra_standard:t2,-12.140146842934877,-10.648689984287898,,553,dax,,,,large,penumbra_standard,False,1.2241618842179793,bias_corrected,large,2.0145536887533613,0.7903918045353819,size-penumbra_standard-dax-C500-S452-to553-large_to_small-mnear_boundary-d0p1-t2,True,near_boundary,google/gemma-3-4b-pt,google_gemma_3_4b_pt,lower_standard_increases_bigness,standard_span,stated_standard,True,standard_straddle,small,1,,,-10.125593154181516,-9.858298179752516,base,-0.2672949744289994,452,500,penumbra-standard-C500-D0p1-dax-t2
0.10074990310014302,penumbra_standard:t2,-12.140146842934877,-10.648689984287898,,553,dax,,,,small,penumbra_standard,False,0.07930110434334203,bias_corrected,small,1.0468192805335992,1.1261203848769412,size-penumbra_standard-dax-C500-S452-to553-large_to_small-mnear_boundary-d0p1-t2,True,near_boundary,google/gemma-3-4b-pt,google_gemma_3_4b_pt,lower_standard_increases_bigness,standard_span,stated_standard,True,standard_straddle,small,1,,,-11.093327562401278,-9.522569599410957,cf,1.5707579629903208,452,500,penumbra-standard-C500-D0p1-dax-t2
0.019802627296179754,penumbra_standard:t2,-12.140146842934877,-10.648689984287898,,49,fenzel,,,,small,penumbra_standard,False,2.2805509278820697,bias_corrected,small,0.5697695243246503,2.85032045220672,size-penumbra_standard-fenzel-C50-S51-to49-small_to_large-mborderline-d0p02-t2,True,borderline,google/gemma-3-4b-pt,google_gemma_3_4b_pt,lower_standard_increases_bigness,standard_span,stated_standard,True,standard_straddle,small,-1,,,-11.570377318610227,-7.798369532081178,base,3.7720077865290484,51,50,penumbra-standard-C50-D0p02-fenzel-t2
0.02020270731751947,penumbra_standard:t2,-12.140146842934877,-10.648689984287898,,49,fenzel,,,,large,penumbra_standard,False,0.1252171635820476,bias_corrected,large,3.309789880402681,3.1845727168206333,size-penumbra_standard-fenzel-C50-S51-to49-small_to_large-mborderline-d0p02-t2,True,borderline,google/gemma-3-4b-pt,google_gemma_3_4b_pt,lower_standard_increases_bigness,standard_span,stated_standard,True,standard_straddle,small,-1,,,-8.830356962532196,-7.464117267467265,cf,-1.3662396950649311,51,50,penumbra-standard-C50-D0p02-fenzel-t2
0.02020270731751947,penumbra_standard:t2,-12.140146842934877,-10.648689984287898,,51,fenzel,,,,large,penumbra_standard,False,0.1252171635820476,bias_corrected,large,3.309789880402681,3.1845727168206333,size-penumbra_standard-fenzel-C50-S49-to51-large_to_small-mborderline-d0p02-t2,True,borderline,google/gemma-3-4b-pt,google_gemma_3_4b_pt,lower_standard_increases_bigness,standard_span,stated_standard,True,standard_straddle,small,1,,,-8.830356962532196,-7.464117267467265,base,-1.3662396950649311,49,50,penumbra-standard-C50-D0p02-fenzel-t2
0.019802627296179754,penumbra_standard:t2,-12.140146842934877,-10.648689984287898,,51,fenzel,,,,small,penumbra_standard,False,2.2805509278820697,bias_corrected,small,0.5697695243246503,2.85032045220672,size-penumbra_standard-fenzel-C50-S49-to51-large_to_small-mborderline-d0p02-t2,True,borderline,google/gemma-3-4b-pt,google_gemma_3_4b_pt,lower_standard_increases_bigness,standard_span,stated_standard,True,standard_straddle,small,1,,,-11.570377318610227,-7.798369532081178,cf,3.7720077865290484,49,50,penumbra-standard-C50-D0p02-fenzel-t2
0.05826890812397576,penumbra_standard:t2,-12.140146842934877,-10.648689984287898,,48,fenzel,,,,small,penumbra_standard,False,1.7244070522671064,bias_corrected,small,1.1492516249417104,2.873658677208817,size-penumbra_standard-fenzel-C50-S53-to48-small_to_large-mborderline-d0p05-t2,True,borderline,google/gemma-3-4b-pt,google_gemma_3_4b_pt,lower_standard_increases_bigness,standard_span,stated_standard,True,standard_straddle,small,-1,,,-10.990895217993167,-7.7750313070790815,base,3.215863910914085,53,50,penumbra-standard-C50-D0p05-fenzel-t2
0.0408219945202552,penumbra_standard:t2,-12.140146842934877,-10.648689984287898,,48,fenzel,,,,large,penumbra_standard,False,0.37258760129376345,bias_corrected,large,3.1329894238250873,2.760401822531324,size-penumbra_standard-fenzel-C50-S53-to48-small_to_large-mborderline-d0p05-t2,True,borderline,google/gemma-3-4b-pt,google_gemma_3_4b_pt,lower_standard_increases_bigness,standard_span,stated_standard,True,standard_straddle,small,-1,,,-9.00715741910979,-7.8882881617565745,cf,-1.1188692573532153,53,50,penumbra-standard-C50-D0p05-fenzel-t2
0.0408219945202552,penumbra_standard:t2,-12.140146842934877,-10.648689984287898,,53,fenzel,,,,large,penumbra_standard,False,0.37258760129376345,bias_corrected,large,3.1329894238250873,2.760401822531324,size-penumbra_standard-fenzel-C50-S48-to53-large_to_small-mborderline-d0p05-t2,True,borderline,google/gemma-3-4b-pt,google_gemma_3_4b_pt,lower_standard_increases_bigness,standard_span,stated_standard,True,standard_straddle,small,1,,,-9.00715741910979,-7.8882881617565745,base,-1.1188692573532153,48,50,penumbra-standard-C50-D0p05-fenzel-t2
0.05826890812397576,penumbra_standard:t2,-12.140146842934877,-10.648689984287898,,53,fenzel,,,,small,penumbra_standard,False,1.7244070522671064,bias_corrected,small,1.1492516249417104,2.873658677208817,size-penumbra_standard-fenzel-C50-S48-to53-large_to_small-mborderline-d0p05-t2,True,borderline,google/gemma-3-4b-pt,google_gemma_3_4b_pt,lower_standard_increases_bigness,standard_span,stated_standard,True,standard_straddle,small,1,,,-10.990895217993167,-7.7750313070790815,cf,3.215863910914085,48,50,penumbra-standard-C50-D0p05-fenzel-t2
0.0953101798043249,penumbra_standard:t2,-12.140146842934877,-10.648689984287898,,45,fenzel,,,,small,penumbra_standard,False,2.039717591800116,bias_corrected,small,0.618914019902558,2.658631611702674,size-penumbra_standard-fenzel-C50-S55-to45-small_to_large-mnear_boundary-d0p1-t2,True,near_boundary,google/gemma-3-4b-pt,google_gemma_3_4b_pt,lower_standard_increases_bigness,standard_span,stated_standard,True,standard_straddle,small,-1,,,-11.521232823032319,-7.990058372585224,base,3.5311744504470948,55,50,penumbra-standard-C50-D0p1-fenzel-t2
0.10536051565782635,penumbra_standard:t2,-12.140146842934877,-10.648689984287898,,45,fenzel,,,,large,penumbra_standard,False,-0.062073029882395936,bias_corrected,small,3.1970851285784683,3.259158158460864,size-penumbra_standard-fenzel-C50-S55-to45-small_to_large-mnear_boundary-d0p1-t2,True,near_boundary,google/gemma-3-4b-pt,google_gemma_3_4b_pt,lower_standard_increases_bigness,standard_span,stated_standard,True,standard_straddle,small,-1,,,-8.943061714356409,-7.389531825827034,cf,-1.5535298885293747,55,50,penumbra-standard-C50-D0p1-fenzel-t2
0.10536051565782635,penumbra_standard:t2,-12.140146842934877,-10.648689984287898,,55,fenzel,,,,large,penumbra_standard,False,-0.062073029882395936,bias_corrected,small,3.1970851285784683,3.259158158460864,size-penumbra_standard-fenzel-C50-S45-to55-large_to_small-mnear_boundary-d0p1-t2,True,near_boundary,google/gemma-3-4b-pt,google_gemma_3_4b_pt,lower_standard_increases_bigness,standard_span,stated_standard,True,standard_straddle,small,1,,,-8.943061714356409,-7.389531825827034,base,-1.5535298885293747,45,50,penumbra-standard-C50-D0p1-fenzel-t2
0.0953101798043249,penumbra_standard:t2,-12.140146842934877,-10.648689984287898,,55,fenzel,,,,small,penumbra_standard,False,2.039717591800116,bias_corrected,small,0.618914019902558,2.658631611702674,size-penumbra_standard-fenzel-C50-S45-to55-large_to_small-mnear_boundary-d0p1-t2,True,near_boundary,google/gemma-3-4b-pt,google_gemma_3_4b_pt,lower_standard_increases_bigness,standard_span,stated_standard,True,standard_straddle,small,1,,,-11.521232823032319,-7.990058372585224,cf,3.5311744504470948,45,50,penumbra-standard-C50-D0p1-fenzel-t2
0.14842000511827333,penumbra_standard:t2,-12.140146842934877,-10.648689984287898,,43,fenzel,,,,small,penumbra_standard,False,2.0322121729872977,bias_corrected,small,0.9779087531454511,3.010120926132749,size-penumbra_standard-fenzel-C50-S58-to43-small_to_large-mnear_boundary-d0p15-t2,True,near_boundary,google/gemma-3-4b-pt,google_gemma_3_4b_pt,lower_standard_increases_bigness,standard_span,stated_standard,True,standard_straddle,small,-1,,,-11.162238089789426,-7.6385690581551495,base,3.5236690316342765,58,50,penumbra-standard-C50-D0p15-fenzel-t2
0.1508228897345837,penumbra_standard:t2,-12.140146842934877,-10.648689984287898,,43,fenzel,,,,large,penumbra_standard,False,-0.11631099626896901,bias_corrected,small,3.7221541359963606,3.8384651322653296,size-penumbra_standard-fenzel-C50-S58-to43-small_to_large-mnear_boundary-d0p15-t2,True,near_boundary,google/gemma-3-4b-pt,google_gemma_3_4b_pt,lower_standard_increases_bigness,standard_span,stated_standard,True,standard_straddle,small,-1,,,-8.417992706938517,-6.810224852022569,cf,-1.6077678549159478,58,50,penumbra-standard-C50-D0p15-fenzel-t2
0.1508228897345837,penumbra_standard:t2,-12.140146842934877,-10.648689984287898,,58,fenzel,,,,large,penumbra_standard,False,-0.11631099626896901,bias_corrected,small,3.7221541359963606,3.8384651322653296,size-penumbra_standard-fenzel-C50-S43-to58-large_to_small-mshoulder-d0p15-t2,True,shoulder,google/gemma-3-4b-pt,google_gemma_3_4b_pt,lower_standard_increases_bigness,standard_span,stated_standard,True,standard_straddle,small,1,,,-8.417992706938517,-6.810224852022569,base,-1.6077678549159478,43,50,penumbra-standard-C50-D0p15-fenzel-t2
0.14842000511827333,penumbra_standard:t2,-12.140146842934877,-10.648689984287898,,58,fenzel,,,,small,penumbra_standard,False,2.0322121729872977,bias_corrected,small,0.9779087531454511,3.010120926132749,size-penumbra_standard-fenzel-C50-S43-to58-large_to_small-mshoulder-d0p15-t2,True,shoulder,google/gemma-3-4b-pt,google_gemma_3_4b_pt,lower_standard_increases_bigness,standard_span,stated_standard,True,standard_straddle,small,1,,,-11.162238089789426,-7.6385690581551495,cf,3.5236690316342765,43,50,penumbra-standard-C50-D0p15-fenzel-t2
0.29266961396281993,penumbra_standard:t2,-12.140146842934877,-10.648689984287898,,37,fenzel,,,,small,penumbra_standard,True,1.2491509967827756,bias_corrected,small,1.9864373881096675,3.235588384892443,size-penumbra_standard-fenzel-C50-S67-to37-small_to_large-mshoulder-d0p3-t2,True,shoulder,google/gemma-3-4b-pt,google_gemma_3_4b_pt,lower_standard_increases_bigness,standard_span,stated_standard,False,standard_straddle,small,-1,,,-10.15370945482521,-7.413101599395455,base,2.7406078554297544,67,50,penumbra-standard-C50-D0p3-fenzel-t2
0.3011050927839216,penumbra_standard:t2,-12.140146842934877,-10.648689984287898,,37,fenzel,,,,large,penumbra_standard,True,0.24785069573233542,bias_corrected,large,2.4861885993869794,2.238337903654644,size-penumbra_standard-fenzel-C50-S67-to37-small_to_large-mshoulder-d0p3-t2,True,shoulder,google/gemma-3-4b-pt,google_gemma_3_4b_pt,lower_standard_increases_bigness,standard_span,stated_standard,False,standard_straddle,small,-1,,,-9.653958243547898,-8.410352080633254,cf,-1.2436061629146433,67,50,penumbra-standard-C50-D0p3-fenzel-t2
0.3011050927839216,penumbra_standard:t2,-12.140146842934877,-10.648689984287898,,67,fenzel,,,,large,penumbra_standard,True,0.24785069573233542,bias_corrected,large,2.4861885993869794,2.238337903654644,size-penumbra_standard-fenzel-C50-S37-to67-large_to_small-mshoulder-d0p3-t2,True,shoulder,google/gemma-3-4b-pt,google_gemma_3_4b_pt,lower_standard_increases_bigness,standard_span,stated_standard,False,standard_straddle,small,1,,,-9.653958243547898,-8.410352080633254,base,-1.2436061629146433,37,50,penumbra-standard-C50-D0p3-fenzel-t2
0.29266961396281993,penumbra_standard:t2,-12.140146842934877,-10.648689984287898,,67,fenzel,,,,small,penumbra_standard,True,1.2491509967827756,bias_corrected,small,1.9864373881096675,3.235588384892443,size-penumbra_standard-fenzel-C50-S37-to67-large_to_small-mshoulder-d0p3-t2,True,shoulder,google/gemma-3-4b-pt,google_gemma_3_4b_pt,lower_standard_increases_bigness,standard_span,stated_standard,False,standard_straddle,small,1,,,-10.15370945482521,-7.413101599395455,cf,2.7406078554297544,37,50,penumbra-standard-C50-D0p3-fenzel-t2
0.49469624183610705,penumbra_standard:t2,-12.140146842934877,-10.648689984287898,,30,fenzel,,,,small,penumbra_standard,True,0.5023790268828225,bias_corrected,small,2.3581902845232925,2.860569311406115,size-penumbra_standard-fenzel-C50-S82-to30-small_to_large-mclear-d0p5-t2,True,clear,google/gemma-3-4b-pt,google_gemma_3_4b_pt,lower_standard_increases_bigness,standard_span,stated_standard,False,standard_straddle,small,-1,,,-9.781956558411585,-7.788120672881783,base,1.9938358855298013,82,50,penumbra-standard-C50-D0p5-fenzel-t2
0.5108256237659907,penumbra_standard:t2,-12.140146842934877,-10.648689984287898,,30,fenzel,,,,large,penumbra_standard,True,0.576202233637213,bias_corrected,large,0.6702530397664557,0.09405080612924266,size-penumbra_standard-fenzel-C50-S82-to30-small_to_large-mclear-d0p5-t2,True,clear,google/gemma-3-4b-pt,google_gemma_3_4b_pt,lower_standard_increases_bigness,standard_span,stated_standard,False,standard_straddle,small,-1,,,-11.469893803168421,-10.554639178158656,cf,-0.9152546250097657,82,50,penumbra-standard-C50-D0p5-fenzel-t2
0.5108256237659907,penumbra_standard:t2,-12.140146842934877,-10.648689984287898,,82,fenzel,,,,large,penumbra_standard,True,0.576202233637213,bias_corrected,large,0.6702530397664557,0.09405080612924266,size-penumbra_standard-fenzel-C50-S30-to82-large_to_small-mclear-d0p5-t2,True,clear,google/gemma-3-4b-pt,google_gemma_3_4b_pt,lower_standard_increases_bigness,standard_span,stated_standard,False,standard_straddle,small,1,,,-11.469893803168421,-10.554639178158656,base,-0.9152546250097657,30,50,penumbra-standard-C50-D0p5-fenzel-t2
0.49469624183610705,penumbra_standard:t2,-12.140146842934877,-10.648689984287898,,82,fenzel,,,,small,penumbra_standard,True,0.5023790268828225,bias_corrected,small,2.3581902845232925,2.860569311406115,size-penumbra_standard-fenzel-C50-S30-to82-large_to_small-mclear-d0p5-t2,True,clear,google/gemma-3-4b-pt,google_gemma_3_4b_pt,lower_standard_increases_bigness,standard_span,stated_standard,False,standard_straddle,small,1,,,-9.781956558411585,-7.788120672881783,cf,1.9938358855298013,30,50,penumbra-standard-C50-D0p5-fenzel-t2
0.019802627296179754,penumbra_standard:t2,-12.140146842934877,-10.648689984287898,,196,fenzel,,,,small,penumbra_standard,False,0.9812072082834637,bias_corrected,small,1.7564308085249625,2.7376380168084262,size-penumbra_standard-fenzel-C200-S204-to196-small_to_large-mborderline-d0p02-t2,True,borderline,google/gemma-3-4b-pt,google_gemma_3_4b_pt,lower_standard_increases_bigness,standard_span,stated_standard,True,standard_straddle,small,-1,,,-10.383716034409915,-7.911051967479472,base,2.4726640669304425,204,200,penumbra-standard-C200-D0p02-fenzel-t2
0.02020270731751947,penumbra_standard:t2,-12.140146842934877,-10.648689984287898,,196,fenzel,,,,large,penumbra_standard,False,-0.05550054227262713,bias_corrected,small,1.7632169575680248,1.818717499840652,size-penumbra_standard-fenzel-C200-S204-to196-small_to_large-mborderline-d0p02-t2,True,borderline,google/gemma-3-4b-pt,google_gemma_3_4b_pt,lower_standard_increases_bigness,standard_span,stated_standard,True,standard_straddle,small,-1,,,-10.376929885366852,-8.829972484447246,cf,-1.5469574009196059,204,200,penumbra-standard-C200-D0p02-fenzel-t2
0.02020270731751947,penumbra_standard:t2,-12.140146842934877,-10.648689984287898,,204,fenzel,,,,large,penumbra_standard,False,-0.05550054227262713,bias_corrected,small,1.7632169575680248,1.818717499840652,size-penumbra_standard-fenzel-C200-S196-to204-large_to_small-mborderline-d0p02-t2,True,borderline,google/gemma-3-4b-pt,google_gemma_3_4b_pt,lower_standard_increases_bigness,standard_span,stated_standard,True,standard_straddle,small,1,,,-10.376929885366852,-8.829972484447246,base,-1.5469574009196059,196,200,penumbra-standard-C200-D0p02-fenzel-t2
0.019802627296179754,penumbra_standard:t2,-12.140146842934877,-10.648689984287898,,204,fenzel,,,,small,penumbra_standard,False,0.9812072082834637,bias_corrected,small,1.7564308085249625,2.7376380168084262,size-penumbra_standard-fenzel-C200-S196-to204-large_to_small-mborderline-d0p02-t2,True,borderline,google/gemma-3-4b-pt,google_gemma_3_4b_pt,lower_standard_increases_bigness,standard_span,stated_standard,True,standard_straddle,small,1,,,-10.383716034409915,-7.911051967479472,cf,2.4726640669304425,196,200,penumbra-standard-C200-D0p02-fenzel-t2
0.048790164169432056,penumbra_standard:t2,-12.140146842934877,-10.648689984287898,,190,fenzel,,,,small,penumbra_standard,False,-0.0778466476297961,bias_corrected,large,1.8252336420820914,1.7473869944522953,size-penumbra_standard-fenzel-C200-S210-to190-small_to_large-mborderline-d0p05-t2,True,borderline,google/gemma-3-4b-pt,google_gemma_3_4b_pt,lower_standard_increases_bigness,standard_span,stated_standard,True,standard_straddle,small,-1,,,-10.314913200852786,-8.901302989835603,base,1.4136102110171826,210,200,penumbra-standard-C200-D0p05-fenzel-t2
0.05129329438755048,penumbra_standard:t2,-12.140146842934877,-10.648689984287898,,190,fenzel,,,,large,penumbra_standard,False,0.6939272281093452,bias_corrected,large,2.2539391538970897,1.5600119257877445,size-penumbra_standard-fenzel-C200-S210-to190-small_to_large-mborderline-d0p05-t2,True,borderline,google/gemma-3-4b-pt,google_gemma_3_4b_pt,lower_standard_increases_bigness,standard_span,stated_standard,True,standard_straddle,small,-1,,,-9.886207689037787,-9.088678058500154,cf,-0.7975296305376336,210,200,penumbra-standard-C200-D0p05-fenzel-t2
0.05129329438755048,penumbra_standard:t2,-12.140146842934877,-10.648689984287898,,210,fenzel,,,,large,penumbra_standard,False,0.6939272281093452,bias_corrected,large,2.2539391538970897,1.5600119257877445,size-penumbra_standard-fenzel-C200-S190-to210-large_to_small-mborderline-d0p05-t2,True,borderline,google/gemma-3-4b-pt,google_gemma_3_4b_pt,lower_standard_increases_bigness,standard_span,stated_standard,True,standard_straddle,small,1,,,-9.886207689037787,-9.088678058500154,base,-0.7975296305376336,190,200,penumbra-standard-C200-D0p05-fenzel-t2
0.048790164169432056,penumbra_standard:t2,-12.140146842934877,-10.648689984287898,,210,fenzel,,,,small,penumbra_standard,False,-0.0778466476297961,bias_corrected,large,1.8252336420820914,1.7473869944522953,size-penumbra_standard-fenzel-C200-S190-to210-large_to_small-mborderline-d0p05-t2,True,borderline,google/gemma-3-4b-pt,google_gemma_3_4b_pt,lower_standard_increases_bigness,standard_span,stated_standard,True,standard_straddle,small,1,,,-10.314913200852786,-8.901302989835603,cf,1.4136102110171826,190,200,penumbra-standard-C200-D0p05-fenzel-t2
0.09984533496971613,penumbra_standard:t2,-12.140146842934877,-10.648689984287898,,181,fenzel,,,,small,penumbra_standard,False,0.2356722915786964,bias_corrected,small,1.7883770479451666,2.024049339523863,size-penumbra_standard-fenzel-C200-S221-to181-small_to_large-mnear_boundary-d0p1-t2,True,near_boundary,google/gemma-3-4b-pt,google_gemma_3_4b_pt,lower_standard_increases_bigness,standard_span,stated_standard,True,standard_straddle,small,-1,,,-10.35176979498971,-8.624640644764035,base,1.7271291502256751,221,200,penumbra-standard-C200-D0p1-fenzel-t2
0.09982033528221099,penumbra_standard:t2,-12.140146842934877,-10.648689984287898,,181,fenzel,,,,large,penumbra_standard,False,1.190330755978417,bias_corrected,large,3.335988867048002,2.1456581110695847,size-penumbra_standard-fenzel-C200-S221-to181-small_to_large-mnear_boundary-d0p1-t2,True,near_boundary,google/gemma-3-4b-pt,google_gemma_3_4b_pt,lower_standard_increases_bigness,standard_span,stated_standard,True,standard_straddle,small,-1,,,-8.804157975886875,-8.503031873218314,cf,-0.30112610266856166,221,200,penumbra-standard-C200-D0p1-fenzel-t2
0.09982033528221099,penumbra_standard:t2,-12.140146842934877,-10.648689984287898,,221,fenzel,,,,large,penumbra_standard,False,1.190330755978417,bias_corrected,large,3.335988867048002,2.1456581110695847,size-penumbra_standard-fenzel-C200-S181-to221-large_to_small-mnear_boundary-d0p1-t2,True,near_boundary,google/gemma-3-4b-pt,google_gemma_3_4b_pt,lower_standard_increases_bigness,standard_span,stated_standard,True,standard_straddle,small,1,,,-8.804157975886875,-8.503031873218314,base,-0.30112610266856166,181,200,penumbra-standard-C200-D0p1-fenzel-t2
0.09984533496971613,penumbra_standard:t2,-12.140146842934877,-10.648689984287898,,221,fenzel,,,,small,penumbra_standard,False,0.2356722915786964,bias_corrected,small,1.7883770479451666,2.024049339523863,size-penumbra_standard-fenzel-C200-S181-to221-large_to_small-mnear_boundary-d0p1-t2,True,near_boundary,google/gemma-3-4b-pt,google_gemma_3_4b_pt,lower_standard_increases_bigness,standard_span,stated_standard,True,standard_straddle,small,1,,,-10.35176979498971,-8.624640644764035,cf,1.7271291502256751,181,200,penumbra-standard-C200-D0p1-fenzel-t2
0.14842000511827333,penumbra_standard:t2,-12.140146842934877,-10.648689984287898,,172,fenzel,,,,small,penumbra_standard,False,0.6766299676764529,bias_corrected,small,2.6167142429582935,3.2933442106347464,size-penumbra_standard-fenzel-C200-S232-to172-small_to_large-mnear_boundary-d0p15-t2,True,near_boundary,google/gemma-3-4b-pt,google_gemma_3_4b_pt,lower_standard_increases_bigness,standard_span,stated_standard,True,standard_straddle,small,-1,,,-9.523432599976584,-7.355345773653152,base,2.1680868263234316,232,200,penumbra-standard-C200-D0p15-fenzel-t2
0.1508228897345837,penumbra_standard:t2,-12.140146842934877,-10.648689984287898,,172,fenzel,,,,large,penumbra_standard,False,0.9359734084252249,bias_corrected,large,3.0045514860056564,2.0685780775804314,size-penumbra_standard-fenzel-C200-S232-to172-small_to_large-mnear_boundary-d0p15-t2,True,near_boundary,google/gemma-3-4b-pt,google_gemma_3_4b_pt,lower_standard_increases_bigness,standard_span,stated_standard,True,standard_straddle,small,-1,,,-9.13559535692922,-8.580111906707467,cf,-0.5554834502217538,232,200,penumbra-standard-C200-D0p15-fenzel-t2
0.1508228897345837,penumbra_standard:t2,-12.140146842934877,-10.648689984287898,,232,fenzel,,,,large,penumbra_standard,False,0.9359734084252249,bias_corrected,large,3.0045514860056564,2.0685780775804314,size-penumbra_standard-fenzel-C200-S172-to232-large_to_small-mshoulder-d0p15-t2,True,shoulder,google/gemma-3-4b-pt,google_gemma_3_4b_pt,lower_standard_increases_bigness,standard_span,stated_standard,True,standard_straddle,small,1,,,-9.13559535692922,-8.580111906707467,base,-0.5554834502217538,172,200,penumbra-standard-C200-D0p15-fenzel-t2
0.14842000511827333,penumbra_standard:t2,-12.140146842934877,-10.648689984287898,,232,fenzel,,,,small,penumbra_standard,False,0.6766299676764529,bias_corrected,small,2.6167142429582935,3.2933442106347464,size-penumbra_standard-fenzel-C200-S172-to232-large_to_small-mshoulder-d0p15-t2,True,shoulder,google/gemma-3-4b-pt,google_gemma_3_4b_pt,lower_standard_increases_bigness,standard_span,stated_standard,True,standard_straddle,small,1,,,-9.523432599976584,-7.355345773653152,cf,2.1680868263234316,172,200,penumbra-standard-C200-D0p15-fenzel-t2
0.30010459245033816,penumbra_standard:t2,-12.140146842934877,-10.648689984287898,,148,fenzel,,,,small,penumbra_standard,True,-0.006855730079875499,bias_corrected,large,0.6890018024675708,0.6821460723876953,size-penumbra_standard-fenzel-C200-S270-to148-small_to_large-mshoulder-d0p3-t2,False,shoulder,google/gemma-3-4b-pt,google_gemma_3_4b_pt,lower_standard_increases_bigness,standard_span,stated_standard,False,standard_straddle,small,-1,,base_gate_pred_large_expected_small,-11.451145040467306,-9.966543911900203,base,1.4846011285671032,270,200,penumbra-standard-C200-D0p3-fenzel-t2
0.3011050927839216,penumbra_standard:t2,-12.140146842934877,-10.648689984287898,,148,fenzel,,,,large,penumbra_standard,True,1.1377145826000916,bias_corrected,large,3.394796494880991,2.257081912280899,size-penumbra_standard-fenzel-C200-S270-to148-small_to_large-mshoulder-d0p3-t2,False,shoulder,google/gemma-3-4b-pt,google_gemma_3_4b_pt,lower_standard_increases_bigness,standard_span,stated_standard,False,standard_straddle,small,-1,,base_gate_pred_large_expected_small,-8.745350348053886,-8.391608072007,cf,-0.3537422760468871,270,200,penumbra-standard-C200-D0p3-fenzel-t2
0.3011050927839216,penumbra_standard:t2,-12.140146842934877,-10.648689984287898,,270,fenzel,,,,large,penumbra_standard,True,1.1377145826000916,bias_corrected,large,3.394796494880991,2.257081912280899,size-penumbra_standard-fenzel-C200-S148-to270-large_to_small-mshoulder-d0p3-t2,False,shoulder,google/gemma-3-4b-pt,google_gemma_3_4b_pt,lower_standard_increases_bigness,standard_span,stated_standard,False,standard_straddle,small,1,,cf_gate_pred_large_expected_small,-8.745350348053886,-8.391608072007,base,-0.3537422760468871,148,200,penumbra-standard-C200-D0p3-fenzel-t2
0.30010459245033816,penumbra_standard:t2,-12.140146842934877,-10.648689984287898,,270,fenzel,,,,small,penumbra_standard,True,-0.006855730079875499,bias_corrected,large,0.6890018024675708,0.6821460723876953,size-penumbra_standard-fenzel-C200-S148-to270-large_to_small-mshoulder-d0p3-t2,False,shoulder,google/gemma-3-4b-pt,google_gemma_3_4b_pt,lower_standard_increases_bigness,standard_span,stated_standard,False,standard_straddle,small,1,,cf_gate_pred_large_expected_small,-11.451145040467306,-9.966543911900203,cf,1.4846011285671032,148,200,penumbra-standard-C200-D0p3-fenzel-t2
0.5007752879124893,penumbra_standard:t2,-12.140146842934877,-10.648689984287898,,121,fenzel,,,,small,penumbra_standard,True,0.653288477390225,bias_corrected,small,1.3819857019221686,2.0352741793123936,size-penumbra_standard-fenzel-C200-S330-to121-small_to_large-mclear-d0p5-t2,True,clear,google/gemma-3-4b-pt,google_gemma_3_4b_pt,lower_standard_increases_bigness,standard_span,stated_standard,False,standard_straddle,small,-1,,,-10.758161141012708,-8.613415804975505,base,2.1447453360372037,330,200,penumbra-standard-C200-D0p5-fenzel-t2
0.5025268209512956,penumbra_standard:t2,-12.140146842934877,-10.648689984287898,,121,fenzel,,,,large,penumbra_standard,True,1.1930347919354602,bias_corrected,large,3.3479487934343677,2.1549140014989074,size-penumbra_standard-fenzel-C200-S330-to121-small_to_large-mclear-d0p5-t2,True,clear,google/gemma-3-4b-pt,google_gemma_3_4b_pt,lower_standard_increases_bigness,standard_span,stated_standard,False,standard_straddle,small,-1,,,-8.79219804950051,-8.493775982788991,cf,-0.2984220667115185,330,200,penumbra-standard-C200-D0p5-fenzel-t2
0.5025268209512956,penumbra_standard:t2,-12.140146842934877,-10.648689984287898,,330,fenzel,,,,large,penumbra_standard,True,1.1930347919354602,bias_corrected,large,3.3479487934343677,2.1549140014989074,size-penumbra_standard-fenzel-C200-S121-to330-large_to_small-mclear-d0p5-t2,True,clear,google/gemma-3-4b-pt,google_gemma_3_4b_pt,lower_standard_increases_bigness,standard_span,stated_standard,False,standard_straddle,small,1,,,-8.79219804950051,-8.493775982788991,base,-0.2984220667115185,121,200,penumbra-standard-C200-D0p5-fenzel-t2
0.5007752879124893,penumbra_standard:t2,-12.140146842934877,-10.648689984287898,,330,fenzel,,,,small,penumbra_standard,True,0.653288477390225,bias_corrected,small,1.3819857019221686,2.0352741793123936,size-penumbra_standard-fenzel-C200-S121-to330-large_to_small-mclear-d0p5-t2,True,clear,google/gemma-3-4b-pt,google_gemma_3_4b_pt,lower_standard_increases_bigness,standard_span,stated_standard,False,standard_straddle,small,1,,,-10.758161141012708,-8.613415804975505,cf,2.1447453360372037,121,200,penumbra-standard-C200-D0p5-fenzel-t2
0.019802627296179754,penumbra_standard:t2,-12.140146842934877,-10.648689984287898,,490,fenzel,,,,small,penumbra_standard,False,1.3203227638429258,bias_corrected,small,1.1570258507284006,2.4773486145713264,size-penumbra_standard-fenzel-C500-S510-to490-small_to_large-mborderline-d0p02-t2,True,borderline,google/gemma-3-4b-pt,google_gemma_3_4b_pt,lower_standard_increases_bigness,standard_span,stated_standard,True,standard_straddle,small,-1,,,-10.983120992206477,-8.171341369716572,base,2.8117796224899045,510,500,penumbra-standard-C500-D0p02-fenzel-t2
0.02020270731751947,penumbra_standard:t2,-12.140146842934877,-10.648689984287898,,490,fenzel,,,,large,penumbra_standard,False,0.5110421789904933,bias_corrected,large,3.025747176592569,2.5147049976020757,size-penumbra_standard-fenzel-C500-S510-to490-small_to_large-mborderline-d0p02-t2,True,borderline,google/gemma-3-4b-pt,google_gemma_3_4b_pt,lower_standard_increases_bigness,standard_span,stated_standard,True,standard_straddle,small,-1,,,-9.114399666342308,-8.133984986685823,cf,-0.9804146796564854,510,500,penumbra-standard-C500-D0p02-fenzel-t2
0.02020270731751947,penumbra_standard:t2,-12.140146842934877,-10.648689984287898,,510,fenzel,,,,large,penumbra_standard,False,0.5110421789904933,bias_corrected,large,3.025747176592569,2.5147049976020757,size-penumbra_standard-fenzel-C500-S490-to510-large_to_small-mborderline-d0p02-t2,True,borderline,google/gemma-3-4b-pt,google_gemma_3_4b_pt,lower_standard_increases_bigness,standard_span,stated_standard,True,standard_straddle,small,1,,,-9.114399666342308,-8.133984986685823,base,-0.9804146796564854,490,500,penumbra-standard-C500-D0p02-fenzel-t2
0.019802627296179754,penumbra_standard:t2,-12.140146842934877,-10.648689984287898,,510,fenzel,,,,small,penumbra_standard,False,1.3203227638429258,bias_corrected,small,1.1570258507284006,2.4773486145713264,size-penumbra_standard-fenzel-C500-S490-to510-large_to_small-mborderline-d0p02-t2,True,borderline,google/gemma-3-4b-pt,google_gemma_3_4b_pt,lower_standard_increases_bigness,standard_span,stated_standard,True,standard_straddle,small,1,,,-10.983120992206477,-8.171341369716572,cf,2.8117796224899045,490,500,penumbra-standard-C500-D0p02-fenzel-t2
0.050693114315518095,penumbra_standard:t2,-12.140146842934877,-10.648689984287898,,476,fenzel,,,,small,penumbra_standard,False,1.317947377089145,bias_corrected,small,1.9342685112508615,3.2522158883400065,size-penumbra_standard-fenzel-C500-S526-to476-small_to_large-mborderline-d0p05-t2,True,borderline,google/gemma-3-4b-pt,google_gemma_3_4b_pt,lower_standard_increases_bigness,standard_span,stated_standard,True,standard_straddle,small,-1,,,-10.205878331684016,-7.396474095947892,base,2.8094042357361237,526,500,penumbra-standard-C500-D0p05-fenzel-t2
0.04919024419077178,penumbra_standard:t2,-12.140146842934877,-10.648689984287898,,476,fenzel,,,,large,penumbra_standard,False,0.3846628617168655,bias_corrected,large,2.747921821062784,2.3632589593459183,size-penumbra_standard-fenzel-C500-S526-to476-small_to_large-mborderline-d0p05-t2,True,borderline,google/gemma-3-4b-pt,google_gemma_3_4b_pt,lower_standard_increases_bigness,standard_span,stated_standard,True,standard_straddle,small,-1,,,-9.392225021872093,-8.28543102494198,cf,-1.1067939969301133,526,500,penumbra-standard-C500-D0p05-fenzel-t2
0.04919024419077178,penumbra_standard:t2,-12.140146842934877,-10.648689984287898,,526,fenzel,,,,large,penumbra_standard,False,0.3846628617168655,bias_corrected,large,2.747921821062784,2.3632589593459183,size-penumbra_standard-fenzel-C500-S476-to526-large_to_small-mborderline-d0p05-t2,True,borderline,google/gemma-3-4b-pt,google_gemma_3_4b_pt,lower_standard_increases_bigness,standard_span,stated_standard,True,standard_straddle,small,1,,,-9.392225021872093,-8.28543102494198,base,-1.1067939969301133,476,500,penumbra-standard-C500-D0p05-fenzel-t2
0.050693114315518095,penumbra_standard:t2,-12.140146842934877,-10.648689984287898,,526,fenzel,,,,small,penumbra_standard,False,1.317947377089145,bias_corrected,small,1.9342685112508615,3.2522158883400065,size-penumbra_standard-fenzel-C500-S476-to526-large_to_small-mborderline-d0p05-t2,True,borderline,google/gemma-3-4b-pt,google_gemma_3_4b_pt,lower_standard_increases_bigness,standard_span,stated_standard,True,standard_straddle,small,1,,,-10.205878331684016,-7.396474095947892,cf,2.8094042357361237,476,500,penumbra-standard-C500-D0p05-fenzel-t2
0.10074990310014302,penumbra_standard:t2,-12.140146842934877,-10.648689984287898,,452,fenzel,,,,small,penumbra_standard,False,1.260441583972086,bias_corrected,small,1.6716446797728448,2.9320862637449308,size-penumbra_standard-fenzel-C500-S553-to452-small_to_large-mnear_boundary-d0p1-t2,True,near_boundary,google/gemma-3-4b-pt,google_gemma_3_4b_pt,lower_standard_increases_bigness,standard_span,stated_standard,True,standard_straddle,small,-1,,,-10.468502163162032,-7.716603720542968,base,2.7518984426190647,553,500,penumbra-standard-C500-D0p1-fenzel-t2
0.1009259185899605,penumbra_standard:t2,-12.140146842934877,-10.648689984287898,,452,fenzel,,,,large,penumbra_standard,False,0.5187932655544341,bias_corrected,large,2.5521490015791617,2.0333557360247276,size-penumbra_standard-fenzel-C500-S553-to452-small_to_large-mnear_boundary-d0p1-t2,True,near_boundary,google/gemma-3-4b-pt,google_gemma_3_4b_pt,lower_standard_increases_bigness,standard_span,stated_standard,True,standard_straddle,small,-1,,,-9.587997841355715,-8.61533424826317,cf,-0.9726635930925447,553,500,penumbra-standard-C500-D0p1-fenzel-t2
0.1009259185899605,penumbra_standard:t2,-12.140146842934877,-10.648689984287898,,553,fenzel,,,,large,penumbra_standard,False,0.5187932655544341,bias_corrected,large,2.5521490015791617,2.0333557360247276,size-penumbra_standard-fenzel-C500-S452-to553-large_to_small-mnear_boundary-d0p1-t2,True,near_boundary,google/gemma-3-4b-pt,google_gemma_3_4b_pt,lower_standard_increases_bigness,standard_span,stated_standard,True,standard_straddle,small,1,,,-9.587997841355715,-8.61533424826317,base,-0.9726635930925447,452,500,penumbra-standard-C500-D0p1-fenzel-t2
0.10074990310014302,penumbra_standard:t2,-12.140146842934877,-10.648689984287898,,553,fenzel,,,,small,penumbra_standard,False,1.260441583972086,bias_corrected,small,1.6716446797728448,2.9320862637449308,size-penumbra_standard-fenzel-C500-S452-to553-large_to_small-mnear_boundary-d0p1-t2,True,near_boundary,google/gemma-3-4b-pt,google_gemma_3_4b_pt,lower_standard_increases_bigness,standard_span,stated_standard,True,standard_straddle,small,1,,,-10.468502163162032,-7.716603720542968,cf,2.7518984426190647,452,500,penumbra-standard-C500-D0p1-fenzel-t2
0.019802627296179754,penumbra_standard:t3,-12.181537389983355,-10.482027022589719,,49,ant,,,,small,penumbra_standard,False,1.1959812632538878,bias_corrected,small,-3.4735650358738575,-2.2775837726199697,size-penumbra_standard-ant-C50-S51-to49-small_to_large-mborderline-d0p02-t3,True,borderline,google/gemma-3-4b-pt,google_gemma_3_4b_pt,lower_standard_increases_bigness,standard_span,stated_standard,True,standard_straddle,small,-1,,,-15.655102425857212,-12.759610795209689,base,2.8954916306475234,51,50,penumbra-standard-C50-D0p02-ant-t3
0.02020270731751947,penumbra_standard:t3,-12.181537389983355,-10.482027022589719,,49,ant,,,,large,penumbra_standard,False,-1.0173657376184675,bias_corrected,small,-1.2939266952559958,-0.2765609576375283,size-penumbra_standard-ant-C50-S51-to49-small_to_large-mborderline-d0p02-t3,True,borderline,google/gemma-3-4b-pt,google_gemma_3_4b_pt,lower_standard_increases_bigness,standard_span,stated_standard,True,standard_straddle,small,-1,,,-13.47546408523935,-10.758587980227247,cf,-2.716876105012103,51,50,penumbra-standard-C50-D0p02-ant-t3
0.02020270731751947,penumbra_standard:t3,-12.181537389983355,-10.482027022589719,,51,ant,,,,large,penumbra_standard,False,-1.0173657376184675,bias_corrected,small,-1.2939266952559958,-0.2765609576375283,size-penumbra_standard-ant-C50-S49-to51-large_to_small-mborderline-d0p02-t3,True,borderline,google/gemma-3-4b-pt,google_gemma_3_4b_pt,lower_standard_increases_bigness,standard_span,stated_standard,True,standard_straddle,small,1,,,-13.47546408523935,-10.758587980227247,base,-2.716876105012103,49,50,penumbra-standard-C50-D0p02-ant-t3
0.019802627296179754,penumbra_standard:t3,-12.181537389983355,-10.482027022589719,,51,ant,,,,small,penumbra_standard,False,1.1959812632538878,bias_corrected,small,-3.4735650358738575,-2.2775837726199697,size-penumbra_standard-ant-C50-S49-to51-large_to_small-mborderline-d0p02-t3,True,borderline,google/gemma-3-4b-pt,google_gemma_3_4b_pt,lower_standard_increases_bigness,standard_span,stated_standard,True,standard_straddle,small,1,,,-15.655102425857212,-12.759610795209689,cf,2.8954916306475234,49,50,penumbra-standard-C50-D0p02-ant-t3
0.05826890812397576,penumbra_standard:t3,-12.181537389983355,-10.482027022589719,,48,ant,,,,small,penumbra_standard,False,1.546435758964133,bias_corrected,small,-1.4587777397963642,0.08765801916776894,size-penumbra_standard-ant-C50-S53-to48-small_to_large-mborderline-d0p05-t3,True,borderline,google/gemma-3-4b-pt,google_gemma_3_4b_pt,lower_standard_increases_bigness,standard_span,stated_standard,True,standard_straddle,small,-1,,,-13.640315129779719,-10.39436900342195,base,3.2459461263577687,53,50,penumbra-standard-C50-D0p05-ant-t3
0.0408219945202552,penumbra_standard:t3,-12.181537389983355,-10.482027022589719,,48,ant,,,,large,penumbra_standard,False,-0.33858447945989134,bias_corrected,small,-2.059879636461412,-1.7212951570015207,size-penumbra_standard-ant-C50-S53-to48-small_to_large-mborderline-d0p05-t3,True,borderline,google/gemma-3-4b-pt,google_gemma_3_4b_pt,lower_standard_increases_bigness,standard_span,stated_standard,True,standard_straddle,small,-1,,,-14.241417026444767,-12.20332217959124,cf,-2.038094846853527,53,50,penumbra-standard-C50-D0p05-ant-t3
0.0408219945202552,penumbra_standard:t3,-12.181537389983355,-10.482027022589719,,53,ant,,,,large,penumbra_standard,False,-0.33858447945989134,bias_corrected,small,-2.059879636461412,-1.7212951570015207,size-penumbra_standard-ant-C50-S48-to53-large_to_small-mborderline-d0p05-t3,True,borderline,google/gemma-3-4b-pt,google_gemma_3_4b_pt,lower_standard_increases_bigness,standard_span,stated_standard,True,standard_straddle,small,1,,,-14.241417026444767,-12.20332217959124,base,-2.038094846853527,48,50,penumbra-standard-C50-D0p05-ant-t3
0.05826890812397576,penumbra_standard:t3,-12.181537389983355,-10.482027022589719,,53,ant,,,,small,penumbra_standard,False,1.546435758964133,bias_corrected,small,-1.4587777397963642,0.08765801916776894,size-penumbra_standard-ant-C50-S48-to53-large_to_small-mborderline-d0p05-t3,True,borderline,google/gemma-3-4b-pt,google_gemma_3_4b_pt,lower_standard_increases_bigness,standard_span,stated_standard,True,standard_straddle,small,1,,,-13.640315129779719,-10.39436900342195,cf,3.2459461263577687,48,50,penumbra-standard-C50-D0p05-ant-t3
0.0953101798043249,penumbra_standard:t3,-12.181537389983355,-10.482027022589719,,45,ant,,,,small,penumbra_standard,False,1.0102953728135287,bias_corrected,small,-1.790440467046901,-0.7801450942333723,size-penumbra_standard-ant-C50-S55-to45-small_to_large-mnear_boundary-d0p1-t3,True,near_boundary,google/gemma-3-4b-pt,google_gemma_3_4b_pt,lower_standard_increases_bigness,standard_span,stated_standard,True,standard_straddle,small,-1,,,-13.971977857030256,-11.262172116823091,base,2.7098057402071642,55,50,penumbra-standard-C50-D0p1-ant-t3
0.10536051565782635,penumbra_standard:t3,-12.181537389983355,-10.482027022589719,,45,ant,,,,large,penumbra_standard,False,-0.7985975177231222,bias_corrected,small,-2.7363792195519867,-1.9377817018288646,size-penumbra_standard-ant-C50-S55-to45-small_to_large-mnear_boundary-d0p1-t3,True,near_boundary,google/gemma-3-4b-pt,google_gemma_3_4b_pt,lower_standard_increases_bigness,standard_span,stated_standard,True,standard_straddle,small,-1,,,-14.917916609535341,-12.419808724418584,cf,-2.4981078851167577,55,50,penumbra-standard-C50-D0p1-ant-t3
0.10536051565782635,penumbra_standard:t3,-12.181537389983355,-10.482027022589719,,55,ant,,,,large,penumbra_standard,False,-0.7985975177231222,bias_corrected,small,-2.7363792195519867,-1.9377817018288646,size-penumbra_standard-ant-C50-S45-to55-large_to_small-mnear_boundary-d0p1-t3,True,near_boundary,google/gemma-3-4b-pt,google_gemma_3_4b_pt,lower_standard_increases_bigness,standard_span,stated_standard,True,standard_straddle,small,1,,,-14.917916609535341,-12.419808724418584,base,-2.4981078851167577,45,50,penumbra-standard-C50-D0p1-ant-t3
0.0953101798043249,penumbra_standard:t3,-12.181537389983355,-10.482027022589719,,55,ant,,,,small,penumbra_standard,False,1.0102953728135287,bias_corrected,small,-1.790440467046901,-0.7801450942333723,size-penumbra_standard-ant-C50-S45-to55-large_to_small-mnear_boundary-d0p1-t3,True,near_boundary,google/gemma-3-4b-pt,google_gemma_3_4b_pt,lower_standard_increases_bigness,standard_span,stated_standard,True,standard_straddle,small,1,,,-13.971977857030256,-11.262172116823091,cf,2.7098057402071642,45,50,penumbra-standard-C50-D0p1-ant-t3
0.14842000511827333,penumbra_standard:t3,-12.181537389983355,-10.482027022589719,,43,ant,,,,small,penumbra_standard,False,1.2511741085790966,bias_corrected,small,-1.1879289878457602,0.06324512073333644,size-penumbra_standard-ant-C50-S58-to43-small_to_large-mnear_boundary-d0p15-t3,True,near_boundary,google/gemma-3-4b-pt,google_gemma_3_4b_pt,lower_standard_increases_bigness,standard_span,stated_standard,True,standard_straddle,small,-1,,,-13.369466377829115,-10.418781901856383,base,2.950684475972732,58,50,penumbra-standard-C50-D0p15-ant-t3
0.1508228897345837,penumbra_standard:t3,-12.181537389983355,-10.482027022589719,,43,ant,,,,large,penumbra_standard,False,-0.6357760482026737,bias_corrected,small,-0.43225539170366645,0.2035206564990073,size-penumbra_standard-ant-C50-S58-to43-small_to_large-mnear_boundary-d0p15-t3,True,near_boundary,google/gemma-3-4b-pt,google_gemma_3_4b_pt,lower_standard_increases_bigness,standard_span,stated_standard,True,standard_straddle,small,-1,,,-12.613792781687021,-10.278506366090712,cf,-2.3352864155963093,58,50,penumbra-standard-C50-D0p15-ant-t3
0.1508228897345837,penumbra_standard:t3,-12.181537389983355,-10.482027022589719,,58,ant,,,,large,penumbra_standard,False,-0.6357760482026737,bias_corrected,small,-0.43225539170366645,0.2035206564990073,size-penumbra_standard-ant-C50-S43-to58-large_to_small-mshoulder-d0p15-t3,True,shoulder,google/gemma-3-4b-pt,google_gemma_3_4b_pt,lower_standard_increases_bigness,standard_span,stated_standard,True,standard_straddle,small,1,,,-12.613792781687021,-10.278506366090712,base,-2.3352864155963093,43,50,penumbra-standard-C50-D0p15-ant-t3
0.14842000511827333,penumbra_standard:t3,-12.181537389983355,-10.482027022589719,,58,ant,,,,small,penumbra_standard,False,1.2511741085790966,bias_corrected,small,-1.1879289878457602,0.06324512073333644,size-penumbra_standard-ant-C50-S43-to58-large_to_small-mshoulder-d0p15-t3,True,shoulder,google/gemma-3-4b-pt,google_gemma_3_4b_pt,lower_standard_increases_bigness,standard_span,stated_standard,True,standard_straddle,small,1,,,-13.369466377829115,-10.418781901856383,cf,2.950684475972732,43,50,penumbra-standard-C50-D0p15-ant-t3
0.29266961396281993,penumbra_standard:t3,-12.181537389983355,-10.482027022589719,,37,ant,,,,small,penumbra_standard,True,1.4609342778210923,bias_corrected,small,-2.745168960695949,-1.2842346828748568,size-penumbra_standard-ant-C50-S67-to37-small_to_large-mshoulder-d0p3-t3,False,shoulder,google/gemma-3-4b-pt,google_gemma_3_4b_pt,lower_standard_increases_bigness,standard_span,stated_standard,False,standard_straddle,small,-1,,cf_gate_pred_small_expected_large,-14.926706350679304,-11.766261705464576,base,3.160444645214728,67,50,penumbra-standard-C50-D0p3-ant-t3
0.3011050927839216,penumbra_standard:t3,-12.181537389983355,-10.482027022589719,,37,ant,,,,large,penumbra_standard,True,-0.9484713977880652,bias_corrected,small,-0.647877339945854,0.30059405784221127,size-penumbra_standard-ant-C50-S67-to37-small_to_large-mshoulder-d0p3-t3,False,shoulder,google/gemma-3-4b-pt,google_gemma_3_4b_pt,lower_standard_increases_bigness,standard_span,stated_standard,False,standard_straddle,small,-1,,cf_gate_pred_small_expected_large,-12.829414729929209,-10.181432964747508,cf,-2.647981765181701,67,50,penumbra-standard-C50-D0p3-ant-t3
0.3011050927839216,penumbra_standard:t3,-12.181537389983355,-10.482027022589719,,67,ant,,,,large,penumbra_standard,True,-0.9484713977880652,bias_corrected,small,-0.647877339945854,0.30059405784221127,size-penumbra_standard-ant-C50-S37-to67-large_to_small-mshoulder-d0p3-t3,False,shoulder,google/gemma-3-4b-pt,google_gemma_3_4b_pt,lower_standard_increases_bigness,standard_span,stated_standard,False,standard_straddle,small,1,,base_gate_pred_small_expected_large,-12.829414729929209,-10.181432964747508,base,-2.647981765181701,37,50,penumbra-standard-C50-D0p3-ant-t3
0.29266961396281993,penumbra_standard:t3,-12.181537389983355,-10.482027022589719,,67,ant,,,,small,penumbra_standard,True,1.4609342778210923,bias_corrected,small,-2.745168960695949,-1.2842346828748568,size-penumbra_standard-ant-C50-S37-to67-large_to_small-mshoulder-d0p3-t3,False,shoulder,google/gemma-3-4b-pt,google_gemma_3_4b_pt,lower_standard_increases_bigness,standard_span,stated_standard,False,standard_straddle,small,1,,base_gate_pred_small_expected_large,-14.926706350679304,-11.766261705464576,cf,3.160444645214728,37,50,penumbra-standard-C50-D0p3-ant-t3
0.49469624183610705,penumbra_standard:t3,-12.181537389983355,-10.482027022589719,,30,ant,,,,small,penumbra_standard,True,0.524692984988139,bias_corrected,small,-0.3617626877267508,0.1629302972613882,size-penumbra_standard-ant-C50-S82-to30-small_to_large-mclear-d0p5-t3,False,clear,google/gemma-3-4b-pt,google_gemma_3_4b_pt,lower_standard_increases_bigness,standard_span,stated_standard,False,standard_straddle,small,-1,,cf_gate_pred_small_expected_large,-12.543300077710105,-10.31909672532833,base,2.2242033523817746,82,50,penumbra-standard-C50-D0p5-ant-t3
0.5108256237659907,penumbra_standard:t3,-12.181537389983355,-10.482027022589719,,30,ant,,,,large,penumbra_standard,True,-0.20008100664411366,bias_corrected,small,-1.4165344906034285,-1.2164534839593149,size-penumbra_standard-ant-C50-S82-to30-small_to_large-mclear-d0p5-t3,False,clear,google/gemma-3-4b-pt,google_gemma_3_4b_pt,lower_standard_increases_bigness,standard_span,stated_standard,False,standard_straddle,small,-1,,cf_gate_pred_small_expected_large,-13.598071880586783,-11.698480506549034,cf,-1.8995913740377492,82,50,penumbra-standard-C50-D0p5-ant-t3
0.5108256237659907,penumbra_standard:t3,-12.181537389983355,-10.482027022589719,,82,ant,,,,large,penumbra_standard,True,-0.20008100664411366,bias_corrected,small,-1.4165344906034285,-1.2164534839593149,size-penumbra_standard-ant-C50-S30-to82-large_to_small-mclear-d0p5-t3,False,clear,google/gemma-3-4b-pt,google_gemma_3_4b_pt,lower_standard_increases_bigness,standard_span,stated_standard,False,standard_straddle,small,1,,base_gate_pred_small_expected_large,-13.598071880586783,-11.698480506549034,base,-1.8995913740377492,30,50,penumbra-standard-C50-D0p5-ant-t3
0.49469624183610705,penumbra_standard:t3,-12.181537389983355,-10.482027022589719,,82,ant,,,,small,penumbra_standard,True,0.524692984988139,bias_corrected,small,-0.3617626877267508,0.1629302972613882,size-penumbra_standard-ant-C50-S30-to82-large_to_small-mclear-d0p5-t3,False,clear,google/gemma-3-4b-pt,google_gemma_3_4b_pt,lower_standard_increases_bigness,standard_span,stated_standard,False,standard_straddle,small,1,,base_gate_pred_small_expected_large,-12.543300077710105,-10.31909672532833,cf,2.2242033523817746,30,50,penumbra-standard-C50-D0p5-ant-t3
0.019802627296179754,penumbra_standard:t3,-12.181537389983355,-10.482027022589719,,196,ant,,,,small,penumbra_standard,False,-1.7835016480011934,bias_corrected,large,-0.7066017662386059,-2.4901034142397993,size-penumbra_standard-ant-C200-S204-to196-small_to_large-mborderline-d0p02-t3,True,borderline,google/gemma-3-4b-pt,google_gemma_3_4b_pt,lower_standard_increases_bigness,standard_span,stated_standard,True,standard_straddle,large,-1,,,-12.88813915622196,-12.972130436829518,base,-0.08399128060755778,204,200,penumbra-standard-C200-D0p02-ant-t3
0.02020270731751947,penumbra_standard:t3,-12.181537389983355,-10.482027022589719,,196,ant,,,,large,penumbra_standard,False,1.213826802631358,bias_corrected,large,-0.9269646958691897,-2.1407914985005476,size-penumbra_standard-ant-C200-S204-to196-small_to_large-mborderline-d0p02-t3,True,borderline,google/gemma-3-4b-pt,google_gemma_3_4b_pt,lower_standard_increases_bigness,standard_span,stated_standard,True,standard_straddle,small,-1,,,-13.108502085852544,-12.622818521090267,cf,-0.4856835647622777,204,200,penumbra-standard-C200-D0p02-ant-t3
0.02020270731751947,penumbra_standard:t3,-12.181537389983355,-10.482027022589719,,204,ant,,,,large,penumbra_standard,False,1.213826802631358,bias_corrected,large,-0.9269646958691897,-2.1407914985005476,size-penumbra_standard-ant-C200-S196-to204-large_to_small-mborderline-d0p02-t3,True,borderline,google/gemma-3-4b-pt,google_gemma_3_4b_pt,lower_standard_increases_bigness,standard_span,stated_standard,True,standard_straddle,small,1,,,-13.108502085852544,-12.622818521090267,base,-0.4856835647622777,196,200,penumbra-standard-C200-D0p02-ant-t3
0.019802627296179754,penumbra_standard:t3,-12.181537389983355,-10.482027022589719,,204,ant,,,,small,penumbra_standard,False,-1.7835016480011934,bias_corrected,large,-0.7066017662386059,-2.4901034142397993,size-penumbra_standard-ant-C200-S196-to204-large_to_small-mborderline-d0p02-t3,True,borderline,google/gemma-3-4b-pt,google_gemma_3_4b_pt,lower_standard_increases_bigness,standard_span,stated_standard,True,standard_straddle,large,1,,,-12.88813915622196,-12.972130436829518,cf,-0.08399128060755778,196,200,penumbra-standard-C200-D0p02-ant-t3
0.048790164169432056,penumbra_standard:t3,-12.181537389983355,-10.482027022589719,,190,ant,,,,small,penumbra_standard,False,-1.593118226958703,bias_corrected,large,-1.1408714530622674,-2.7339896800209704,size-penumbra_standard-ant-C200-S210-to190-small_to_large-mborderline-d0p05-t3,True,borderline,google/gemma-3-4b-pt,google_gemma_3_4b_pt,lower_standard_increases_bigness,standard_span,stated_standard,True,standard_straddle,small,-1,,,-13.322408843045622,-13.21601670261069,base,0.10639214043493261,210,200,penumbra-standard-C200-D0p05-ant-t3
0.05129329438755048,penumbra_standard:t3,-12.181537389983355,-10.482027022589719,,190,ant,,,,large,penumbra_standard,False,1.4011849752086984,bias_corrected,large,-0.5431022004468264,-1.944287175655525,size-penumbra_standard-ant-C200-S210-to190-small_to_large-mborderline-d0p05-t3,True,borderline,google/gemma-3-4b-pt,google_gemma_3_4b_pt,lower_standard_increases_bigness,standard_span,stated_standard,True,standard_straddle,small,-1,,,-12.724639590430181,-12.426314198245244,cf,-0.29832539218493714,210,200,penumbra-standard-C200-D0p05-ant-t3
0.05129329438755048,penumbra_standard:t3,-12.181537389983355,-10.482027022589719,,210,ant,,,,large,penumbra_standard,False,1.4011849752086984,bias_corrected,large,-0.5431022004468264,-1.944287175655525,size-penumbra_standard-ant-C200-S190-to210-large_to_small-mborderline-d0p05-t3,True,borderline,google/gemma-3-4b-pt,google_gemma_3_4b_pt,lower_standard_increases_bigness,standard_span,stated_standard,True,standard_straddle,small,1,,,-12.724639590430181,-12.426314198245244,base,-0.29832539218493714,190,200,penumbra-standard-C200-D0p05-ant-t3
0.048790164169432056,penumbra_standard:t3,-12.181537389983355,-10.482027022589719,,210,ant,,,,small,penumbra_standard,False,-1.593118226958703,bias_corrected,large,-1.1408714530622674,-2.7339896800209704,size-penumbra_standard-ant-C200-S190-to210-large_to_small-mborderline-d0p05-t3,True,borderline,google/gemma-3-4b-pt,google_gemma_3_4b_pt,lower_standard_increases_bigness,standard_span,stated_standard,True,standard_straddle,small,1,,,-13.322408843045622,-13.21601670261069,cf,0.10639214043493261,190,200,penumbra-standard-C200-D0p05-ant-t3
0.09984533496971613,penumbra_standard:t3,-12.181537389983355,-10.482027022589719,,181,ant,,,,small,penumbra_standard,False,-1.6984998022914652,bias_corrected,large,-0.9207981639020293,-2.6192979661934945,size-penumbra_standard-ant-C200-S221-to181-small_to_large-mnear_boundary-d0p1-t3,True,near_boundary,google/gemma-3-4b-pt,google_gemma_3_4b_pt,lower_standard_increases_bigness,standard_span,stated_standard,True,standard_straddle,small,-1,,,-13.102335553885384,-13.101324988783213,base,0.0010105651021703466,221,200,penumbra-standard-C200-D0p1-ant-t3
0.09982033528221099,penumbra_standard:t3,-12.181537389983355,-10.482027022589719,,181,ant,,,,large,penumbra_standard,False,1.2216089227157418,bias_corrected,large,-1.1141872013223555,-2.3357961240380973,size-penumbra_standard-ant-C200-S221-to181-small_to_large-mnear_boundary-d0p1-t3,True,near_boundary,google/gemma-3-4b-pt,google_gemma_3_4b_pt,lower_standard_increases_bigness,standard_span,stated_standard,True,standard_straddle,small,-1,,,-13.29572459130571,-12.817823146627816,cf,-0.47790144467789375,221,200,penumbra-standard-C200-D0p1-ant-t3
0.09982033528221099,penumbra_standard:t3,-12.181537389983355,-10.482027022589719,,221,ant,,,,large,penumbra_standard,False,1.2216089227157418,bias_corrected,large,-1.1141872013223555,-2.3357961240380973,size-penumbra_standard-ant-C200-S181-to221-large_to_small-mnear_boundary-d0p1-t3,True,near_boundary,google/gemma-3-4b-pt,google_gemma_3_4b_pt,lower_standard_increases_bigness,standard_span,stated_standard,True,standard_straddle,small,1,,,-13.29572459130571,-12.817823146627816,base,-0.47790144467789375,181,200,penumbra-standard-C200-D0p1-ant-t3
0.09984533496971613,penumbra_standard:t3,-12.181537389983355,-10.482027022589719,,221,ant,,,,small,penumbra_standard,False,-1.6984998022914652,bias_corrected,large,-0.9207981639020293,-2.6192979661934945,size-penumbra_standard-ant-C200-S181-to221-large_to_small-mnear_boundary-d0p1-t3,True,near_boundary,google/gemma-3-4b-pt,google_gemma_3_4b_pt,lower_standard_increases_bigness,standard_span,stated_standard,True,standard_straddle,small,1,,,-13.102335553885384,-13.101324988783213,cf,0.0010105651021703466,181,200,penumbra-standard-C200-D0p1-ant-t3
0.14842000511827333,penumbra_standard:t3,-12.181537389983355,-10.482027022589719,,172,ant,,,,small,penumbra_standard,False,-1.6947230299474896,bias_corrected,large,-0.5772457901537358,-2.2719688201012254,size-penumbra_standard-ant-C200-S232-to172-small_to_large-mnear_boundary-d0p15-t3,True,near_boundary,google/gemma-3-4b-pt,google_gemma_3_4b_pt,lower_standard_increases_bigness,standard_span,stated_standard,True,standard_straddle,small,-1,,,-12.75878318013709,-12.753995842690944,base,0.004787337446146012,232,200,penumbra-standard-C200-D0p15-ant-t3
0.1508228897345837,penumbra_standard:t3,-12.181537389983355,-10.482027022589719,,172,ant,,,,large,penumbra_standard,False,1.6076329847653952,bias_corrected,large,-0.4531513268104064,-2.0607843115758016,size-penumbra_standard-ant-C200-S232-to172-small_to_large-mnear_boundary-d0p15-t3,True,near_boundary,google/gemma-3-4b-pt,google_gemma_3_4b_pt,lower_standard_increases_bigness,standard_span,stated_standard,True,standard_straddle,small,-1,,,-12.634688716793761,-12.54281133416552,cf,-0.09187738262824041,232,200,penumbra-standard-C200-D0p15-ant-t3
0.1508228897345837,penumbra_standard:t3,-12.181537389983355,-10.482027022589719,,232,ant,,,,large,penumbra_standard,False,1.6076329847653952,bias_corrected,large,-0.4531513268104064,-2.0607843115758016,size-penumbra_standard-ant-C200-S172-to232-large_to_small-mshoulder-d0p15-t3,True,shoulder,google/gemma-3-4b-pt,google_gemma_3_4b_pt,lower_standard_increases_bigness,standard_span,stated_standard,True,standard_straddle,small,1,,,-12.634688716793761,-12.54281133416552,base,-0.09187738262824041,172,200,penumbra-standard-C200-D0p15-ant-t3
0.14842000511827333,penumbra_standard:t3,-12.181537389983355,-10.482027022589719,,232,ant,,,,small,penumbra_standard,False,-1.6947230299474896,bias_corrected,large,-0.5772457901537358,-2.2719688201012254,size-penumbra_standard-ant-C200-S172-to232-large_to_small-mshoulder-d0p15-t3,True,shoulder,google/gemma-3-4b-pt,google_gemma_3_4b_pt,lower_standard_increases_bigness,standard_span,stated_standard,True,standard_straddle,small,1,,,-12.75878318013709,-12.753995842690944,cf,0.004787337446146012,172,200,penumbra-standard-C200-D0p15-ant-t3
0.30010459245033816,penumbra_standard:t3,-12.181537389983355,-10.482027022589719,,148,ant,,,,small,penumbra_standard,True,-1.2095793305949023,bias_corrected,large,-0.8859082284543884,-2.0954875590492907,size-penumbra_standard-ant-C200-S270-to148-small_to_large-mshoulder-d0p3-t3,False,shoulder,google/gemma-3-4b-pt,google_gemma_3_4b_pt,lower_standard_increases_bigness,standard_span,stated_standard,False,standard_straddle,small,-1,,base_gate_pred_large_expected_small,-13.067445618437743,-12.57751458163901,base,0.4899310367987333,270,200,penumbra-standard-C200-D0p3-ant-t3
0.3011050927839216,penumbra_standard:t3,-12.181537389983355,-10.482027022589719,,148,ant,,,,large,penumbra_standard,True,1.280754998095956,bias_corrected,large,-0.7551068918930035,-2.0358618899889596,size-penumbra_standard-ant-C200-S270-to148-small_to_large-mshoulder-d0p3-t3,False,shoulder,google/gemma-3-4b-pt,google_gemma_3_4b_pt,lower_standard_increases_bigness,standard_span,stated_standard,False,standard_straddle,small,-1,,base_gate_pred_large_expected_small,-12.936644281876358,-12.517888912578679,cf,-0.41875536929767954,270,200,penumbra-standard-C200-D0p3-ant-t3
0.3011050927839216,penumbra_standard:t3,-12.181537389983355,-10.482027022589719,,270,ant,,,,large,penumbra_standard,True,1.280754998095956,bias_corrected,large,-0.7551068918930035,-2.0358618899889596,size-penumbra_standard-ant-C200-S148-to270-large_to_small-mshoulder-d0p3-t3,False,shoulder,google/gemma-3-4b-pt,google_gemma_3_4b_pt,lower_standard_increases_bigness,standard_span,stated_standard,False,standard_straddle,small,1,,cf_gate_pred_large_expected_small,-12.936644281876358,-12.517888912578679,base,-0.41875536929767954,148,200,penumbra-standard-C200-D0p3-ant-t3
0.30010459245033816,penumbra_standard:t3,-12.181537389983355,-10.482027022589719,,270,ant,,,,small,penumbra_standard,True,-1.2095793305949023,bias_corrected,large,-0.8859082284543884,-2.0954875590492907,size-penumbra_standard-ant-C200-S148-to270-large_to_small-mshoulder-d0p3-t3,False,shoulder,google/gemma-3-4b-pt,google_gemma_3_4b_pt,lower_standard_increases_bigness,standard_span,stated_standard,False,standard_straddle,small,1,,cf_gate_pred_large_expected_small,-13.067445618437743,-12.57751458163901,cf,0.4899310367987333,148,200,penumbra-standard-C200-D0p3-ant-t3
0.5007752879124893,penumbra_standard:t3,-12.181537389983355,-10.482027022589719,,121,ant,,,,small,penumbra_standard,True,-1.9141398450333167,bias_corrected,large,0.41793866253483536,-1.4962011824984813,size-penumbra_standard-ant-C200-S330-to121-small_to_large-mclear-d0p5-t3,False,clear,google/gemma-3-4b-pt,google_gemma_3_4b_pt,lower_standard_increases_bigness,standard_span,stated_standard,False,standard_straddle,large,-1,,base_gate_pred_large_expected_small,-11.76359872744852,-11.9782282050882,base,-0.2146294776396811,330,200,penumbra-standard-C200-D0p5-ant-t3
0.5025268209512956,penumbra_standard:t3,-12.181537389983355,-10.482027022589719,,121,ant,,,,large,penumbra_standard,True,1.0700247459403194,bias_corrected,large,-0.7474937640733916,-1.817518510013711,size-penumbra_standard-ant-C200-S330-to121-small_to_large-mclear-d0p5-t3,False,clear,google/gemma-3-4b-pt,google_gemma_3_4b_pt,lower_standard_increases_bigness,standard_span,stated_standard,False,standard_straddle,small,-1,,base_gate_pred_large_expected_small,-12.929031154056746,-12.29954553260343,cf,-0.6294856214533162,330,200,penumbra-standard-C200-D0p5-ant-t3
0.5025268209512956,penumbra_standard:t3,-12.181537389983355,-10.482027022589719,,330,ant,,,,large,penumbra_standard,True,1.0700247459403194,bias_corrected,large,-0.7474937640733916,-1.817518510013711,size-penumbra_standard-ant-C200-S121-to330-large_to_small-mclear-d0p5-t3,False,clear,google/gemma-3-4b-pt,google_gemma_3_4b_pt,lower_standard_increases_bigness,standard_span,stated_standard,False,standard_straddle,small,1,,cf_gate_pred_large_expected_small,-12.929031154056746,-12.29954553260343,base,-0.6294856214533162,121,200,penumbra-standard-C200-D0p5-ant-t3
0.5007752879124893,penumbra_standard:t3,-12.181537389983355,-10.482027022589719,,330,ant,,,,small,penumbra_standard,True,-1.9141398450333167,bias_corrected,large,0.41793866253483536,-1.4962011824984813,size-penumbra_standard-ant-C200-S121-to330-large_to_small-mclear-d0p5-t3,False,clear,google/gemma-3-4b-pt,google_gemma_3_4b_pt,lower_standard_increases_bigness,standard_span,stated_standard,False,standard_straddle,large,1,,cf_gate_pred_large_expected_small,-11.76359872744852,-11.9782282050882,cf,-0.2146294776396811,121,200,penumbra-standard-C200-D0p5-ant-t3
0.019802627296179754,penumbra_standard:t3,-12.181537389983355,-10.482027022589719,,490,ant,,,,small,penumbra_standard,False,-0.15382410668428648,bias_corrected,large,-1.2563978726642713,-1.4102219793485578,size-penumbra_standard-ant-C500-S510-to490-small_to_large-mborderline-d0p02-t3,True,borderline,google/gemma-3-4b-pt,google_gemma_3_4b_pt,lower_standard_increases_bigness,standard_span,stated_standard,True,standard_straddle,small,-1,,,-13.437935262647626,-11.892249001938277,base,1.5456862607093491,510,500,penumbra-standard-C500-D0p02-ant-t3
0.02020270731751947,penumbra_standard:t3,-12.181537389983355,-10.482027022589719,,490,ant,,,,large,penumbra_standard,False,1.0553585557372855,bias_corrected,large,-0.21347411820362794,-1.2688326739409135,size-penumbra_standard-ant-C500-S510-to490-small_to_large-mborderline-d0p02-t3,True,borderline,google/gemma-3-4b-pt,google_gemma_3_4b_pt,lower_standard_increases_bigness,standard_span,stated_standard,True,standard_straddle,small,-1,,,-12.395011508186982,-11.750859696530632,cf,-0.64415181165635,510,500,penumbra-standard-C500-D0p02-ant-t3
0.02020270731751947,penumbra_standard:t3,-12.181537389983355,-10.482027022589719,,510,ant,,,,large,penumbra_standard,False,1.0553585557372855,bias_corrected,large,-0.21347411820362794,-1.2688326739409135,size-penumbra_standard-ant-C500-S490-to510-large_to_small-mborderline-d0p02-t3,True,borderline,google/gemma-3-4b-pt,google_gemma_3_4b_pt,lower_standard_increases_bigness,standard_span,stated_standard,True,standard_straddle,small,1,,,-12.395011508186982,-11.750859696530632,base,-0.64415181165635,490,500,penumbra-standard-C500-D0p02-ant-t3
0.019802627296179754,penumbra_standard:t3,-12.181537389983355,-10.482027022589719,,510,ant,,,,small,penumbra_standard,False,-0.15382410668428648,bias_corrected,large,-1.2563978726642713,-1.4102219793485578,size-penumbra_standard-ant-C500-S490-to510-large_to_small-mborderline-d0p02-t3,True,borderline,google/gemma-3-4b-pt,google_gemma_3_4b_pt,lower_standard_increases_bigness,standard_span,stated_standard,True,standard_straddle,small,1,,,-13.437935262647626,-11.892249001938277,cf,1.5456862607093491,490,500,penumbra-standard-C500-D0p02-ant-t3
0.050693114315518095,penumbra_standard:t3,-12.181537389983355,-10.482027022589719,,476,ant,,,,small,penumbra_standard,False,0.900230309916207,bias_corrected,small,-2.476428655276692,-1.5761983453604849,size-penumbra_standard-ant-C500-S526-to476-small_to_large-mborderline-d0p05-t3,True,borderline,google/gemma-3-4b-pt,google_gemma_3_4b_pt,lower_standard_increases_bigness,standard_span,stated_standard,True,standard_straddle,small,-1,,,-14.657966045260046,-12.058225367950204,base,2.5997406773098426,526,500,penumbra-standard-C500-D0p05-ant-t3
0.04919024419077178,penumbra_standard:t3,-12.181537389983355,-10.482027022589719,,476,ant,,,,large,penumbra_standard,False,0.16587528723895062,bias_corrected,large,-0.7708924154944992,-0.9367677027334498,size-penumbra_standard-ant-C500-S526-to476-small_to_large-mborderline-d0p05-t3,True,borderline,google/gemma-3-4b-pt,google_gemma_3_4b_pt,lower_standard_increases_bigness,standard_span,stated_standard,True,standard_straddle,small,-1,,,-12.952429805477854,-11.418794725323169,cf,-1.533635080154685,526,500,penumbra-standard-C500-D0p05-ant-t3
0.04919024419077178,penumbra_standard:t3,-12.181537389983355,-10.482027022589719,,526,ant,,,,large,penumbra_standard,False,0.16587528723895062,bias_corrected,large,-0.7708924154944992,-0.9367677027334498,size-penumbra_standard-ant-C500-S476-to526-large_to_small-mborderline-d0p05-t3,True,borderline,google/gemma-3-4b-pt,google_gemma_3_4b_pt,lower_standard_increases_bigness,standard_span,stated_standard,True,standard_straddle,small,1,,,-12.952429805477854,-11.418794725323169,base,-1.533635080154685,476,500,penumbra-standard-C500-D0p05-ant-t3
0.050693114315518095,penumbra_standard:t3,-12.181537389983355,-10.482027022589719,,526,ant,,,,small,penumbra_standard,False,0.900230309916207,bias_corrected,small,-2.476428655276692,-1.5761983453604849,size-penumbra_standard-ant-C500-S476-to526-large_to_small-mborderline-d0p05-t3,True,borderline,google/gemma-3-4b-pt,google_gemma_3_4b_pt,lower_standard_increases_bigness,standard_span,stated_standard,True,standard_straddle,small,1,,,-14.657966045260046,-12.058225367950204,cf,2.5997406773098426,476,500,penumbra-standard-C500-D0p05-ant-t3
0.10074990310014302,penumbra_standard:t3,-12.181537389983355,-10.482027022589719,,452,ant,,,,small,penumbra_standard,False,0.4366507568479179,bias_corrected,small,-1.7629481256970827,-1.3262973688491648,size-penumbra_standard-ant-C500-S553-to452-small_to_large-mnear_boundary-d0p1-t3,True,near_boundary,google/gemma-3-4b-pt,google_gemma_3_4b_pt,lower_standard_increases_bigness,standard_span,stated_standard,True,standard_straddle,small,-1,,,-13.944485515680437,-11.808324391438884,base,2.1361611242415535,553,500,penumbra-standard-C500-D0p1-ant-t3
0.1009259185899605,penumbra_standard:t3,-12.181537389983355,-10.482027022589719,,452,ant,,,,large,penumbra_standard,False,0.034574513975247356,bias_corrected,large,-0.9750010048250317,-1.009575518800279,size-penumbra_standard-ant-C500-S553-to452-small_to_large-mnear_boundary-d0p1-t3,True,near_boundary,google/gemma-3-4b-pt,google_gemma_3_4b_pt,lower_standard_increases_bigness,standard_span,stated_standard,True,standard_straddle,small,-1,,,-13.156538394808386,-11.491602541389998,cf,-1.6649358534183882,553,500,penumbra-standard-C500-D0p1-ant-t3
0.1009259185899605,penumbra_standard:t3,-12.181537389983355,-10.482027022589719,,553,ant,,,,large,penumbra_standard,False,0.034574513975247356,bias_corrected,large,-0.9750010048250317,-1.009575518800279,size-penumbra_standard-ant-C500-S452-to553-large_to_small-mnear_boundary-d0p1-t3,True,near_boundary,google/gemma-3-4b-pt,google_gemma_3_4b_pt,lower_standard_increases_bigness,standard_span,stated_standard,True,standard_straddle,small,1,,,-13.156538394808386,-11.491602541389998,base,-1.6649358534183882,452,500,penumbra-standard-C500-D0p1-ant-t3
0.10074990310014302,penumbra_standard:t3,-12.181537389983355,-10.482027022589719,,553,ant,,,,small,penumbra_standard,False,0.4366507568479179,bias_corrected,small,-1.7629481256970827,-1.3262973688491648,size-penumbra_standard-ant-C500-S452-to553-large_to_small-mnear_boundary-d0p1-t3,True,near_boundary,google/gemma-3-4b-pt,google_gemma_3_4b_pt,lower_standard_increases_bigness,standard_span,stated_standard,True,standard_straddle,small,1,,,-13.944485515680437,-11.808324391438884,cf,2.1361611242415535,452,500,penumbra-standard-C500-D0p1-ant-t3
0.019802627296179754,penumbra_standard:t3,-12.181537389983355,-10.482027022589719,,49,human,,,,small,penumbra_standard,False,0.9984123103513696,bias_corrected,small,-1.72077714144781,-0.7223648310964403,size-penumbra_standard-human-C50-S51-to49-small_to_large-mborderline-d0p02-t3,True,borderline,google/gemma-3-4b-pt,google_gemma_3_4b_pt,lower_standard_increases_bigness,standard_span,stated_standard,True,standard_straddle,small,-1,,,-13.902314531431164,-11.20439185368616,base,2.697922677745005,51,50,penumbra-standard-C50-D0p02-human-t3
0.02020270731751947,penumbra_standard:t3,-12.181537389983355,-10.482027022589719,,49,human,,,,large,penumbra_standard,False,0.06395623443177101,bias_corrected,large,0.0016846435952206917,-0.06227159083655032,size-penumbra_standard-human-C50-S51-to49-small_to_large-mborderline-d0p02-t3,True,borderline,google/gemma-3-4b-pt,google_gemma_3_4b_pt,lower_standard_increases_bigness,standard_span,stated_standard,True,standard_straddle,small,-1,,,-12.179852746388134,-10.54429861342627,cf,-1.6355541329618646,51,50,penumbra-standard-C50-D0p02-human-t3
0.02020270731751947,penumbra_standard:t3,-12.181537389983355,-10.482027022589719,,51,human,,,,large,penumbra_standard,False,0.06395623443177101,bias_corrected,large,0.0016846435952206917,-0.06227159083655032,size-penumbra_standard-human-C50-S49-to51-large_to_small-mborderline-d0p02-t3,True,borderline,google/gemma-3-4b-pt,google_gemma_3_4b_pt,lower_standard_increases_bigness,standard_span,stated_standard,True,standard_straddle,small,1,,,-12.179852746388134,-10.54429861342627,base,-1.6355541329618646,49,50,penumbra-standard-C50-D0p02-human-t3
0.019802627296179754,penumbra_standard:t3,-12.181537389983355,-10.482027022589719,,51,human,,,,small,penumbra_standard,False,0.9984123103513696,bias_corrected,small,-1.72077714144781,-0.7223648310964403,size-penumbra_standard-human-C50-S49-to51-large_to_small-mborderline-d0p02-t3,True,borderline,google/gemma-3-4b-pt,google_gemma_3_4b_pt,lower_standard_increases_bigness,standard_span,stated_standard,True,standard_straddle,small,1,,,-13.902314531431164,-11.20439185368616,cf,2.697922677745005,49,50,penumbra-standard-C50-D0p02-human-t3
0.05826890812397576,penumbra_standard:t3,-12.181537389983355,-10.482027022589719,,48,human,,,,small,penumbra_standard,False,0.705004747730662,bias_corrected,small,-1.2308848242469406,-0.5258800765162785,size-penumbra_standard-human-C50-S53-to48-small_to_large-mborderline-d0p05-t3,True,borderline,google/gemma-3-4b-pt,google_gemma_3_4b_pt,lower_standard_increases_bigness,standard_span,stated_standard,True,standard_straddle,small,-1,,,-13.412422214230295,-11.007907099105998,base,2.4045151151242976,53,50,penumbra-standard-C50-D0p05-human-t3
0.0408219945202552,penumbra_standard:t3,-12.181537389983355,-10.482027022589719,,48,human,,,,large,penumbra_standard,False,-0.10597304909349958,bias_corrected,small,-0.33548569232068814,-0.22951264322718856,size-penumbra_standard-human-C50-S53-to48-small_to_large-mborderline-d0p05-t3,True,borderline,google/gemma-3-4b-pt,google_gemma_3_4b_pt,lower_standard_increases_bigness,standard_span,stated_standard,True,standard_straddle,small,-1,,,-12.517023082304043,-10.711539665816908,cf,-1.8054834164871352,53,50,penumbra-standard-C50-D0p05-human-t3
0.0408219945202552,penumbra_standard:t3,-12.181537389983355,-10.482027022589719,,53,human,,,,large,penumbra_standard,False,-0.10597304909349958,bias_corrected,small,-0.33548569232068814,-0.22951264322718856,size-penumbra_standard-human-C50-S48-to53-large_to_small-mborderline-d0p05-t3,True,borderline,google/gemma-3-4b-pt,google_gemma_3_4b_pt,lower_standard_increases_bigness,standard_span,stated_standard,True,standard_straddle,small,1,,,-12.517023082304043,-10.711539665816908,base,-1.8054834164871352,48,50,penumbra-standard-C50-D0p05-human-t3
0.05826890812397576,penumbra_standard:t3,-12.181537389983355,-10.482027022589719,,53,human,,,,small,penumbra_standard,False,0.705004747730662,bias_corrected,small,-1.2308848242469406,-0.5258800765162785,size-penumbra_standard-human-C50-S48-to53-large_to_small-mborderline-d0p05-t3,True,borderline,google/gemma-3-4b-pt,google_gemma_3_4b_pt,lower_standard_increases_bigness,standard_span,stated_standard,True,standard_straddle,small,1,,,-13.412422214230295,-11.007907099105998,cf,2.4045151151242976,48,50,penumbra-standard-C50-D0p05-human-t3
0.0953101798043249,penumbra_standard:t3,-12.181537389983355,-10.482027022589719,,45,human,,,,small,penumbra_standard,False,0.5500186587322577,bias_corrected,small,-1.7977188639752715,-1.2477002052430137,size-penumbra_standard-human-C50-S55-to45-small_to_large-mnear_boundary-d0p1-t3,True,near_boundary,google/gemma-3-4b-pt,google_gemma_3_4b_pt,lower_standard_increases_bigness,standard_span,stated_standard,True,standard_straddle,small,-1,,,-13.979256253958626,-11.729727227832733,base,2.2495290261258933,55,50,penumbra-standard-C50-D0p1-human-t3
0.10536051565782635,penumbra_standard:t3,-12.181537389983355,-10.482027022589719,,45,human,,,,large,penumbra_standard,False,-0.6157308306573963,bias_corrected,small,-1.0079379548968053,-0.39220712423940896,size-penumbra_standard-human-C50-S55-to45-small_to_large-mnear_boundary-d0p1-t3,True,near_boundary,google/gemma-3-4b-pt,google_gemma_3_4b_pt,lower_standard_increases_bigness,standard_span,stated_standard,True,standard_straddle,small,-1,,,-13.18947534488016,-10.874234146829128,cf,-2.315241198051032,55,50,penumbra-standard-C50-D0p1-human-t3
0.10536051565782635,penumbra_standard:t3,-12.181537389983355,-10.482027022589719,,55,human,,,,large,penumbra_standard,False,-0.6157308306573963,bias_corrected,small,-1.0079379548968053,-0.39220712423940896,size-penumbra_standard-human-C50-S45-to55-large_to_small-mnear_boundary-d0p1-t3,True,near_boundary,google/gemma-3-4b-pt,google_gemma_3_4b_pt,lower_standard_increases_bigness,standard_span,stated_standard,True,standard_straddle,small,1,,,-13.18947534488016,-10.874234146829128,base,-2.315241198051032,45,50,penumbra-standard-C50-D0p1-human-t3
0.0953101798043249,penumbra_standard:t3,-12.181537389983355,-10.482027022589719,,55,human,,,,small,penumbra_standard,False,0.5500186587322577,bias_corrected,small,-1.7977188639752715,-1.2477002052430137,size-penumbra_standard-human-C50-S45-to55-large_to_small-mnear_boundary-d0p1-t3,True,near_boundary,google/gemma-3-4b-pt,google_gemma_3_4b_pt,lower_standard_increases_bigness,standard_span,stated_standard,True,standard_straddle,small,1,,,-13.979256253958626,-11.729727227832733,cf,2.2495290261258933,45,50,penumbra-standard-C50-D0p1-human-t3
0.14842000511827333,penumbra_standard:t3,-12.181537389983355,-10.482027022589719,,43,human,,,,small,penumbra_standard,False,0.522034148966183,bias_corrected,small,-1.2733368408182049,-0.7513026918520218,size-penumbra_standard-human-C50-S58-to43-small_to_large-mnear_boundary-d0p15-t3,True,near_boundary,google/gemma-3-4b-pt,google_gemma_3_4b_pt,lower_standard_increases_bigness,standard_span,stated_standard,True,standard_straddle,small,-1,,,-13.45487423080156,-11.23332971444174,base,2.2215445163598186,58,50,penumbra-standard-C50-D0p15-human-t3
0.1508228897345837,penumbra_standard:t3,-12.181537389983355,-10.482027022589719,,43,human,,,,large,penumbra_standard,False,-1.1072693212722324,bias_corrected,small,-0.46123280711582737,0.6460365141564051,size-penumbra_standard-human-C50-S58-to43-small_to_large-mnear_boundary-d0p15-t3,True,near_boundary,google/gemma-3-4b-pt,google_gemma_3_4b_pt,lower_standard_increases_bigness,standard_span,stated_standard,True,standard_straddle,small,-1,,,-12.642770197099182,-9.835990508433314,cf,-2.806779688665868,58,50,penumbra-standard-C50-D0p15-human-t3
0.1508228897345837,penumbra_standard:t3,-12.181537389983355,-10.482027022589719,,58,human,,,,large,penumbra_standard,False,-1.1072693212722324,bias_corrected,small,-0.46123280711582737,0.6460365141564051,size-penumbra_standard-human-C50-S43-to58-large_to_small-mshoulder-d0p15-t3,True,shoulder,google/gemma-3-4b-pt,google_gemma_3_4b_pt,lower_standard_increases_bigness,standard_span,stated_standard,True,standard_straddle,small,1,,,-12.642770197099182,-9.835990508433314,base,-2.806779688665868,43,50,penumbra-standard-C50-D0p15-human-t3
0.14842000511827333,penumbra_standard:t3,-12.181537389983355,-10.482027022589719,,58,human,,,,small,penumbra_standard,False,0.522034148966183,bias_corrected,small,-1.2733368408182049,-0.7513026918520218,size-penumbra_standard-human-C50-S43-to58-large_to_small-mshoulder-d0p15-t3,True,shoulder,google/gemma-3-4b-pt,google_gemma_3_4b_pt,lower_standard_increases_bigness,standard_span,stated_standard,True,standard_straddle,small,1,,,-13.45487423080156,-11.23332971444174,cf,2.2215445163598186,43,50,penumbra-standard-C50-D0p15-human-t3
0.29266961396281993,penumbra_standard:t3,-12.181537389983355,-10.482027022589719,,37,human,,,,small,penumbra_standard,True,0.7008610031387157,bias_corrected,small,-1.6741739327064025,-0.9733129295676868,size-penumbra_standard-human-C50-S67-to37-small_to_large-mshoulder-d0p3-t3,False,shoulder,google/gemma-3-4b-pt,google_gemma_3_4b_pt,lower_standard_increases_bigness,standard_span,stated_standard,False,standard_straddle,small,-1,,cf_gate_pred_small_expected_large,-13.855711322689757,-11.455339952157406,base,2.4003713705323513,67,50,penumbra-standard-C50-D0p3-human-t3
0.3011050927839216,penumbra_standard:t3,-12.181537389983355,-10.482027022589719,,37,human,,,,large,penumbra_standard,True,-0.8725824445784234,bias_corrected,small,-0.7690065299338293,0.10357591464459404,size-penumbra_standard-human-C50-S67-to37-small_to_large-mshoulder-d0p3-t3,False,shoulder,google/gemma-3-4b-pt,google_gemma_3_4b_pt,lower_standard_increases_bigness,standard_span,stated_standard,False,standard_straddle,small,-1,,cf_gate_pred_small_expected_large,-12.950543919917184,-10.378451107945125,cf,-2.572092811972059,67,50,penumbra-standard-C50-D0p3-human-t3
0.3011050927839216,penumbra_standard:t3,-12.181537389983355,-10.482027022589719,,67,human,,,,large,penumbra_standard,True,-0.8725824445784234,bias_corrected,small,-0.7690065299338293,0.10357591464459404,size-penumbra_standard-human-C50-S37-to67-large_to_small-mshoulder-d0p3-t3,False,shoulder,google/gemma-3-4b-pt,google_gemma_3_4b_pt,lower_standard_increases_bigness,standard_span,stated_standard,False,standard_straddle,small,1,,base_gate_pred_small_expected_large,-12.950543919917184,-10.378451107945125,base,-2.572092811972059,37,50,penumbra-standard-C50-D0p3-human-t3
0.29266961396281993,penumbra_standard:t3,-12.181537389983355,-10.482027022589719,,67,human,,,,small,penumbra_standard,True,0.7008610031387157,bias_corrected,small,-1.6741739327064025,-0.9733129295676868,size-penumbra_standard-human-C50-S37-to67-large_to_small-mshoulder-d0p3-t3,False,shoulder,google/gemma-3-4b-pt,google_gemma_3_4b_pt,lower_standard_increases_bigness,standard_span,stated_standard,False,standard_straddle,small,1,,base_gate_pred_small_expected_large,-13.855711322689757,-11.455339952157406,cf,2.4003713705323513,37,50,penumbra-standard-C50-D0p3-human-t3
0.49469624183610705,penumbra_standard:t3,-12.181537389983355,-10.482027022589719,,30,human,,,,small,penumbra_standard,True,0.6956326703291484,bias_corrected,small,-0.34231671700567645,0.353315953323472,size-penumbra_standard-human-C50-S82-to30-small_to_large-mclear-d0p5-t3,False,clear,google/gemma-3-4b-pt,google_gemma_3_4b_pt,lower_standard_increases_bigness,standard_span,stated_standard,False,standard_straddle,small,-1,,cf_gate_pred_small_expected_large,-12.523854106989031,-10.128711069266247,base,2.395143037722784,82,50,penumbra-standard-C50-D0p5-human-t3
0.5108256237659907,penumbra_standard:t3,-12.181537389983355,-10.482027022589719,,30,human,,,,large,penumbra_standard,True,-0.3338817104101466,bias_corrected,small,-0.6170955171526646,-0.28321380674251806,size-penumbra_standard-human-C50-S82-to30-small_to_large-mclear-d0p5-t3,False,clear,google/gemma-3-4b-pt,google_gemma_3_4b_pt,lower_standard_increases_bigness,standard_span,stated_standard,False,standard_straddle,small,-1,,cf_gate_pred_small_expected_large,-12.79863290713602,-10.765240829332237,cf,-2.033392077803782,82,50,penumbra-standard-C50-D0p5-human-t3
0.5108256237659907,penumbra_standard:t3,-12.181537389983355,-10.482027022589719,,82,human,,,,large,penumbra_standard,True,-0.3338817104101466,bias_corrected,small,-0.6170955171526646,-0.28321380674251806,size-penumbra_standard-human-C50-S30-to82-large_to_small-mclear-d0p5-t3,False,clear,google/gemma-3-4b-pt,google_gemma_3_4b_pt,lower_standard_increases_bigness,standard_span,stated_standard,False,standard_straddle,small,1,,base_gate_pred_small_expected_large,-12.79863290713602,-10.765240829332237,base,-2.033392077803782,30,50,penumbra-standard-C50-D0p5-human-t3
0.49469624183610705,penumbra_standard:t3,-12.181537389983355,-10.482027022589719,,82,human,,,,small,penumbra_standard,True,0.6956326703291484,bias_corrected,small,-0.34231671700567645,0.353315953323472,size-penumbra_standard-human-C50-S30-to82-large_to_small-mclear-d0p5-t3,False,clear,google/gemma-3-4b-pt,google_gemma_3_4b_pt,lower_standard_increases_bigness,standard_span,stated_standard,False,standard_straddle,small,1,,base_gate_pred_small_expected_large,-12.523854106989031,-10.128711069266247,cf,2.395143037722784,30,50,penumbra-standard-C50-D0p5-human-t3
0.019802627296179754,penumbra_standard:t3,-12.181537389983355,-10.482027022589719,,196,human,,,,small,penumbra_standard,False,0.14973408071075944,bias_corrected,small,-1.548997405656456,-1.3992633249456965,size-penumbra_standard-human-C200-S204-to196-small_to_large-mborderline-d0p02-t3,True,borderline,google/gemma-3-4b-pt,google_gemma_3_4b_pt,lower_standard_increases_bigness,standard_span,stated_standard,True,standard_straddle,small,-1,,,-13.73053479563981,-11.881290347535415,base,1.849244448104395,204,200,penumbra-standard-C200-D0p02-human-t3
0.02020270731751947,penumbra_standard:t3,-12.181537389983355,-10.482027022589719,,196,human,,,,large,penumbra_standard,False,0.21412457196849743,bias_corrected,large,-0.2680874156767121,-0.48221198764520956,size-penumbra_standard-human-C200-S204-to196-small_to_large-mborderline-d0p02-t3,True,borderline,google/gemma-3-4b-pt,google_gemma_3_4b_pt,lower_standard_increases_bigness,standard_span,stated_standard,True,standard_straddle,small,-1,,,-12.449624805660067,-10.964239010234929,cf,-1.4853857954251382,204,200,penumbra-standard-C200-D0p02-human-t3
0.02020270731751947,penumbra_standard:t3,-12.181537389983355,-10.482027022589719,,204,human,,,,large,penumbra_standard,False,0.21412457196849743,bias_corrected,large,-0.2680874156767121,-0.48221198764520956,size-penumbra_standard-human-C200-S196-to204-large_to_small-mborderline-d0p02-t3,True,borderline,google/gemma-3-4b-pt,google_gemma_3_4b_pt,lower_standard_increases_bigness,standard_span,stated_standard,True,standard_straddle,small,1,,,-12.449624805660067,-10.964239010234929,base,-1.4853857954251382,196,200,penumbra-standard-C200-D0p02-human-t3
0.019802627296179754,penumbra_standard:t3,-12.181537389983355,-10.482027022589719,,204,human,,,,small,penumbra_standard,False,0.14973408071075944,bias_corrected,small,-1.548997405656456,-1.3992633249456965,size-penumbra_standard-human-C200-S196-to204-large_to_small-mborderline-d0p02-t3,True,borderline,google/gemma-3-4b-pt,google_gemma_3_4b_pt,lower_standard_increases_bigness,standard_span,stated_standard,True,standard_straddle,small,1,,,-13.73053479563981,-11.881290347535415,cf,1.849244448104395,196,200,penumbra-standard-C200-D0p02-human-t3
0.048790164169432056,penumbra_standard:t3,-12.181537389983355,-10.482027022589719,,190,human,,,,small,penumbra_standard,False,-0.15095102347116196,bias_corrected,large,-1.4511413860136262,-1.6020924094847881,size-penumbra_standard-human-C200-S210-to190-small_to_large-mborderline-d0p05-t3,True,borderline,google/gemma-3-4b-pt,google_gemma_3_4b_pt,lower_standard_increases_bigness,standard_span,stated_standard,True,standard_straddle,small,-1,,,-13.63267877599698,-12.084119432074507,base,1.5485593439224736,210,200,penumbra-standard-C200-D0p05-human-t3
0.05129329438755048,penumbra_standard:t3,-12.181537389983355,-10.482027022589719,,190,human,,,,large,penumbra_standard,False,0.23218922084354077,bias_corrected,large,0.40397219543667795,0.17178297459313718,size-penumbra_standard-human-C200-S210-to190-small_to_large-mborderline-d0p05-t3,True,borderline,google/gemma-3-4b-pt,google_gemma_3_4b_pt,lower_standard_increases_bigness,standard_span,stated_standard,True,standard_straddle,small,-1,,,-11.777565194546677,-10.310244047996582,cf,-1.4673211465500948,210,200,penumbra-standard-C200-D0p05-human-t3
0.05129329438755048,penumbra_standard:t3,-12.181537389983355,-10.482027022589719,,210,human,,,,large,penumbra_standard,False,0.23218922084354077,bias_corrected,large,0.40397219543667795,0.17178297459313718,size-penumbra_standard-human-C200-S190-to210-large_to_small-mborderline-d0p05-t3,True,borderline,google/gemma-3-4b-pt,google_gemma_3_4b_pt,lower_standard_increases_bigness,standard_span,stated_standard,True,standard_straddle,small,1,,,-11.777565194546677,-10.310244047996582,base,-1.4673211465500948,190,200,penumbra-standard-C200-D0p05-human-t3
0.048790164169432056,penumbra_standard:t3,-12.181537389983355,-10.482027022589719,,210,human,,,,small,penumbra_standard,False,-0.15095102347116196,bias_corrected,large,-1.4511413860136262,-1.6020924094847881,size-penumbra_standard-human-C200-S190-to210-large_to_small-mborderline-d0p05-t3,True,borderline,google/gemma-3-4b-pt,google_gemma_3_4b_pt,lower_standard_increases_bigness,standard_span,stated_standard,True,standard_straddle,small,1,,,-13.63267877599698,-12.084119432074507,cf,1.5485593439224736,190,200,penumbra-standard-C200-D0p05-human-t3
0.09984533496971613,penumbra_standard:t3,-12.181537389983355,-10.482027022589719,,181,human,,,,small,penumbra_standard,False,-0.018317550972053454,bias_corrected,large,-1.0697809394737217,-1.0880984904457751,size-penumbra_standard-human-C200-S221-to181-small_to_large-mnear_boundary-d0p1-t3,True,near_boundary,google/gemma-3-4b-pt,google_gemma_3_4b_pt,lower_standard_increases_bigness,standard_span,stated_standard,True,standard_straddle,small,-1,,,-13.251318329457076,-11.570125513035494,base,1.6811928164215821,221,200,penumbra-standard-C200-D0p1-human-t3
0.09982033528221099,penumbra_standard:t3,-12.181537389983355,-10.482027022589719,,181,human,,,,large,penumbra_standard,False,-0.5245522053391483,bias_corrected,small,-0.47392607081758875,0.05062613452155951,size-penumbra_standard-human-C200-S221-to181-small_to_large-mnear_boundary-d0p1-t3,True,near_boundary,google/gemma-3-4b-pt,google_gemma_3_4b_pt,lower_standard_increases_bigness,standard_span,stated_standard,True,standard_straddle,small,-1,,,-12.655463460800943,-10.43140088806816,cf,-2.224062572732784,221,200,penumbra-standard-C200-D0p1-human-t3
0.09982033528221099,penumbra_standard:t3,-12.181537389983355,-10.482027022589719,,221,human,,,,large,penumbra_standard,False,-0.5245522053391483,bias_corrected,small,-0.47392607081758875,0.05062613452155951,size-penumbra_standard-human-C200-S181-to221-large_to_small-mnear_boundary-d0p1-t3,True,near_boundary,google/gemma-3-4b-pt,google_gemma_3_4b_pt,lower_standard_increases_bigness,standard_span,stated_standard,True,standard_straddle,small,1,,,-12.655463460800943,-10.43140088806816,base,-2.224062572732784,181,200,penumbra-standard-C200-D0p1-human-t3
0.09984533496971613,penumbra_standard:t3,-12.181537389983355,-10.482027022589719,,221,human,,,,small,penumbra_standard,False,-0.018317550972053454,bias_corrected,large,-1.0697809394737217,-1.0880984904457751,size-penumbra_standard-human-C200-S181-to221-large_to_small-mnear_boundary-d0p1-t3,True,near_boundary,google/gemma-3-4b-pt,google_gemma_3_4b_pt,lower_standard_increases_bigness,standard_span,stated_standard,True,standard_straddle,small,1,,,-13.251318329457076,-11.570125513035494,cf,1.6811928164215821,181,200,penumbra-standard-C200-D0p1-human-t3
0.14842000511827333,penumbra_standard:t3,-12.181537389983355,-10.482027022589719,,172,human,,,,small,penumbra_standard,False,-0.518995858974165,bias_corrected,large,-0.8501545127769443,-1.3691503717511093,size-penumbra_standard-human-C200-S232-to172-small_to_large-mnear_boundary-d0p15-t3,True,near_boundary,google/gemma-3-4b-pt,google_gemma_3_4b_pt,lower_standard_increases_bigness,standard_span,stated_standard,True,standard_straddle,small,-1,,,-13.031691902760299,-11.851177394340828,base,1.1805145084194706,232,200,penumbra-standard-C200-D0p15-human-t3
0.1508228897345837,penumbra_standard:t3,-12.181537389983355,-10.482027022589719,,172,human,,,,large,penumbra_standard,False,-0.34381504824804665,bias_corrected,small,-0.6645398174606552,-0.3207247692126085,size-penumbra_standard-human-C200-S232-to172-small_to_large-mnear_boundary-d0p15-t3,True,near_boundary,google/gemma-3-4b-pt,google_gemma_3_4b_pt,lower_standard_increases_bigness,standard_span,stated_standard,True,standard_straddle,small,-1,,,-12.84607720744401,-10.802751791802327,cf,-2.0433254156416822,232,200,penumbra-standard-C200-D0p15-human-t3
0.1508228897345837,penumbra_standard:t3,-12.181537389983355,-10.482027022589719,,232,human,,,,large,penumbra_standard,False,-0.34381504824804665,bias_corrected,small,-0.6645398174606552,-0.3207247692126085,size-penumbra_standard-human-C200-S172-to232-large_to_small-mshoulder-d0p15-t3,True,shoulder,google/gemma-3-4b-pt,google_gemma_3_4b_pt,lower_standard_increases_bigness,standard_span,stated_standard,True,standard_straddle,small,1,,,-12.84607720744401,-10.802751791802327,base,-2.0433254156416822,172,200,penumbra-standard-C200-D0p15-human-t3
0.14842000511827333,penumbra_standard:t3,-12.181537389983355,-10.482027022589719,,232,human,,,,small,penumbra_standard,False,-0.518995858974165,bias_corrected,large,-0.8501545127769443,-1.3691503717511093,size-penumbra_standard-human-C200-S172-to232-large_to_small-mshoulder-d0p15-t3,True,shoulder,google/gemma-3-4b-pt,google_gemma_3_4b_pt,lower_standard_increases_bigness,standard_span,stated_standard,True,standard_straddle,small,1,,,-13.031691902760299,-11.851177394340828,cf,1.1805145084194706,172,200,penumbra-standard-C200-D0p15-human-t3
0.30010459245033816,penumbra_standard:t3,-12.181537389983355,-10.482027022589719,,148,human,,,,small,penumbra_standard,True,-0.02194183983821496,bias_corrected,large,-0.8872776317411653,-0.9092194715793802,size-penumbra_standard-human-C200-S270-to148-small_to_large-mshoulder-d0p3-t3,False,shoulder,google/gemma-3-4b-pt,google_gemma_3_4b_pt,lower_standard_increases_bigness,standard_span,stated_standard,False,standard_straddle,small,-1,,base_gate_pred_large_expected_small,-13.06881502172452,-11.3912464941691,base,1.6775685275554206,270,200,penumbra-standard-C200-D0p3-human-t3
0.3011050927839216,penumbra_standard:t3,-12.181537389983355,-10.482027022589719,,148,human,,,,large,penumbra_standard,True,0.15501431181997738,bias_corrected,large,-0.8828760868899579,-1.0378903987099353,size-penumbra_standard-human-C200-S270-to148-small_to_large-mshoulder-d0p3-t3,False,shoulder,google/gemma-3-4b-pt,google_gemma_3_4b_pt,lower_standard_increases_bigness,standard_span,stated_standard,False,standard_straddle,small,-1,,base_gate_pred_large_expected_small,-13.064413476873312,-11.519917421299654,cf,-1.5444960555736582,270,200,penumbra-standard-C200-D0p3-human-t3
0.3011050927839216,penumbra_standard:t3,-12.181537389983355,-10.482027022589719,,270,human,,,,large,penumbra_standard,True,0.15501431181997738,bias_corrected,large,-0.8828760868899579,-1.0378903987099353,size-penumbra_standard-human-C200-S148-to270-large_to_small-mshoulder-d0p3-t3,False,shoulder,google/gemma-3-4b-pt,google_gemma_3_4b_pt,lower_standard_increases_bigness,standard_span,stated_standard,False,standard_straddle,small,1,,cf_gate_pred_large_expected_small,-13.064413476873312,-11.519917421299654,base,-1.5444960555736582,148,200,penumbra-standard-C200-D0p3-human-t3
0.30010459245033816,penumbra_standard:t3,-12.181537389983355,-10.482027022589719,,270,human,,,,small,penumbra_standard,True,-0.02194183983821496,bias_corrected,large,-0.8872776317411653,-0.9092194715793802,size-penumbra_standard-human-C200-S148-to270-large_to_small-mshoulder-d0p3-t3,False,shoulder,google/gemma-3-4b-pt,google_gemma_3_4b_pt,lower_standard_increases_bigness,standard_span,stated_standard,False,standard_straddle,small,1,,cf_gate_pred_large_expected_small,-13.06881502172452,-11.3912464941691,cf,1.6775685275554206,148,200,penumbra-standard-C200-D0p3-human-t3
0.5007752879124893,penumbra_standard:t3,-12.181537389983355,-10.482027022589719,,121,human,,,,small,penumbra_standard,True,-0.5978439745765805,bias_corrected,large,0.32006692539823156,-0.2777770491783489,size-penumbra_standard-human-C200-S330-to121-small_to_large-mclear-d0p5-t3,False,clear,google/gemma-3-4b-pt,google_gemma_3_4b_pt,lower_standard_increases_bigness,standard_span,stated_standard,False,standard_straddle,small,-1,,base_gate_pred_large_expected_small;cf_gate_pred_small_expected_large,-11.861470464585123,-10.759804071768068,base,1.1016663928170551,330,200,penumbra-standard-C200-D0p5-human-t3
0.5025268209512956,penumbra_standard:t3,-12.181537389983355,-10.482027022589719,,121,human,,,,large,penumbra_standard,True,-0.8271784047563742,bias_corrected,small,-0.8063999230018126,0.02077848175456154,size-penumbra_standard-human-C200-S330-to121-small_to_large-mclear-d0p5-t3,False,clear,google/gemma-3-4b-pt,google_gemma_3_4b_pt,lower_standard_increases_bigness,standard_span,stated_standard,False,standard_straddle,small,-1,,base_gate_pred_large_expected_small;cf_gate_pred_small_expected_large,-12.987937312985167,-10.461248540835157,cf,-2.5266887721500098,330,200,penumbra-standard-C200-D0p5-human-t3
0.5025268209512956,penumbra_standard:t3,-12.181537389983355,-10.482027022589719,,330,human,,,,large,penumbra_standard,True,-0.8271784047563742,bias_corrected,small,-0.8063999230018126,0.02077848175456154,size-penumbra_standard-human-C200-S121-to330-large_to_small-mclear-d0p5-t3,False,clear,google/gemma-3-4b-pt,google_gemma_3_4b_pt,lower_standard_increases_bigness,standard_span,stated_standard,False,standard_straddle,small,1,,base_gate_pred_small_expected_large;cf_gate_pred_large_expected_small,-12.987937312985167,-10.461248540835157,base,-2.5266887721500098,121,200,penumbra-standard-C200-D0p5-human-t3
0.5007752879124893,penumbra_standard:t3,-12.181537389983355,-10.482027022589719,,330,human,,,,small,penumbra_standard,True,-0.5978439745765805,bias_corrected,large,0.32006692539823156,-0.2777770491783489,size-penumbra_standard-human-C200-S121-to330-large_to_small-mclear-d0p5-t3,False,clear,google/gemma-3-4b-pt,google_gemma_3_4b_pt,lower_standard_increases_bigness,standard_span,stated_standard,False,standard_straddle,small,1,,base_gate_pred_small_expected_large;cf_gate_pred_large_expected_small,-11.861470464585123,-10.759804071768068,cf,1.1016663928170551,121,200,penumbra-standard-C200-D0p5-human-t3
0.019802627296179754,penumbra_standard:t3,-12.181537389983355,-10.482027022589719,,490,human,,,,small,penumbra_standard,False,0.6064403342414195,bias_corrected,small,-1.2487697668367996,-0.6423294325953801,size-penumbra_standard-human-C500-S510-to490-small_to_large-mborderline-d0p02-t3,True,borderline,google/gemma-3-4b-pt,google_gemma_3_4b_pt,lower_standard_increases_bigness,standard_span,stated_standard,True,standard_straddle,small,-1,,,-13.430307156820154,-11.124356455185099,base,2.305950701635055,510,500,penumbra-standard-C500-D0p02-human-t3
0.02020270731751947,penumbra_standard:t3,-12.181537389983355,-10.482027022589719,,490,human,,,,large,penumbra_standard,False,0.3758492431520821,bias_corrected,large,-0.2726813257703249,-0.648530568922407,size-penumbra_standard-human-C500-S510-to490-small_to_large-mborderline-d0p02-t3,True,borderline,google/gemma-3-4b-pt,google_gemma_3_4b_pt,lower_standard_increases_bigness,standard_span,stated_standard,True,standard_straddle,small,-1,,,-12.45421871575368,-11.130557591512126,cf,-1.3236611242415535,510,500,penumbra-standard-C500-D0p02-human-t3
0.02020270731751947,penumbra_standard:t3,-12.181537389983355,-10.482027022589719,,510,human,,,,large,penumbra_standard,False,0.3758492431520821,bias_corrected,large,-0.2726813257703249,-0.648530568922407,size-penumbra_standard-human-C500-S490-to510-large_to_small-mborderline-d0p02-t3,True,borderline,google/gemma-3-4b-pt,google_gemma_3_4b_pt,lower_standard_increases_bigness,standard_span,stated_standard,True,standard_straddle,small,1,,,-12.45421871575368,-11.130557591512126,base,-1.3236611242415535,490,500,penumbra-standard-C500-D0p02-human-t3
0.019802627296179754,penumbra_standard:t3,-12.181537389983355,-10.482027022589719,,510,human,,,,small,penumbra_standard,False,0.6064403342414195,bias_corrected,small,-1.2487697668367996,-0.6423294325953801,size-penumbra_standard-human-C500-S490-to510-large_to_small-mborderline-d0p02-t3,True,borderline,google/gemma-3-4b-pt,google_gemma_3_4b_pt,lower_standard_increases_bigness,standard_span,stated_standard,True,standard_straddle,small,1,,,-13.430307156820154,-11.124356455185099,cf,2.305950701635055,490,500,penumbra-standard-C500-D0p02-human-t3
0.050693114315518095,penumbra_standard:t3,-12.181537389983355,-10.482027022589719,,476,human,,,,small,penumbra_standard,False,0.41882558098027545,bias_corrected,small,-0.6644848141336741,-0.24565923315339866,size-penumbra_standard-human-C500-S526-to476-small_to_large-mborderline-d0p05-t3,True,borderline,google/gemma-3-4b-pt,google_gemma_3_4b_pt,lower_standard_increases_bigness,standard_span,stated_standard,True,standard_straddle,small,-1,,,-12.846022204117029,-10.727686255743118,base,2.118335948373911,526,500,penumbra-standard-C500-D0p05-human-t3
0.04919024419077178,penumbra_standard:t3,-12.181537389983355,-10.482027022589719,,476,human,,,,large,penumbra_standard,False,0.23728185305710525,bias_corrected,large,-0.3866931750425735,-0.6239750280996788,size-penumbra_standard-human-C500-S526-to476-small_to_large-mborderline-d0p05-t3,True,borderline,google/gemma-3-4b-pt,google_gemma_3_4b_pt,lower_standard_increases_bigness,standard_span,stated_standard,True,standard_straddle,small,-1,,,-12.568230565025928,-11.106002050689398,cf,-1.4622285143365303,526,500,penumbra-standard-C500-D0p05-human-t3
0.04919024419077178,penumbra_standard:t3,-12.181537389983355,-10.482027022589719,,526,human,,,,large,penumbra_standard,False,0.23728185305710525,bias_corrected,large,-0.3866931750425735,-0.6239750280996788,size-penumbra_standard-human-C500-S476-to526-large_to_small-mborderline-d0p05-t3,True,borderline,google/gemma-3-4b-pt,google_gemma_3_4b_pt,lower_standard_increases_bigness,standard_span,stated_standard,True,standard_straddle,small,1,,,-12.568230565025928,-11.106002050689398,base,-1.4622285143365303,476,500,penumbra-standard-C500-D0p05-human-t3
0.050693114315518095,penumbra_standard:t3,-12.181537389983355,-10.482027022589719,,526,human,,,,small,penumbra_standard,False,0.41882558098027545,bias_corrected,small,-0.6644848141336741,-0.24565923315339866,size-penumbra_standard-human-C500-S476-to526-large_to_small-mborderline-d0p05-t3,True,borderline,google/gemma-3-4b-pt,google_gemma_3_4b_pt,lower_standard_increases_bigness,standard_span,stated_standard,True,standard_straddle,small,1,,,-12.846022204117029,-10.727686255743118,cf,2.118335948373911,476,500,penumbra-standard-C500-D0p05-human-t3
0.10074990310014302,penumbra_standard:t3,-12.181537389983355,-10.482027022589719,,452,human,,,,small,penumbra_standard,False,0.15649670890895528,bias_corrected,small,-0.5438542170767171,-0.3873575081677618,size-penumbra_standard-human-C500-S553-to452-small_to_large-mnear_boundary-d0p1-t3,True,near_boundary,google/gemma-3-4b-pt,google_gemma_3_4b_pt,lower_standard_increases_bigness,standard_span,stated_standard,True,standard_straddle,small,-1,,,-12.725391607060072,-10.86938453075748,base,1.8560070763025909,553,500,penumbra-standard-C500-D0p1-human-t3
0.1009259185899605,penumbra_standard:t3,-12.181537389983355,-10.482027022589719,,452,human,,,,large,penumbra_standard,False,-0.26779505241373336,bias_corrected,small,-0.08045903856966596,0.1873360138440674,size-penumbra_standard-human-C500-S553-to452-small_to_large-mnear_boundary-d0p1-t3,True,near_boundary,google/gemma-3-4b-pt,google_gemma_3_4b_pt,lower_standard_increases_bigness,standard_span,stated_standard,True,standard_straddle,small,-1,,,-12.26199642855302,-10.294691008745652,cf,-1.967305419807369,553,500,penumbra-standard-C500-D0p1-human-t3
0.1009259185899605,penumbra_standard:t3,-12.181537389983355,-10.482027022589719,,553,human,,,,large,penumbra_standard,False,-0.26779505241373336,bias_corrected,small,-0.08045903856966596,0.1873360138440674,size-penumbra_standard-human-C500-S452-to553-large_to_small-mnear_boundary-d0p1-t3,True,near_boundary,google/gemma-3-4b-pt,google_gemma_3_4b_pt,lower_standard_increases_bigness,standard_span,stated_standard,True,standard_straddle,small,1,,,-12.26199642855302,-10.294691008745652,base,-1.967305419807369,452,500,penumbra-standard-C500-D0p1-human-t3
0.10074990310014302,penumbra_standard:t3,-12.181537389983355,-10.482027022589719,,553,human,,,,small,penumbra_standard,False,0.15649670890895528,bias_corrected,small,-0.5438542170767171,-0.3873575081677618,size-penumbra_standard-human-C500-S452-to553-large_to_small-mnear_boundary-d0p1-t3,True,near_boundary,google/gemma-3-4b-pt,google_gemma_3_4b_pt,lower_standard_increases_bigness,standard_span,stated_standard,True,standard_straddle,small,1,,,-12.725391607060072,-10.86938453075748,cf,1.8560070763025909,452,500,penumbra-standard-C500-D0p1-human-t3
0.019802627296179754,penumbra_standard:t3,-12.181537389983355,-10.482027022589719,,49,elephant,,,,small,penumbra_standard,False,1.3606766582533414,bias_corrected,small,-2.219278791813613,-0.8586021335602716,size-penumbra_standard-elephant-C50-S51-to49-small_to_large-mborderline-d0p02-t3,True,borderline,google/gemma-3-4b-pt,google_gemma_3_4b_pt,lower_standard_increases_bigness,standard_span,stated_standard,True,standard_straddle,small,-1,,,-14.400816181796968,-11.34062915614999,base,3.060187025646977,51,50,penumbra-standard-C50-D0p02-elephant-t3
0.02020270731751947,penumbra_standard:t3,-12.181537389983355,-10.482027022589719,,49,elephant,,,,large,penumbra_standard,False,0.6678701795002127,bias_corrected,large,0.007319887756239041,-0.6605502917439736,size-penumbra_standard-elephant-C50-S51-to49-small_to_large-mborderline-d0p02-t3,True,borderline,google/gemma-3-4b-pt,google_gemma_3_4b_pt,lower_standard_increases_bigness,standard_span,stated_standard,True,standard_straddle,small,-1,,,-12.174217502227116,-11.142577314333693,cf,-1.031640187893423,51,50,penumbra-standard-C50-D0p02-elephant-t3
0.02020270731751947,penumbra_standard:t3,-12.181537389983355,-10.482027022589719,,51,elephant,,,,large,penumbra_standard,False,0.6678701795002127,bias_corrected,large,0.007319887756239041,-0.6605502917439736,size-penumbra_standard-elephant-C50-S49-to51-large_to_small-mborderline-d0p02-t3,True,borderline,google/gemma-3-4b-pt,google_gemma_3_4b_pt,lower_standard_increases_bigness,standard_span,stated_standard,True,standard_straddle,small,1,,,-12.174217502227116,-11.142577314333693,base,-1.031640187893423,49,50,penumbra-standard-C50-D0p02-elephant-t3
0.019802627296179754,penumbra_standard:t3,-12.181537389983355,-10.482027022589719,,51,elephant,,,,small,penumbra_standard,False,1.3606766582533414,bias_corrected,small,-2.219278791813613,-0.8586021335602716,size-penumbra_standard-elephant-C50-S49-to51-large_to_small-mborderline-d0p02-t3,True,borderline,google/gemma-3-4b-pt,google_gemma_3_4b_pt,lower_standard_increases_bigness,standard_span,stated_standard,True,standard_straddle,small,1,,,-14.400816181796968,-11.34062915614999,cf,3.060187025646977,49,50,penumbra-standard-C50-D0p02-elephant-t3
0.05826890812397576,penumbra_standard:t3,-12.181537389983355,-10.482027022589719,,48,elephant,,,,small,penumbra_standard,False,0.9185834441198839,bias_corrected,small,-0.012732514333823275,0.9058509297860606,size-penumbra_standard-elephant-C50-S53-to48-small_to_large-mborderline-d0p05-t3,True,borderline,google/gemma-3-4b-pt,google_gemma_3_4b_pt,lower_standard_increases_bigness,standard_span,stated_standard,True,standard_straddle,small,-1,,,-12.194269904317178,-9.576176092803658,base,2.6180938115135195,53,50,penumbra-standard-C50-D0p05-elephant-t3
0.0408219945202552,penumbra_standard:t3,-12.181537389983355,-10.482027022589719,,48,elephant,,,,large,penumbra_standard,False,0.13637736330077566,bias_corrected,large,-1.1671237362502023,-1.303501099550978,size-penumbra_standard-elephant-C50-S53-to48-small_to_large-mborderline-d0p05-t3,True,borderline,google/gemma-3-4b-pt,google_gemma_3_4b_pt,lower_standard_increases_bigness,standard_span,stated_standard,True,standard_straddle,small,-1,,,-13.348661126233557,-11.785528122140697,cf,-1.56313300409286,53,50,penumbra-standard-C50-D0p05-elephant-t3
0.0408219945202552,penumbra_standard:t3,-12.181537389983355,-10.482027022589719,,53,elephant,,,,large,penumbra_standard,False,0.13637736330077566,bias_corrected,large,-1.1671237362502023,-1.303501099550978,size-penumbra_standard-elephant-C50-S48-to53-large_to_small-mborderline-d0p05-t3,True,borderline,google/gemma-3-4b-pt,google_gemma_3_4b_pt,lower_standard_increases_bigness,standard_span,stated_standard,True,standard_straddle,small,1,,,-13.348661126233557,-11.785528122140697,base,-1.56313300409286,48,50,penumbra-standard-C50-D0p05-elephant-t3
0.05826890812397576,penumbra_standard:t3,-12.181537389983355,-10.482027022589719,,53,elephant,,,,small,penumbra_standard,False,0.9185834441198839,bias_corrected,small,-0.012732514333823275,0.9058509297860606,size-penumbra_standard-elephant-C50-S48-to53-large_to_small-mborderline-d0p05-t3,True,borderline,google/gemma-3-4b-pt,google_gemma_3_4b_pt,lower_standard_increases_bigness,standard_span,stated_standard,True,standard_straddle,small,1,,,-12.194269904317178,-9.576176092803658,cf,2.6180938115135195,48,50,penumbra-standard-C50-D0p05-elephant-t3
0.0953101798043249,penumbra_standard:t3,-12.181537389983355,-10.482027022589719,,45,elephant,,,,small,penumbra_standard,False,0.280104262296609,bias_corrected,small,-0.19459472990160087,0.08550953239500814,size-penumbra_standard-elephant-C50-S55-to45-small_to_large-mnear_boundary-d0p1-t3,True,near_boundary,google/gemma-3-4b-pt,google_gemma_3_4b_pt,lower_standard_increases_bigness,standard_span,stated_standard,True,standard_straddle,small,-1,,,-12.376132119884955,-10.39651749019471,base,1.9796146296902446,55,50,penumbra-standard-C50-D0p1-elephant-t3
0.10536051565782635,penumbra_standard:t3,-12.181537389983355,-10.482027022589719,,45,elephant,,,,large,penumbra_standard,False,-0.23726047843745945,bias_corrected,small,-1.9730459267249572,-1.7357854482874977,size-penumbra_standard-elephant-C50-S55-to45-small_to_large-mnear_boundary-d0p1-t3,True,near_boundary,google/gemma-3-4b-pt,google_gemma_3_4b_pt,lower_standard_increases_bigness,standard_span,stated_standard,True,standard_straddle,small,-1,,,-14.154583316708312,-12.217812470877217,cf,-1.936770845831095,55,50,penumbra-standard-C50-D0p1-elephant-t3
0.10536051565782635,penumbra_standard:t3,-12.181537389983355,-10.482027022589719,,55,elephant,,,,large,penumbra_standard,False,-0.23726047843745945,bias_corrected,small,-1.9730459267249572,-1.7357854482874977,size-penumbra_standard-elephant-C50-S45-to55-large_to_small-mnear_boundary-d0p1-t3,True,near_boundary,google/gemma-3-4b-pt,google_gemma_3_4b_pt,lower_standard_increases_bigness,standard_span,stated_standard,True,standard_straddle,small,1,,,-14.154583316708312,-12.217812470877217,base,-1.936770845831095,45,50,penumbra-standard-C50-D0p1-elephant-t3
0.0953101798043249,penumbra_standard:t3,-12.181537389983355,-10.482027022589719,,55,elephant,,,,small,penumbra_standard,False,0.280104262296609,bias_corrected,small,-0.19459472990160087,0.08550953239500814,size-penumbra_standard-elephant-C50-S45-to55-large_to_small-mnear_boundary-d0p1-t3,True,near_boundary,google/gemma-3-4b-pt,google_gemma_3_4b_pt,lower_standard_increases_bigness,standard_span,stated_standard,True,standard_straddle,small,1,,,-12.376132119884955,-10.39651749019471,cf,1.9796146296902446,45,50,penumbra-standard-C50-D0p1-elephant-t3
0.14842000511827333,penumbra_standard:t3,-12.181537389983355,-10.482027022589719,,43,elephant,,,,small,penumbra_standard,False,0.7738156448516307,bias_corrected,small,-0.5717279174971246,0.20208772735450609,size-penumbra_standard-elephant-C50-S58-to43-small_to_large-mnear_boundary-d0p15-t3,True,near_boundary,google/gemma-3-4b-pt,google_gemma_3_4b_pt,lower_standard_increases_bigness,standard_span,stated_standard,True,standard_straddle,small,-1,,,-12.75326530748048,-10.279939295235213,base,2.4733260122452663,58,50,penumbra-standard-C50-D0p15-elephant-t3
0.1508228897345837,penumbra_standard:t3,-12.181537389983355,-10.482027022589719,,43,elephant,,,,large,penumbra_standard,False,-0.2540820414794247,bias_corrected,small,-0.47398455272613127,-0.21990251124670657,size-penumbra_standard-elephant-C50-S58-to43-small_to_large-mnear_boundary-d0p15-t3,True,near_boundary,google/gemma-3-4b-pt,google_gemma_3_4b_pt,lower_standard_increases_bigness,standard_span,stated_standard,True,standard_straddle,small,-1,,,-12.655521942709486,-10.701929533836426,cf,-1.9535924088730603,58,50,penumbra-standard-C50-D0p15-elephant-t3
0.1508228897345837,penumbra_standard:t3,-12.181537389983355,-10.482027022589719,,58,elephant,,,,large,penumbra_standard,False,-0.2540820414794247,bias_corrected,small,-0.47398455272613127,-0.21990251124670657,size-penumbra_standard-elephant-C50-S43-to58-large_to_small-mshoulder-d0p15-t3,True,shoulder,google/gemma-3-4b-pt,google_gemma_3_4b_pt,lower_standard_increases_bigness,standard_span,stated_standard,True,standard_straddle,small,1,,,-12.655521942709486,-10.701929533836426,base,-1.9535924088730603,43,50,penumbra-standard-C50-D0p15-elephant-t3
0.14842000511827333,penumbra_standard:t3,-12.181537389983355,-10.482027022589719,,58,elephant,,,,small,penumbra_standard,False,0.7738156448516307,bias_corrected,small,-0.5717279174971246,0.20208772735450609,size-penumbra_standard-elephant-C50-S43-to58-large_to_small-mshoulder-d0p15-t3,True,shoulder,google/gemma-3-4b-pt,google_gemma_3_4b_pt,lower_standard_increases_bigness,standard_span,stated_standard,True,standard_straddle,small,1,,,-12.75326530748048,-10.279939295235213,cf,2.4733260122452663,43,50,penumbra-standard-C50-D0p15-elephant-t3
0.29266961396281993,penumbra_standard:t3,-12.181537389983355,-10.482027022589719,,37,elephant,,,,small,penumbra_standard,True,0.8887579183744752,bias_corrected,small,-0.8867341936714332,0.002023724703041907,size-penumbra_standard-elephant-C50-S67-to37-small_to_large-mshoulder-d0p3-t3,False,shoulder,google/gemma-3-4b-pt,google_gemma_3_4b_pt,lower_standard_increases_bigness,standard_span,stated_standard,False,standard_straddle,small,-1,,cf_gate_pred_small_expected_large,-13.068271583654788,-10.480003297886677,base,2.5882682857681107,67,50,penumbra-standard-C50-D0p3-elephant-t3
0.3011050927839216,penumbra_standard:t3,-12.181537389983355,-10.482027022589719,,37,elephant,,,,large,penumbra_standard,True,-0.48144030540259486,bias_corrected,small,-1.2665245488270358,-0.7850842434244409,size-penumbra_standard-elephant-C50-S67-to37-small_to_large-mshoulder-d0p3-t3,False,shoulder,google/gemma-3-4b-pt,google_gemma_3_4b_pt,lower_standard_increases_bigness,standard_span,stated_standard,False,standard_straddle,small,-1,,cf_gate_pred_small_expected_large,-13.44806193881039,-11.26711126601416,cf,-2.1809506727962304,67,50,penumbra-standard-C50-D0p3-elephant-t3
0.3011050927839216,penumbra_standard:t3,-12.181537389983355,-10.482027022589719,,67,elephant,,,,large,penumbra_standard,True,-0.48144030540259486,bias_corrected,small,-1.2665245488270358,-0.7850842434244409,size-penumbra_standard-elephant-C50-S37-to67-large_to_small-mshoulder-d0p3-t3,False,shoulder,google/gemma-3-4b-pt,google_gemma_3_4b_pt,lower_standard_increases_bigness,standard_span,stated_standard,False,standard_straddle,small,1,,base_gate_pred_small_expected_large,-13.44806193881039,-11.26711126601416,base,-2.1809506727962304,37,50,penumbra-standard-C50-D0p3-elephant-t3
0.29266961396281993,penumbra_standard:t3,-12.181537389983355,-10.482027022589719,,67,elephant,,,,small,penumbra_standard,True,0.8887579183744752,bias_corrected,small,-0.8867341936714332,0.002023724703041907,size-penumbra_standard-elephant-C50-S37-to67-large_to_small-mshoulder-d0p3-t3,False,shoulder,google/gemma-3-4b-pt,google_gemma_3_4b_pt,lower_standard_increases_bigness,standard_span,stated_standard,False,standard_straddle,small,1,,base_gate_pred_small_expected_large,-13.068271583654788,-10.480003297886677,cf,2.5882682857681107,37,50,penumbra-standard-C50-D0p3-elephant-t3
0.49469624183610705,penumbra_standard:t3,-12.181537389983355,-10.482027022589719,,30,elephant,,,,small,penumbra_standard,True,0.3136316934119421,bias_corrected,small,0.1976393874585689,0.511271080870511,size-penumbra_standard-elephant-C50-S82-to30-small_to_large-mclear-d0p5-t3,False,clear,google/gemma-3-4b-pt,google_gemma_3_4b_pt,lower_standard_increases_bigness,standard_span,stated_standard,False,standard_straddle,small,-1,,cf_gate_pred_small_expected_large,-11.983898002524786,-9.970755941719208,base,2.0131420608055777,82,50,penumbra-standard-C50-D0p5-elephant-t3
0.5108256237659907,penumbra_standard:t3,-12.181537389983355,-10.482027022589719,,30,elephant,,,,large,penumbra_standard,True,-0.36859522247310395,bias_corrected,small,-0.9355364047594268,-0.5669411822863228,size-penumbra_standard-elephant-C50-S82-to30-small_to_large-mclear-d0p5-t3,False,clear,google/gemma-3-4b-pt,google_gemma_3_4b_pt,lower_standard_increases_bigness,standard_span,stated_standard,False,standard_straddle,small,-1,,cf_gate_pred_small_expected_large,-13.117073794742781,-11.048968204876042,cf,-2.0681055898667395,82,50,penumbra-standard-C50-D0p5-elephant-t3
0.5108256237659907,penumbra_standard:t3,-12.181537389983355,-10.482027022589719,,82,elephant,,,,large,penumbra_standard,True,-0.36859522247310395,bias_corrected,small,-0.9355364047594268,-0.5669411822863228,size-penumbra_standard-elephant-C50-S30-to82-large_to_small-mclear-d0p5-t3,False,clear,google/gemma-3-4b-pt,google_gemma_3_4b_pt,lower_standard_increases_bigness,standard_span,stated_standard,False,standard_straddle,small,1,,base_gate_pred_small_expected_large,-13.117073794742781,-11.048968204876042,base,-2.0681055898667395,30,50,penumbra-standard-C50-D0p5-elephant-t3
0.49469624183610705,penumbra_standard:t3,-12.181537389983355,-10.482027022589719,,82,elephant,,,,small,penumbra_standard,True,0.3136316934119421,bias_corrected,small,0.1976393874585689,0.511271080870511,size-penumbra_standard-elephant-C50-S30-to82-large_to_small-mclear-d0p5-t3,False,clear,google/gemma-3-4b-pt,google_gemma_3_4b_pt,lower_standard_increases_bigness,standard_span,stated_standard,False,standard_straddle,small,1,,base_gate_pred_small_expected_large,-11.983898002524786,-9.970755941719208,cf,2.0131420608055777,30,50,penumbra-standard-C50-D0p5-elephant-t3
0.019802627296179754,penumbra_standard:t3,-12.181537389983355,-10.482027022589719,,196,elephant,,,,small,penumbra_standard,False,-0.973576650314202,bias_corrected,large,-0.2208792419870047,-1.1944558923012067,size-penumbra_standard-elephant-C200-S204-to196-small_to_large-mborderline-d0p02-t3,True,borderline,google/gemma-3-4b-pt,google_gemma_3_4b_pt,lower_standard_increases_bigness,standard_span,stated_standard,True,standard_straddle,small,-1,,,-12.40241663197036,-11.676482914890926,base,0.7259337170794335,204,200,penumbra-standard-C200-D0p02-elephant-t3
0.02020270731751947,penumbra_standard:t3,-12.181537389983355,-10.482027022589719,,196,elephant,,,,large,penumbra_standard,False,0.408604092344234,bias_corrected,large,0.28948934100511536,-0.11911475133911864,size-penumbra_standard-elephant-C200-S204-to196-small_to_large-mborderline-d0p02-t3,True,borderline,google/gemma-3-4b-pt,google_gemma_3_4b_pt,lower_standard_increases_bigness,standard_span,stated_standard,True,standard_straddle,small,-1,,,-11.89204804897824,-10.601141773928838,cf,-1.2909062750494016,204,200,penumbra-standard-C200-D0p02-elephant-t3
0.02020270731751947,penumbra_standard:t3,-12.181537389983355,-10.482027022589719,,204,elephant,,,,large,penumbra_standard,False,0.408604092344234,bias_corrected,large,0.28948934100511536,-0.11911475133911864,size-penumbra_standard-elephant-C200-S196-to204-large_to_small-mborderline-d0p02-t3,True,borderline,google/gemma-3-4b-pt,google_gemma_3_4b_pt,lower_standard_increases_bigness,standard_span,stated_standard,True,standard_straddle,small,1,,,-11.89204804897824,-10.601141773928838,base,-1.2909062750494016,196,200,penumbra-standard-C200-D0p02-elephant-t3
0.019802627296179754,penumbra_standard:t3,-12.181537389983355,-10.482027022589719,,204,elephant,,,,small,penumbra_standard,False,-0.973576650314202,bias_corrected,large,-0.2208792419870047,-1.1944558923012067,size-penumbra_standard-elephant-C200-S196-to204-large_to_small-mborderline-d0p02-t3,True,borderline,google/gemma-3-4b-pt,google_gemma_3_4b_pt,lower_standard_increases_bigness,standard_span,stated_standard,True,standard_straddle,small,1,,,-12.40241663197036,-11.676482914890926,cf,0.7259337170794335,196,200,penumbra-standard-C200-D0p02-elephant-t3
0.048790164169432056,penumbra_standard:t3,-12.181537389983355,-10.482027022589719,,190,elephant,,,,small,penumbra_standard,False,-0.7013761510675369,bias_corrected,large,-0.7584050438735126,-1.4597811949410495,size-penumbra_standard-elephant-C200-S210-to190-small_to_large-mborderline-d0p05-t3,True,borderline,google/gemma-3-4b-pt,google_gemma_3_4b_pt,lower_standard_increases_bigness,standard_span,stated_standard,True,standard_straddle,small,-1,,,-12.939942433856867,-11.941808217530768,base,0.9981342163260987,210,200,penumbra-standard-C200-D0p05-elephant-t3
0.05129329438755048,penumbra_standard:t3,-12.181537389983355,-10.482027022589719,,190,elephant,,,,large,penumbra_standard,False,0.2744516268474939,bias_corrected,large,0.016796010437213127,-0.2576556164102808,size-penumbra_standard-elephant-C200-S210-to190-small_to_large-mborderline-d0p05-t3,True,borderline,google/gemma-3-4b-pt,google_gemma_3_4b_pt,lower_standard_increases_bigness,standard_span,stated_standard,True,standard_straddle,small,-1,,,-12.164741379546141,-10.739682639,cf,-1.4250587405461417,210,200,penumbra-standard-C200-D0p05-elephant-t3
0.05129329438755048,penumbra_standard:t3,-12.181537389983355,-10.482027022589719,,210,elephant,,,,large,penumbra_standard,False,0.2744516268474939,bias_corrected,large,0.016796010437213127,-0.2576556164102808,size-penumbra_standard-elephant-C200-S190-to210-large_to_small-mborderline-d0p05-t3,True,borderline,google/gemma-3-4b-pt,google_gemma_3_4b_pt,lower_standard_increases_bigness,standard_span,stated_standard,True,standard_straddle,small,1,,,-12.164741379546141,-10.739682639,base,-1.4250587405461417,190,200,penumbra-standard-C200-D0p05-elephant-t3
0.048790164169432056,penumbra_standard:t3,-12.181537389983355,-10.482027022589719,,210,elephant,,,,small,penumbra_standard,False,-0.7013761510675369,bias_corrected,large,-0.7584050438735126,-1.4597811949410495,size-penumbra_standard-elephant-C200-S190-to210-large_to_small-mborderline-d0p05-t3,True,borderline,google/gemma-3-4b-pt,google_gemma_3_4b_pt,lower_standard_increases_bigness,standard_span,stated_standard,True,standard_straddle,small,1,,,-12.939942433856867,-11.941808217530768,cf,0.9981342163260987,190,200,penumbra-standard-C200-D0p05-elephant-t3
0.09984533496971613,penumbra_standard:t3,-12.181537389983355,-10.482027022589719,,181,elephant,,,,small,penumbra_standard,False,-0.581376016049262,bias_corrected,large,-0.04968380480848111,-0.6310598208577431,size-penumbra_standard-elephant-C200-S221-to181-small_to_large-mnear_boundary-d0p1-t3,True,near_boundary,google/gemma-3-4b-pt,google_gemma_3_4b_pt,lower_standard_increases_bigness,standard_span,stated_standard,True,standard_straddle,small,-1,,,-12.231221194791836,-11.113086843447462,base,1.1181343513443736,221,200,penumbra-standard-C200-D0p1-elephant-t3
0.09982033528221099,penumbra_standard:t3,-12.181537389983355,-10.482027022589719,,181,elephant,,,,large,penumbra_standard,False,0.370354248830445,bias_corrected,large,-0.14149381063314692,-0.5118480594635919,size-penumbra_standard-elephant-C200-S221-to181-small_to_large-mnear_boundary-d0p1-t3,True,near_boundary,google/gemma-3-4b-pt,google_gemma_3_4b_pt,lower_standard_increases_bigness,standard_span,stated_standard,True,standard_straddle,small,-1,,,-12.323031200616501,-10.99387508205331,cf,-1.3291561185631906,221,200,penumbra-standard-C200-D0p1-elephant-t3
0.09982033528221099,penumbra_standard:t3,-12.181537389983355,-10.482027022589719,,221,elephant,,,,large,penumbra_standard,False,0.370354248830445,bias_corrected,large,-0.14149381063314692,-0.5118480594635919,size-penumbra_standard-elephant-C200-S181-to221-large_to_small-mnear_boundary-d0p1-t3,True,near_boundary,google/gemma-3-4b-pt,google_gemma_3_4b_pt,lower_standard_increases_bigness,standard_span,stated_standard,True,standard_straddle,small,1,,,-12.323031200616501,-10.99387508205331,base,-1.3291561185631906,181,200,penumbra-standard-C200-D0p1-elephant-t3
0.09984533496971613,penumbra_standard:t3,-12.181537389983355,-10.482027022589719,,221,elephant,,,,small,penumbra_standard,False,-0.581376016049262,bias_corrected,large,-0.04968380480848111,-0.6310598208577431,size-penumbra_standard-elephant-C200-S181-to221-large_to_small-mnear_boundary-d0p1-t3,True,near_boundary,google/gemma-3-4b-pt,google_gemma_3_4b_pt,lower_standard_increases_bigness,standard_span,stated_standard,True,standard_straddle,small,1,,,-12.231221194791836,-11.113086843447462,cf,1.1181343513443736,181,200,penumbra-standard-C200-D0p1-elephant-t3
0.14842000511827333,penumbra_standard:t3,-12.181537389983355,-10.482027022589719,,172,elephant,,,,small,penumbra_standard,False,-1.0977189104743275,bias_corrected,large,0.014270568726926669,-1.0834483417474008,size-penumbra_standard-elephant-C200-S232-to172-small_to_large-mnear_boundary-d0p15-t3,True,near_boundary,google/gemma-3-4b-pt,google_gemma_3_4b_pt,lower_standard_increases_bigness,standard_span,stated_standard,True,standard_straddle,small,-1,,,-12.167266821256428,-11.56547536433712,base,0.6017914569193081,232,200,penumbra-standard-C200-D0p15-elephant-t3
0.1508228897345837,penumbra_standard:t3,-12.181537389983355,-10.482027022589719,,172,elephant,,,,large,penumbra_standard,False,0.5385237542523864,bias_corrected,large,0.13155682368682342,-0.406966930565563,size-penumbra_standard-elephant-C200-S232-to172-small_to_large-mnear_boundary-d0p15-t3,True,near_boundary,google/gemma-3-4b-pt,google_gemma_3_4b_pt,lower_standard_increases_bigness,standard_span,stated_standard,True,standard_straddle,small,-1,,,-12.049980566296531,-10.888993953155282,cf,-1.1609866131412492,232,200,penumbra-standard-C200-D0p15-elephant-t3
0.1508228897345837,penumbra_standard:t3,-12.181537389983355,-10.482027022589719,,232,elephant,,,,large,penumbra_standard,False,0.5385237542523864,bias_corrected,large,0.13155682368682342,-0.406966930565563,size-penumbra_standard-elephant-C200-S172-to232-large_to_small-mshoulder-d0p15-t3,True,shoulder,google/gemma-3-4b-pt,google_gemma_3_4b_pt,lower_standard_increases_bigness,standard_span,stated_standard,True,standard_straddle,small,1,,,-12.049980566296531,-10.888993953155282,base,-1.1609866131412492,172,200,penumbra-standard-C200-D0p15-elephant-t3
0.14842000511827333,penumbra_standard:t3,-12.181537389983355,-10.482027022589719,,232,elephant,,,,small,penumbra_standard,False,-1.0977189104743275,bias_corrected,large,0.014270568726926669,-1.0834483417474008,size-penumbra_standard-elephant-C200-S172-to232-large_to_small-mshoulder-d0p15-t3,True,shoulder,google/gemma-3-4b-pt,google_gemma_3_4b_pt,lower_standard_increases_bigness,standard_span,stated_standard,True,standard_straddle,small,1,,,-12.167266821256428,-11.56547536433712,cf,0.6017914569193081,172,200,penumbra-standard-C200-D0p15-elephant-t3
0.30010459245033816,penumbra_standard:t3,-12.181537389983355,-10.482027022589719,,148,elephant,,,,small,penumbra_standard,True,-0.06778882961677013,bias_corrected,large,0.01782615719100278,-0.04996267242576735,size-penumbra_standard-elephant-C200-S270-to148-small_to_large-mshoulder-d0p3-t3,False,shoulder,google/gemma-3-4b-pt,google_gemma_3_4b_pt,lower_standard_increases_bigness,standard_span,stated_standard,False,standard_straddle,small,-1,,base_gate_pred_large_expected_small,-12.163711232792352,-10.531989695015486,base,1.6317215377768655,270,200,penumbra-standard-C200-D0p3-elephant-t3
0.3011050927839216,penumbra_standard:t3,-12.181537389983355,-10.482027022589719,,148,elephant,,,,large,penumbra_standard,True,0.9011849796047269,bias_corrected,large,-0.1346940354687991,-1.035879015073526,size-penumbra_standard-elephant-C200-S270-to148-small_to_large-mshoulder-d0p3-t3,False,shoulder,google/gemma-3-4b-pt,google_gemma_3_4b_pt,lower_standard_increases_bigness,standard_span,stated_standard,False,standard_straddle,small,-1,,base_gate_pred_large_expected_small,-12.316231425452154,-11.517906037663245,cf,-0.7983253877889087,270,200,penumbra-standard-C200-D0p3-elephant-t3
0.3011050927839216,penumbra_standard:t3,-12.181537389983355,-10.482027022589719,,270,elephant,,,,large,penumbra_standard,True,0.9011849796047269,bias_corrected,large,-0.1346940354687991,-1.035879015073526,size-penumbra_standard-elephant-C200-S148-to270-large_to_small-mshoulder-d0p3-t3,False,shoulder,google/gemma-3-4b-pt,google_gemma_3_4b_pt,lower_standard_increases_bigness,standard_span,stated_standard,False,standard_straddle,small,1,,cf_gate_pred_large_expected_small,-12.316231425452154,-11.517906037663245,base,-0.7983253877889087,148,200,penumbra-standard-C200-D0p3-elephant-t3
0.30010459245033816,penumbra_standard:t3,-12.181537389983355,-10.482027022589719,,270,elephant,,,,small,penumbra_standard,True,-0.06778882961677013,bias_corrected,large,0.01782615719100278,-0.04996267242576735,size-penumbra_standard-elephant-C200-S148-to270-large_to_small-mshoulder-d0p3-t3,False,shoulder,google/gemma-3-4b-pt,google_gemma_3_4b_pt,lower_standard_increases_bigness,standard_span,stated_standard,False,standard_straddle,small,1,,cf_gate_pred_large_expected_small,-12.163711232792352,-10.531989695015486,cf,1.6317215377768655,148,200,penumbra-standard-C200-D0p3-elephant-t3
0.5007752879124893,penumbra_standard:t3,-12.181537389983355,-10.482027022589719,,121,elephant,,,,small,penumbra_standard,True,0.0005115390633534389,bias_corrected,small,-0.21884235093067872,-0.21833081186732528,size-penumbra_standard-elephant-C200-S330-to121-small_to_large-mclear-d0p5-t3,False,clear,google/gemma-3-4b-pt,google_gemma_3_4b_pt,lower_standard_increases_bigness,standard_span,stated_standard,False,standard_straddle,small,-1,,base_gate_margin_below_0.1,-12.400379740914033,-10.700357834457044,base,1.700021906456989,330,200,penumbra-standard-C200-D0p5-elephant-t3
0.5025268209512956,penumbra_standard:t3,-12.181537389983355,-10.482027022589719,,121,elephant,,,,large,penumbra_standard,True,0.3278681237680381,bias_corrected,large,-0.27118237236472353,-0.5990504961327616,size-penumbra_standard-elephant-C200-S330-to121-small_to_large-mclear-d0p5-t3,False,clear,google/gemma-3-4b-pt,google_gemma_3_4b_pt,lower_standard_increases_bigness,standard_span,stated_standard,False,standard_straddle,small,-1,,base_gate_margin_below_0.1,-12.452719762348078,-11.08107751872248,cf,-1.3716422436255975,330,200,penumbra-standard-C200-D0p5-elephant-t3
0.5025268209512956,penumbra_standard:t3,-12.181537389983355,-10.482027022589719,,330,elephant,,,,large,penumbra_standard,True,0.3278681237680381,bias_corrected,large,-0.27118237236472353,-0.5990504961327616,size-penumbra_standard-elephant-C200-S121-to330-large_to_small-mclear-d0p5-t3,False,clear,google/gemma-3-4b-pt,google_gemma_3_4b_pt,lower_standard_increases_bigness,standard_span,stated_standard,False,standard_straddle,small,1,,cf_gate_margin_below_0.1,-12.452719762348078,-11.08107751872248,base,-1.3716422436255975,121,200,penumbra-standard-C200-D0p5-elephant-t3
0.5007752879124893,penumbra_standard:t3,-12.181537389983355,-10.482027022589719,,330,elephant,,,,small,penumbra_standard,True,0.0005115390633534389,bias_corrected,small,-0.21884235093067872,-0.21833081186732528,size-penumbra_standard-elephant-C200-S121-to330-large_to_small-mclear-d0p5-t3,False,clear,google/gemma-3-4b-pt,google_gemma_3_4b_pt,lower_standard_increases_bigness,standard_span,stated_standard,False,standard_straddle,small,1,,cf_gate_margin_below_0.1,-12.400379740914033,-10.700357834457044,cf,1.700021906456989,121,200,penumbra-standard-C200-D0p5-elephant-t3
0.019802627296179754,penumbra_standard:t3,-12.181537389983355,-10.482027022589719,,490,elephant,,,,small,penumbra_standard,False,0.7985091895335739,bias_corrected,small,-0.5961871477527865,0.2023220417807874,size-penumbra_standard-elephant-C500-S510-to490-small_to_large-mborderline-d0p02-t3,True,borderline,google/gemma-3-4b-pt,google_gemma_3_4b_pt,lower_standard_increases_bigness,standard_span,stated_standard,True,standard_straddle,small,-1,,,-12.777724537736141,-10.279704980808932,base,2.4980195569272095,510,500,penumbra-standard-C500-D0p02-elephant-t3
0.02020270731751947,penumbra_standard:t3,-12.181537389983355,-10.482027022589719,,490,elephant,,,,large,penumbra_standard,False,-0.07860956059222701,bias_corrected,small,-0.835805006045323,-0.757195445453096,size-penumbra_standard-elephant-C500-S510-to490-small_to_large-mborderline-d0p02-t3,True,borderline,google/gemma-3-4b-pt,google_gemma_3_4b_pt,lower_standard_increases_bigness,standard_span,stated_standard,True,standard_straddle,small,-1,,,-13.017342396028678,-11.239222468042815,cf,-1.7781199279858626,510,500,penumbra-standard-C500-D0p02-elephant-t3
0.02020270731751947,penumbra_standard:t3,-12.181537389983355,-10.482027022589719,,510,elephant,,,,large,penumbra_standard,False,-0.07860956059222701,bias_corrected,small,-0.835805006045323,-0.757195445453096,size-penumbra_standard-elephant-C500-S490-to510-large_to_small-mborderline-d0p02-t3,True,borderline,google/gemma-3-4b-pt,google_gemma_3_4b_pt,lower_standard_increases_bigness,standard_span,stated_standard,True,standard_straddle,small,1,,,-13.017342396028678,-11.239222468042815,base,-1.7781199279858626,490,500,penumbra-standard-C500-D0p02-elephant-t3
0.019802627296179754,penumbra_standard:t3,-12.181537389983355,-10.482027022589719,,510,elephant,,,,small,penumbra_standard,False,0.7985091895335739,bias_corrected,small,-0.5961871477527865,0.2023220417807874,size-penumbra_standard-elephant-C500-S490-to510-large_to_small-mborderline-d0p02-t3,True,borderline,google/gemma-3-4b-pt,google_gemma_3_4b_pt,lower_standard_increases_bigness,standard_span,stated_standard,True,standard_straddle,small,1,,,-12.777724537736141,-10.279704980808932,cf,2.4980195569272095,490,500,penumbra-standard-C500-D0p02-elephant-t3
0.050693114315518095,penumbra_standard:t3,-12.181537389983355,-10.482027022589719,,476,elephant,,,,small,penumbra_standard,False,0.9165119041764935,bias_corrected,small,-0.7605448055082551,0.15596709866823844,size-penumbra_standard-elephant-C500-S526-to476-small_to_large-mborderline-d0p05-t3,True,borderline,google/gemma-3-4b-pt,google_gemma_3_4b_pt,lower_standard_increases_bigness,standard_span,stated_standard,True,standard_straddle,small,-1,,,-12.94208219549161,-10.32605992392148,base,2.616022271570129,526,500,penumbra-standard-C500-D0p05-elephant-t3
0.04919024419077178,penumbra_standard:t3,-12.181537389983355,-10.482027022589719,,476,elephant,,,,large,penumbra_standard,False,-0.39988851082568466,bias_corrected,small,-0.8841735580610894,-0.4842850472354048,size-penumbra_standard-elephant-C500-S526-to476-small_to_large-mborderline-d0p05-t3,True,borderline,google/gemma-3-4b-pt,google_gemma_3_4b_pt,lower_standard_increases_bigness,standard_span,stated_standard,True,standard_straddle,small,-1,,,-13.065710948044444,-10.966312069825124,cf,-2.0993988782193203,526,500,penumbra-standard-C500-D0p05-elephant-t3
0.04919024419077178,penumbra_standard:t3,-12.181537389983355,-10.482027022589719,,526,elephant,,,,large,penumbra_standard,False,-0.39988851082568466,bias_corrected,small,-0.8841735580610894,-0.4842850472354048,size-penumbra_standard-elephant-C500-S476-to526-large_to_small-mborderline-d0p05-t3,True,borderline,google/gemma-3-4b-pt,google_gemma_3_4b_pt,lower_standard_increases_bigness,standard_span,stated_standard,True,standard_straddle,small,1,,,-13.065710948044444,-10.966312069825124,base,-2.0993988782193203,476,500,penumbra-standard-C500-D0p05-elephant-t3
0.050693114315518095,penumbra_standard:t3,-12.181537389983355,-10.482027022589719,,526,elephant,,,,small,penumbra_standard,False,0.9165119041764935,bias_corrected,small,-0.7605448055082551,0.15596709866823844,size-penumbra_standard-elephant-C500-S476-to526-large_to_small-mborderline-d0p05-t3,True,borderline,google/gemma-3-4b-pt,google_gemma_3_4b_pt,lower_standard_increases_bigness,standard_span,stated_standard,True,standard_straddle,small,1,,,-12.94208219549161,-10.32605992392148,cf,2.616022271570129,476,500,penumbra-standard-C500-D0p05-elephant-t3
0.10074990310014302,penumbra_standard:t3,-12.181537389983355,-10.482027022589719,,452,elephant,,,,small,penumbra_standard,False,0.34939042527271624,bias_corrected,small,-0.3055349861482739,0.04385543912444234,size-penumbra_standard-elephant-C500-S553-to452-small_to_large-mnear_boundary-d0p1-t3,True,near_boundary,google/gemma-3-4b-pt,google_gemma_3_4b_pt,lower_standard_increases_bigness,standard_span,stated_standard,True,standard_straddle,small,-1,,,-12.487072376131628,-10.438171583465277,base,2.048900792666352,553,500,penumbra-standard-C500-D0p1-elephant-t3
0.1009259185899605,penumbra_standard:t3,-12.181537389983355,-10.482027022589719,,452,elephant,,,,large,penumbra_standard,False,-0.4566619629069333,bias_corrected,small,-0.9043951702298934,-0.44773320732296007,size-penumbra_standard-elephant-C500-S553-to452-small_to_large-mnear_boundary-d0p1-t3,True,near_boundary,google/gemma-3-4b-pt,google_gemma_3_4b_pt,lower_standard_increases_bigness,standard_span,stated_standard,True,standard_straddle,small,-1,,,-13.085932560213248,-10.929760229912679,cf,-2.156172330300569,553,500,penumbra-standard-C500-D0p1-elephant-t3
0.1009259185899605,penumbra_standard:t3,-12.181537389983355,-10.482027022589719,,553,elephant,,,,large,penumbra_standard,False,-0.4566619629069333,bias_corrected,small,-0.9043951702298934,-0.44773320732296007,size-penumbra_standard-elephant-C500-S452-to553-large_to_small-mnear_boundary-d0p1-t3,True,near_boundary,google/gemma-3-4b-pt,google_gemma_3_4b_pt,lower_standard_increases_bigness,standard_span,stated_standard,True,standard_straddle,small,1,,,-13.085932560213248,-10.929760229912679,base,-2.156172330300569,452,500,penumbra-standard-C500-D0p1-elephant-t3
0.10074990310014302,penumbra_standard:t3,-12.181537389983355,-10.482027022589719,,553,elephant,,,,small,penumbra_standard,False,0.34939042527271624,bias_corrected,small,-0.3055349861482739,0.04385543912444234,size-penumbra_standard-elephant-C500-S452-to553-large_to_small-mnear_boundary-d0p1-t3,True,near_boundary,google/gemma-3-4b-pt,google_gemma_3_4b_pt,lower_standard_increases_bigness,standard_span,stated_standard,True,standard_straddle,small,1,,,-12.487072376131628,-10.438171583465277,cf,2.048900792666352,452,500,penumbra-standard-C500-D0p1-elephant-t3
0.019802627296179754,penumbra_standard:t3,-12.181537389983355,-10.482027022589719,,49,glorb,,,,small,penumbra_standard,False,0.08972194759279617,bias_corrected,small,-1.3794170155724945,-1.2896950679796984,size-penumbra_standard-glorb-C50-S51-to49-small_to_large-mborderline-d0p02-t3,True,borderline,google/gemma-3-4b-pt,google_gemma_3_4b_pt,lower_standard_increases_bigness,standard_span,stated_standard,True,standard_straddle,small,-1,,,-13.560954405555849,-11.771722090569417,base,1.7892323149864318,51,50,penumbra-standard-C50-D0p02-glorb-t3
0.02020270731751947,penumbra_standard:t3,-12.181537389983355,-10.482027022589719,,49,glorb,,,,large,penumbra_standard,False,1.5842357179629865,bias_corrected,large,0.7820035159690413,-0.8022322019939452,size-penumbra_standard-glorb-C50-S51-to49-small_to_large-mborderline-d0p02-t3,True,borderline,google/gemma-3-4b-pt,google_gemma_3_4b_pt,lower_standard_increases_bigness,standard_span,stated_standard,True,standard_straddle,small,-1,,,-11.399533874014313,-11.284259224583664,cf,-0.11527464943064913,51,50,penumbra-standard-C50-D0p02-glorb-t3
0.02020270731751947,penumbra_standard:t3,-12.181537389983355,-10.482027022589719,,51,glorb,,,,large,penumbra_standard,False,1.5842357179629865,bias_corrected,large,0.7820035159690413,-0.8022322019939452,size-penumbra_standard-glorb-C50-S49-to51-large_to_small-mborderline-d0p02-t3,True,borderline,google/gemma-3-4b-pt,google_gemma_3_4b_pt,lower_standard_increases_bigness,standard_span,stated_standard,True,standard_straddle,small,1,,,-11.399533874014313,-11.284259224583664,base,-0.11527464943064913,49,50,penumbra-standard-C50-D0p02-glorb-t3
0.019802627296179754,penumbra_standard:t3,-12.181537389983355,-10.482027022589719,,51,glorb,,,,small,penumbra_standard,False,0.08972194759279617,bias_corrected,small,-1.3794170155724945,-1.2896950679796984,size-penumbra_standard-glorb-C50-S49-to51-large_to_small-mborderline-d0p02-t3,True,borderline,google/gemma-3-4b-pt,google_gemma_3_4b_pt,lower_standard_increases_bigness,standard_span,stated_standard,True,standard_straddle,small,1,,,-13.560954405555849,-11.771722090569417,cf,1.7892323149864318,49,50,penumbra-standard-C50-D0p02-glorb-t3
0.05826890812397576,penumbra_standard:t3,-12.181537389983355,-10.482027022589719,,48,glorb,,,,small,penumbra_standard,False,0.4891106226427837,bias_corrected,small,-0.4710266545399264,0.018083968102857284,size-penumbra_standard-glorb-C50-S53-to48-small_to_large-mborderline-d0p05-t3,True,borderline,google/gemma-3-4b-pt,google_gemma_3_4b_pt,lower_standard_increases_bigness,standard_span,stated_standard,True,standard_straddle,small,-1,,,-12.652564044523281,-10.463943054486862,base,2.1886209900364193,53,50,penumbra-standard-C50-D0p05-glorb-t3
0.0408219945202552,penumbra_standard:t3,-12.181537389983355,-10.482027022589719,,48,glorb,,,,large,penumbra_standard,False,1.2365734785671183,bias_corrected,large,-0.49756846836424273,-1.734141946931361,size-penumbra_standard-glorb-C50-S53-to48-small_to_large-mborderline-d0p05-t3,True,borderline,google/gemma-3-4b-pt,google_gemma_3_4b_pt,lower_standard_increases_bigness,standard_span,stated_standard,True,standard_straddle,small,-1,,,-12.679105858347597,-12.21616896952108,cf,-0.4629368888265173,53,50,penumbra-standard-C50-D0p05-glorb-t3
0.0408219945202552,penumbra_standard:t3,-12.181537389983355,-10.482027022589719,,53,glorb,,,,large,penumbra_standard,False,1.2365734785671183,bias_corrected,large,-0.49756846836424273,-1.734141946931361,size-penumbra_standard-glorb-C50-S48-to53-large_to_small-mborderline-d0p05-t3,True,borderline,google/gemma-3-4b-pt,google_gemma_3_4b_pt,lower_standard_increases_bigness,standard_span,stated_standard,True,standard_straddle,small,1,,,-12.679105858347597,-12.21616896952108,base,-0.4629368888265173,48,50,penumbra-standard-C50-D0p05-glorb-t3
0.05826890812397576,penumbra_standard:t3,-12.181537389983355,-10.482027022589719,,53,glorb,,,,small,penumbra_standard,False,0.4891106226427837,bias_corrected,small,-0.4710266545399264,0.018083968102857284,size-penumbra_standard-glorb-C50-S48-to53-large_to_small-mborderline-d0p05-t3,True,borderline,google/gemma-3-4b-pt,google_gemma_3_4b_pt,lower_standard_increases_bigness,standard_span,stated_standard,True,standard_straddle,small,1,,,-12.652564044523281,-10.463943054486862,cf,2.1886209900364193,48,50,penumbra-standard-C50-D0p05-glorb-t3
0.0953101798043249,penumbra_standard:t3,-12.181537389983355,-10.482027022589719,,45,glorb,,,,small,penumbra_standard,False,0.09040384197713536,bias_corrected,small,0.432832757752859,0.5232365997299944,size-penumbra_standard-glorb-C50-S55-to45-small_to_large-mnear_boundary-d0p1-t3,True,near_boundary,google/gemma-3-4b-pt,google_gemma_3_4b_pt,lower_standard_increases_bigness,standard_span,stated_standard,True,standard_straddle,small,-1,,,-11.748704632230496,-9.958790422859725,base,1.789914209370771,55,50,penumbra-standard-C50-D0p1-glorb-t3
0.10536051565782635,penumbra_standard:t3,-12.181537389983355,-10.482027022589719,,45,glorb,,,,large,penumbra_standard,False,0.11271586097526765,bias_corrected,large,-2.379766671180583,-2.492482532155851,size-penumbra_standard-glorb-C50-S55-to45-small_to_large-mnear_boundary-d0p1-t3,True,near_boundary,google/gemma-3-4b-pt,google_gemma_3_4b_pt,lower_standard_increases_bigness,standard_span,stated_standard,True,standard_straddle,small,-1,,,-14.561304061163938,-12.97450955474557,cf,-1.586794506418368,55,50,penumbra-standard-C50-D0p1-glorb-t3
0.10536051565782635,penumbra_standard:t3,-12.181537389983355,-10.482027022589719,,55,glorb,,,,large,penumbra_standard,False,0.11271586097526765,bias_corrected,large,-2.379766671180583,-2.492482532155851,size-penumbra_standard-glorb-C50-S45-to55-large_to_small-mnear_boundary-d0p1-t3,True,near_boundary,google/gemma-3-4b-pt,google_gemma_3_4b_pt,lower_standard_increases_bigness,standard_span,stated_standard,True,standard_straddle,small,1,,,-14.561304061163938,-12.97450955474557,base,-1.586794506418368,45,50,penumbra-standard-C50-D0p1-glorb-t3
0.0953101798043249,penumbra_standard:t3,-12.181537389983355,-10.482027022589719,,55,glorb,,,,small,penumbra_standard,False,0.09040384197713536,bias_corrected,small,0.432832757752859,0.5232365997299944,size-penumbra_standard-glorb-C50-S45-to55-large_to_small-mnear_boundary-d0p1-t3,True,near_boundary,google/gemma-3-4b-pt,google_gemma_3_4b_pt,lower_standard_increases_bigness,standard_span,stated_standard,True,standard_straddle,small,1,,,-11.748704632230496,-9.958790422859725,cf,1.789914209370771,45,50,penumbra-standard-C50-D0p1-glorb-t3
0.14842000511827333,penumbra_standard:t3,-12.181537389983355,-10.482027022589719,,43,glorb,,,,small,penumbra_standard,False,0.23335825270400434,bias_corrected,small,-0.34089272779057644,-0.1075344750865721,size-penumbra_standard-glorb-C50-S58-to43-small_to_large-mnear_boundary-d0p15-t3,True,near_boundary,google/gemma-3-4b-pt,google_gemma_3_4b_pt,lower_standard_increases_bigness,standard_span,stated_standard,True,standard_straddle,small,-1,,,-12.522430117773931,-10.589561497676291,base,1.93286862009764,58,50,penumbra-standard-C50-D0p15-glorb-t3
0.1508228897345837,penumbra_standard:t3,-12.181537389983355,-10.482027022589719,,43,glorb,,,,large,penumbra_standard,False,0.36233294219386103,bias_corrected,large,1.42965067685053,1.067317734656669,size-penumbra_standard-glorb-C50-S58-to43-small_to_large-mnear_boundary-d0p15-t3,True,near_boundary,google/gemma-3-4b-pt,google_gemma_3_4b_pt,lower_standard_increases_bigness,standard_span,stated_standard,True,standard_straddle,small,-1,,,-10.751886713132825,-9.41470928793305,cf,-1.3371774251997746,58,50,penumbra-standard-C50-D0p15-glorb-t3
0.1508228897345837,penumbra_standard:t3,-12.181537389983355,-10.482027022589719,,58,glorb,,,,large,penumbra_standard,False,0.36233294219386103,bias_corrected,large,1.42965067685053,1.067317734656669,size-penumbra_standard-glorb-C50-S43-to58-large_to_small-mshoulder-d0p15-t3,True,shoulder,google/gemma-3-4b-pt,google_gemma_3_4b_pt,lower_standard_increases_bigness,standard_span,stated_standard,True,standard_straddle,small,1,,,-10.751886713132825,-9.41470928793305,base,-1.3371774251997746,43,50,penumbra-standard-C50-D0p15-glorb-t3
0.14842000511827333,penumbra_standard:t3,-12.181537389983355,-10.482027022589719,,58,glorb,,,,small,penumbra_standard,False,0.23335825270400434,bias_corrected,small,-0.34089272779057644,-0.1075344750865721,size-penumbra_standard-glorb-C50-S43-to58-large_to_small-mshoulder-d0p15-t3,True,shoulder,google/gemma-3-4b-pt,google_gemma_3_4b_pt,lower_standard_increases_bigness,standard_span,stated_standard,True,standard_straddle,small,1,,,-12.522430117773931,-10.589561497676291,cf,1.93286862009764,43,50,penumbra-standard-C50-D0p15-glorb-t3
0.29266961396281993,penumbra_standard:t3,-12.181537389983355,-10.482027022589719,,37,glorb,,,,small,penumbra_standard,True,0.4613308185382099,bias_corrected,small,0.7268385362234575,1.1881693547616674,size-penumbra_standard-glorb-C50-S67-to37-small_to_large-mshoulder-d0p3-t3,True,shoulder,google/gemma-3-4b-pt,google_gemma_3_4b_pt,lower_standard_increases_bigness,standard_span,stated_standard,False,standard_straddle,small,-1,,,-11.454698853759897,-9.293857667828052,base,2.1608411859318455,67,50,penumbra-standard-C50-D0p3-glorb-t3
0.3011050927839216,penumbra_standard:t3,-12.181537389983355,-10.482027022589719,,37,glorb,,,,large,penumbra_standard,True,0.2881243166693217,bias_corrected,large,0.4389077289519694,0.1507834122826477,size-penumbra_standard-glorb-C50-S67-to37-small_to_large-mshoulder-d0p3-t3,True,shoulder,google/gemma-3-4b-pt,google_gemma_3_4b_pt,lower_standard_increases_bigness,standard_span,stated_standard,False,standard_straddle,small,-1,,,-11.742629661031385,-10.331243610307071,cf,-1.411386050724314,67,50,penumbra-standard-C50-D0p3-glorb-t3
0.3011050927839216,penumbra_standard:t3,-12.181537389983355,-10.482027022589719,,67,glorb,,,,large,penumbra_standard,True,0.2881243166693217,bias_corrected,large,0.4389077289519694,0.1507834122826477,size-penumbra_standard-glorb-C50-S37-to67-large_to_small-mshoulder-d0p3-t3,True,shoulder,google/gemma-3-4b-pt,google_gemma_3_4b_pt,lower_standard_increases_bigness,standard_span,stated_standard,False,standard_straddle,small,1,,,-11.742629661031385,-10.331243610307071,base,-1.411386050724314,37,50,penumbra-standard-C50-D0p3-glorb-t3
0.29266961396281993,penumbra_standard:t3,-12.181537389983355,-10.482027022589719,,67,glorb,,,,small,penumbra_standard,True,0.4613308185382099,bias_corrected,small,0.7268385362234575,1.1881693547616674,size-penumbra_standard-glorb-C50-S37-to67-large_to_small-mshoulder-d0p3-t3,True,shoulder,google/gemma-3-4b-pt,google_gemma_3_4b_pt,lower_standard_increases_bigness,standard_span,stated_standard,False,standard_straddle,small,1,,,-11.454698853759897,-9.293857667828052,cf,2.1608411859318455,37,50,penumbra-standard-C50-D0p3-glorb-t3
0.49469624183610705,penumbra_standard:t3,-12.181537389983355,-10.482027022589719,,30,glorb,,,,small,penumbra_standard,True,0.39396188539047383,bias_corrected,small,2.904624732017659,3.298586617408133,size-penumbra_standard-glorb-C50-S82-to30-small_to_large-mclear-d0p5-t3,True,clear,google/gemma-3-4b-pt,google_gemma_3_4b_pt,lower_standard_increases_bigness,standard_span,stated_standard,False,standard_straddle,small,-1,,,-9.276912657965696,-7.183440405181586,base,2.0934722527841094,82,50,penumbra-standard-C50-D0p5-glorb-t3
0.5108256237659907,penumbra_standard:t3,-12.181537389983355,-10.482027022589719,,30,glorb,,,,large,penumbra_standard,True,0.4740383408647002,bias_corrected,large,0.6125840472994035,0.13854570643470332,size-penumbra_standard-glorb-C50-S82-to30-small_to_large-mclear-d0p5-t3,True,clear,google/gemma-3-4b-pt,google_gemma_3_4b_pt,lower_standard_increases_bigness,standard_span,stated_standard,False,standard_straddle,small,-1,,,-11.568953342683951,-10.343481316155016,cf,-1.2254720265289354,82,50,penumbra-standard-C50-D0p5-glorb-t3
0.5108256237659907,penumbra_standard:t3,-12.181537389983355,-10.482027022589719,,82,glorb,,,,large,penumbra_standard,True,0.4740383408647002,bias_corrected,large,0.6125840472994035,0.13854570643470332,size-penumbra_standard-glorb-C50-S30-to82-large_to_small-mclear-d0p5-t3,True,clear,google/gemma-3-4b-pt,google_gemma_3_4b_pt,lower_standard_increases_bigness,standard_span,stated_standard,False,standard_straddle,small,1,,,-11.568953342683951,-10.343481316155016,base,-1.2254720265289354,30,50,penumbra-standard-C50-D0p5-glorb-t3
0.49469624183610705,penumbra_standard:t3,-12.181537389983355,-10.482027022589719,,82,glorb,,,,small,penumbra_standard,True,0.39396188539047383,bias_corrected,small,2.904624732017659,3.298586617408133,size-penumbra_standard-glorb-C50-S30-to82-large_to_small-mclear-d0p5-t3,True,clear,google/gemma-3-4b-pt,google_gemma_3_4b_pt,lower_standard_increases_bigness,standard_span,stated_standard,False,standard_straddle,small,1,,,-9.276912657965696,-7.183440405181586,cf,2.0934722527841094,30,50,penumbra-standard-C50-D0p5-glorb-t3
0.019802627296179754,penumbra_standard:t3,-12.181537389983355,-10.482027022589719,,196,glorb,,,,small,penumbra_standard,False,-0.567823894674433,bias_corrected,large,-2.0070095840990483,-2.5748334787734812,size-penumbra_standard-glorb-C200-S204-to196-small_to_large-mborderline-d0p02-t3,True,borderline,google/gemma-3-4b-pt,google_gemma_3_4b_pt,lower_standard_increases_bigness,standard_span,stated_standard,True,standard_straddle,small,-1,,,-14.188546974082403,-13.0568605013632,base,1.1316864727192026,204,200,penumbra-standard-C200-D0p02-glorb-t3
0.02020270731751947,penumbra_standard:t3,-12.181537389983355,-10.482027022589719,,196,glorb,,,,large,penumbra_standard,False,0.09604142285712314,bias_corrected,large,-1.942712997557253,-2.038754420414376,size-penumbra_standard-glorb-C200-S204-to196-small_to_large-mborderline-d0p02-t3,True,borderline,google/gemma-3-4b-pt,google_gemma_3_4b_pt,lower_standard_increases_bigness,standard_span,stated_standard,True,standard_straddle,small,-1,,,-14.124250387540608,-12.520781443004095,cf,-1.6034689445365125,204,200,penumbra-standard-C200-D0p02-glorb-t3
0.02020270731751947,penumbra_standard:t3,-12.181537389983355,-10.482027022589719,,204,glorb,,,,large,penumbra_standard,False,0.09604142285712314,bias_corrected,large,-1.942712997557253,-2.038754420414376,size-penumbra_standard-glorb-C200-S196-to204-large_to_small-mborderline-d0p02-t3,True,borderline,google/gemma-3-4b-pt,google_gemma_3_4b_pt,lower_standard_increases_bigness,standard_span,stated_standard,True,standard_straddle,small,1,,,-14.124250387540608,-12.520781443004095,base,-1.6034689445365125,196,200,penumbra-standard-C200-D0p02-glorb-t3
0.019802627296179754,penumbra_standard:t3,-12.181537389983355,-10.482027022589719,,204,glorb,,,,small,penumbra_standard,False,-0.567823894674433,bias_corrected,large,-2.0070095840990483,-2.5748334787734812,size-penumbra_standard-glorb-C200-S196-to204-large_to_small-mborderline-d0p02-t3,True,borderline,google/gemma-3-4b-pt,google_gemma_3_4b_pt,lower_standard_increases_bigness,standard_span,stated_standard,True,standard_straddle,small,1,,,-14.188546974082403,-13.0568605013632,cf,1.1316864727192026,196,200,penumbra-standard-C200-D0p02-glorb-t3
0.048790164169432056,penumbra_standard:t3,-12.181537389983355,-10.482027022589719,,190,glorb,,,,small,penumbra_standard,False,-0.819833286405677,bias_corrected,large,-1.6842001490704863,-2.5040334354761633,size-penumbra_standard-glorb-C200-S210-to190-small_to_large-mborderline-d0p05-t3,True,borderline,google/gemma-3-4b-pt,google_gemma_3_4b_pt,lower_standard_increases_bigness,standard_span,stated_standard,True,standard_straddle,small,-1,,,-13.86573753905384,-12.986060458065882,base,0.8796770809879586,210,200,penumbra-standard-C200-D0p05-glorb-t3
0.05129329438755048,penumbra_standard:t3,-12.181537389983355,-10.482027022589719,,190,glorb,,,,large,penumbra_standard,False,0.6326825082589078,bias_corrected,large,-2.2959223557754953,-2.928604864034403,size-penumbra_standard-glorb-C200-S210-to190-small_to_large-mborderline-d0p05-t3,True,borderline,google/gemma-3-4b-pt,google_gemma_3_4b_pt,lower_standard_increases_bigness,standard_span,stated_standard,True,standard_straddle,small,-1,,,-14.47745974575885,-13.410631886624122,cf,-1.0668278591347278,210,200,penumbra-standard-C200-D0p05-glorb-t3
0.05129329438755048,penumbra_standard:t3,-12.181537389983355,-10.482027022589719,,210,glorb,,,,large,penumbra_standard,False,0.6326825082589078,bias_corrected,large,-2.2959223557754953,-2.928604864034403,size-penumbra_standard-glorb-C200-S190-to210-large_to_small-mborderline-d0p05-t3,True,borderline,google/gemma-3-4b-pt,google_gemma_3_4b_pt,lower_standard_increases_bigness,standard_span,stated_standard,True,standard_straddle,small,1,,,-14.47745974575885,-13.410631886624122,base,-1.0668278591347278,190,200,penumbra-standard-C200-D0p05-glorb-t3
0.048790164169432056,penumbra_standard:t3,-12.181537389983355,-10.482027022589719,,210,glorb,,,,small,penumbra_standard,False,-0.819833286405677,bias_corrected,large,-1.6842001490704863,-2.5040334354761633,size-penumbra_standard-glorb-C200-S190-to210-large_to_small-mborderline-d0p05-t3,True,borderline,google/gemma-3-4b-pt,google_gemma_3_4b_pt,lower_standard_increases_bigness,standard_span,stated_standard,True,standard_straddle,small,1,,,-13.86573753905384,-12.986060458065882,cf,0.8796770809879586,190,200,penumbra-standard-C200-D0p05-glorb-t3
0.09984533496971613,penumbra_standard:t3,-12.181537389983355,-10.482027022589719,,181,glorb,,,,small,penumbra_standard,False,-1.070663461811371,bias_corrected,large,-2.303989682645378,-3.374653144456749,size-penumbra_standard-glorb-C200-S221-to181-small_to_large-mnear_boundary-d0p1-t3,True,near_boundary,google/gemma-3-4b-pt,google_gemma_3_4b_pt,lower_standard_increases_bigness,standard_span,stated_standard,True,standard_straddle,small,-1,,,-14.485527072628733,-13.856680167046468,base,0.6288469055822645,221,200,penumbra-standard-C200-D0p1-glorb-t3
0.09982033528221099,penumbra_standard:t3,-12.181537389983355,-10.482027022589719,,181,glorb,,,,large,penumbra_standard,False,0.7077282660143123,bias_corrected,large,-2.4270297113035095,-3.134757977317822,size-penumbra_standard-glorb-C200-S221-to181-small_to_large-mnear_boundary-d0p1-t3,True,near_boundary,google/gemma-3-4b-pt,google_gemma_3_4b_pt,lower_standard_increases_bigness,standard_span,stated_standard,True,standard_straddle,small,-1,,,-14.608567101286864,-13.61678499990754,cf,-0.9917821013793233,221,200,penumbra-standard-C200-D0p1-glorb-t3
0.09982033528221099,penumbra_standard:t3,-12.181537389983355,-10.482027022589719,,221,glorb,,,,large,penumbra_standard,False,0.7077282660143123,bias_corrected,large,-2.4270297113035095,-3.134757977317822,size-penumbra_standard-glorb-C200-S181-to221-large_to_small-mnear_boundary-d0p1-t3,True,near_boundary,google/gemma-3-4b-pt,google_gemma_3_4b_pt,lower_standard_increases_bigness,standard_span,stated_standard,True,standard_straddle,small,1,,,-14.608567101286864,-13.61678499990754,base,-0.9917821013793233,181,200,penumbra-standard-C200-D0p1-glorb-t3
0.09984533496971613,penumbra_standard:t3,-12.181537389983355,-10.482027022589719,,221,glorb,,,,small,penumbra_standard,False,-1.070663461811371,bias_corrected,large,-2.303989682645378,-3.374653144456749,size-penumbra_standard-glorb-C200-S181-to221-large_to_small-mnear_boundary-d0p1-t3,True,near_boundary,google/gemma-3-4b-pt,google_gemma_3_4b_pt,lower_standard_increases_bigness,standard_span,stated_standard,True,standard_straddle,small,1,,,-14.485527072628733,-13.856680167046468,cf,0.6288469055822645,181,200,penumbra-standard-C200-D0p1-glorb-t3
0.14842000511827333,penumbra_standard:t3,-12.181537389983355,-10.482027022589719,,172,glorb,,,,small,penumbra_standard,False,-1.7440461160505105,bias_corrected,large,-1.1694505477010075,-2.913496663751518,size-penumbra_standard-glorb-C200-S232-to172-small_to_large-mnear_boundary-d0p15-t3,True,near_boundary,google/gemma-3-4b-pt,google_gemma_3_4b_pt,lower_standard_increases_bigness,standard_span,stated_standard,True,standard_straddle,large,-1,,,-13.350987937684362,-13.395523686341237,base,-0.04453574865687493,232,200,penumbra-standard-C200-D0p15-glorb-t3
0.1508228897345837,penumbra_standard:t3,-12.181537389983355,-10.482027022589719,,172,glorb,,,,large,penumbra_standard,False,1.3283905314100117,bias_corrected,large,-0.8330534608250577,-2.1614439922350694,size-penumbra_standard-glorb-C200-S232-to172-small_to_large-mnear_boundary-d0p15-t3,True,near_boundary,google/gemma-3-4b-pt,google_gemma_3_4b_pt,lower_standard_increases_bigness,standard_span,stated_standard,True,standard_straddle,small,-1,,,-13.014590850808412,-12.643471014824788,cf,-0.37111983598362386,232,200,penumbra-standard-C200-D0p15-glorb-t3
0.1508228897345837,penumbra_standard:t3,-12.181537389983355,-10.482027022589719,,232,glorb,,,,large,penumbra_standard,False,1.3283905314100117,bias_corrected,large,-0.8330534608250577,-2.1614439922350694,size-penumbra_standard-glorb-C200-S172-to232-large_to_small-mshoulder-d0p15-t3,True,shoulder,google/gemma-3-4b-pt,google_gemma_3_4b_pt,lower_standard_increases_bigness,standard_span,stated_standard,True,standard_straddle,small,1,,,-13.014590850808412,-12.643471014824788,base,-0.37111983598362386,172,200,penumbra-standard-C200-D0p15-glorb-t3
0.14842000511827333,penumbra_standard:t3,-12.181537389983355,-10.482027022589719,,232,glorb,,,,small,penumbra_standard,False,-1.7440461160505105,bias_corrected,large,-1.1694505477010075,-2.913496663751518,size-penumbra_standard-glorb-C200-S172-to232-large_to_small-mshoulder-d0p15-t3,True,shoulder,google/gemma-3-4b-pt,google_gemma_3_4b_pt,lower_standard_increases_bigness,standard_span,stated_standard,True,standard_straddle,large,1,,,-13.350987937684362,-13.395523686341237,cf,-0.04453574865687493,172,200,penumbra-standard-C200-D0p15-glorb-t3
0.30010459245033816,penumbra_standard:t3,-12.181537389983355,-10.482027022589719,,148,glorb,,,,small,penumbra_standard,True,-0.5524026255109948,bias_corrected,large,-2.35733201742757,-2.909734642938565,size-penumbra_standard-glorb-C200-S270-to148-small_to_large-mshoulder-d0p3-t3,False,shoulder,google/gemma-3-4b-pt,google_gemma_3_4b_pt,lower_standard_increases_bigness,standard_span,stated_standard,False,standard_straddle,small,-1,,base_gate_pred_large_expected_small,-14.538869407410925,-13.391761665528284,base,1.1471077418826408,270,200,penumbra-standard-C200-D0p3-glorb-t3
0.3011050927839216,penumbra_standard:t3,-12.181537389983355,-10.482027022589719,,148,glorb,,,,large,penumbra_standard,True,1.7820069064846642,bias_corrected,large,-1.30545929476696,-3.0874662012516243,size-penumbra_standard-glorb-C200-S270-to148-small_to_large-mshoulder-d0p3-t3,False,shoulder,google/gemma-3-4b-pt,google_gemma_3_4b_pt,lower_standard_increases_bigness,standard_span,stated_standard,False,standard_straddle,large,-1,,base_gate_pred_large_expected_small,-13.486996684750315,-13.569493223841343,cf,0.08249653909102861,270,200,penumbra-standard-C200-D0p3-glorb-t3
0.3011050927839216,penumbra_standard:t3,-12.181537389983355,-10.482027022589719,,270,glorb,,,,large,penumbra_standard,True,1.7820069064846642,bias_corrected,large,-1.30545929476696,-3.0874662012516243,size-penumbra_standard-glorb-C200-S148-to270-large_to_small-mshoulder-d0p3-t3,False,shoulder,google/gemma-3-4b-pt,google_gemma_3_4b_pt,lower_standard_increases_bigness,standard_span,stated_standard,False,standard_straddle,large,1,,cf_gate_pred_large_expected_small,-13.486996684750315,-13.569493223841343,base,0.08249653909102861,148,200,penumbra-standard-C200-D0p3-glorb-t3
0.30010459245033816,penumbra_standard:t3,-12.181537389983355,-10.482027022589719,,270,glorb,,,,small,penumbra_standard,True,-0.5524026255109948,bias_corrected,large,-2.35733201742757,-2.909734642938565,size-penumbra_standard-glorb-C200-S148-to270-large_to_small-mshoulder-d0p3-t3,False,shoulder,google/gemma-3-4b-pt,google_gemma_3_4b_pt,lower_standard_increases_bigness,standard_span,stated_standard,False,standard_straddle,small,1,,cf_gate_pred_large_expected_small,-14.538869407410925,-13.391761665528284,cf,1.1471077418826408,148,200,penumbra-standard-C200-D0p3-glorb-t3
0.5007752879124893,penumbra_standard:t3,-12.181537389983355,-10.482027022589719,,121,glorb,,,,small,penumbra_standard,True,-0.2655417873842776,bias_corrected,large,-0.14222776259383885,-0.40776954997811643,size-penumbra_standard-glorb-C200-S330-to121-small_to_large-mclear-d0p5-t3,False,clear,google/gemma-3-4b-pt,google_gemma_3_4b_pt,lower_standard_increases_bigness,standard_span,stated_standard,False,standard_straddle,small,-1,,base_gate_pred_large_expected_small,-12.323765152577193,-10.889796572567835,base,1.433968580009358,330,200,penumbra-standard-C200-D0p5-glorb-t3
0.5025268209512956,penumbra_standard:t3,-12.181537389983355,-10.482027022589719,,121,glorb,,,,large,penumbra_standard,True,0.13383631301616283,bias_corrected,large,-1.4483665218359043,-1.5822028348520671,size-penumbra_standard-glorb-C200-S330-to121-small_to_large-mclear-d0p5-t3,False,clear,google/gemma-3-4b-pt,google_gemma_3_4b_pt,lower_standard_increases_bigness,standard_span,stated_standard,False,standard_straddle,small,-1,,base_gate_pred_large_expected_small,-13.629903911819259,-12.064229857441786,cf,-1.5656740543774728,330,200,penumbra-standard-C200-D0p5-glorb-t3
0.5025268209512956,penumbra_standard:t3,-12.181537389983355,-10.482027022589719,,330,glorb,,,,large,penumbra_standard,True,0.13383631301616283,bias_corrected,large,-1.4483665218359043,-1.5822028348520671,size-penumbra_standard-glorb-C200-S121-to330-large_to_small-mclear-d0p5-t3,False,clear,google/gemma-3-4b-pt,google_gemma_3_4b_pt,lower_standard_increases_bigness,standard_span,stated_standard,False,standard_straddle,small,1,,cf_gate_pred_large_expected_small,-13.629903911819259,-12.064229857441786,base,-1.5656740543774728,121,200,penumbra-standard-C200-D0p5-glorb-t3
0.5007752879124893,penumbra_standard:t3,-12.181537389983355,-10.482027022589719,,330,glorb,,,,small,penumbra_standard,True,-0.2655417873842776,bias_corrected,large,-0.14222776259383885,-0.40776954997811643,size-penumbra_standard-glorb-C200-S121-to330-large_to_small-mclear-d0p5-t3,False,clear,google/gemma-3-4b-pt,google_gemma_3_4b_pt,lower_standard_increases_bigness,standard_span,stated_standard,False,standard_straddle,small,1,,cf_gate_pred_large_expected_small,-12.323765152577193,-10.889796572567835,cf,1.433968580009358,121,200,penumbra-standard-C200-D0p5-glorb-t3
0.019802627296179754,penumbra_standard:t3,-12.181537389983355,-10.482027022589719,,490,glorb,,,,small,penumbra_standard,False,0.7036094733633842,bias_corrected,small,-2.2610263530162005,-1.5574168796528163,size-penumbra_standard-glorb-C500-S510-to490-small_to_large-mborderline-d0p02-t3,True,borderline,google/gemma-3-4b-pt,google_gemma_3_4b_pt,lower_standard_increases_bigness,standard_span,stated_standard,True,standard_straddle,small,-1,,,-14.442563742999555,-12.039443902242535,base,2.40311984075702,510,500,penumbra-standard-C500-D0p02-glorb-t3
0.02020270731751947,penumbra_standard:t3,-12.181537389983355,-10.482027022589719,,490,glorb,,,,large,penumbra_standard,False,0.9600082373691343,bias_corrected,large,-1.546652363771317,-2.5066606011404513,size-penumbra_standard-glorb-C500-S510-to490-small_to_large-mborderline-d0p02-t3,True,borderline,google/gemma-3-4b-pt,google_gemma_3_4b_pt,lower_standard_increases_bigness,standard_span,stated_standard,True,standard_straddle,small,-1,,,-13.728189753754672,-12.98868762373017,cf,-0.7395021300245013,510,500,penumbra-standard-C500-D0p02-glorb-t3
0.02020270731751947,penumbra_standard:t3,-12.181537389983355,-10.482027022589719,,510,glorb,,,,large,penumbra_standard,False,0.9600082373691343,bias_corrected,large,-1.546652363771317,-2.5066606011404513,size-penumbra_standard-glorb-C500-S490-to510-large_to_small-mborderline-d0p02-t3,True,borderline,google/gemma-3-4b-pt,google_gemma_3_4b_pt,lower_standard_increases_bigness,standard_span,stated_standard,True,standard_straddle,small,1,,,-13.728189753754672,-12.98868762373017,base,-0.7395021300245013,490,500,penumbra-standard-C500-D0p02-glorb-t3
0.019802627296179754,penumbra_standard:t3,-12.181537389983355,-10.482027022589719,,510,glorb,,,,small,penumbra_standard,False,0.7036094733633842,bias_corrected,small,-2.2610263530162005,-1.5574168796528163,size-penumbra_standard-glorb-C500-S490-to510-large_to_small-mborderline-d0p02-t3,True,borderline,google/gemma-3-4b-pt,google_gemma_3_4b_pt,lower_standard_increases_bigness,standard_span,stated_standard,True,standard_straddle,small,1,,,-14.442563742999555,-12.039443902242535,cf,2.40311984075702,490,500,penumbra-standard-C500-D0p02-glorb-t3
0.050693114315518095,penumbra_standard:t3,-12.181537389983355,-10.482027022589719,,476,glorb,,,,small,penumbra_standard,False,0.5955748352681969,bias_corrected,small,-2.5573949892129857,-1.9618201539447888,size-penumbra_standard-glorb-C500-S526-to476-small_to_large-mborderline-d0p05-t3,True,borderline,google/gemma-3-4b-pt,google_gemma_3_4b_pt,lower_standard_increases_bigness,standard_span,stated_standard,True,standard_straddle,small,-1,,,-14.73893237919634,-12.443847176534508,base,2.2950852026618325,526,500,penumbra-standard-C500-D0p05-glorb-t3
0.04919024419077178,penumbra_standard:t3,-12.181537389983355,-10.482027022589719,,476,glorb,,,,large,penumbra_standard,False,1.2414470231546595,bias_corrected,large,-1.1183657450918538,-2.3598127682465133,size-penumbra_standard-glorb-C500-S526-to476-small_to_large-mborderline-d0p05-t3,True,borderline,google/gemma-3-4b-pt,google_gemma_3_4b_pt,lower_standard_increases_bigness,standard_span,stated_standard,True,standard_straddle,small,-1,,,-13.299903135075208,-12.841839790836232,cf,-0.4580633442389761,526,500,penumbra-standard-C500-D0p05-glorb-t3
0.04919024419077178,penumbra_standard:t3,-12.181537389983355,-10.482027022589719,,526,glorb,,,,large,penumbra_standard,False,1.2414470231546595,bias_corrected,large,-1.1183657450918538,-2.3598127682465133,size-penumbra_standard-glorb-C500-S476-to526-large_to_small-mborderline-d0p05-t3,True,borderline,google/gemma-3-4b-pt,google_gemma_3_4b_pt,lower_standard_increases_bigness,standard_span,stated_standard,True,standard_straddle,small,1,,,-13.299903135075208,-12.841839790836232,base,-0.4580633442389761,476,500,penumbra-standard-C500-D0p05-glorb-t3
0.050693114315518095,penumbra_standard:t3,-12.181537389983355,-10.482027022589719,,526,glorb,,,,small,penumbra_standard,False,0.5955748352681969,bias_corrected,small,-2.5573949892129857,-1.9618201539447888,size-penumbra_standard-glorb-C500-S476-to526-large_to_small-mborderline-d0p05-t3,True,borderline,google/gemma-3-4b-pt,google_gemma_3_4b_pt,lower_standard_increases_bigness,standard_span,stated_standard,True,standard_straddle,small,1,,,-14.73893237919634,-12.443847176534508,cf,2.2950852026618325,476,500,penumbra-standard-C500-D0p05-glorb-t3
0.10074990310014302,penumbra_standard:t3,-12.181537389983355,-10.482027022589719,,452,glorb,,,,small,penumbra_standard,False,0.24277742336878916,bias_corrected,small,-2.7496329296190893,-2.5068555062503,size-penumbra_standard-glorb-C500-S553-to452-small_to_large-mnear_boundary-d0p1-t3,True,near_boundary,google/gemma-3-4b-pt,google_gemma_3_4b_pt,lower_standard_increases_bigness,standard_span,stated_standard,True,standard_straddle,small,-1,,,-14.931170319602444,-12.98888252884002,base,1.9422877907624247,553,500,penumbra-standard-C500-D0p1-glorb-t3
0.1009259185899605,penumbra_standard:t3,-12.181537389983355,-10.482027022589719,,452,glorb,,,,large,penumbra_standard,False,0.30626055857114487,bias_corrected,large,-2.4432367920846243,-2.749497350655769,size-penumbra_standard-glorb-C500-S553-to452-small_to_large-mnear_boundary-d0p1-t3,True,near_boundary,google/gemma-3-4b-pt,google_gemma_3_4b_pt,lower_standard_increases_bigness,standard_span,stated_standard,True,standard_straddle,small,-1,,,-14.624774182067979,-13.231524373245488,cf,-1.3932498088224907,553,500,penumbra-standard-C500-D0p1-glorb-t3
0.1009259185899605,penumbra_standard:t3,-12.181537389983355,-10.482027022589719,,553,glorb,,,,large,penumbra_standard,False,0.30626055857114487,bias_corrected,large,-2.4432367920846243,-2.749497350655769,size-penumbra_standard-glorb-C500-S452-to553-large_to_small-mnear_boundary-d0p1-t3,True,near_boundary,google/gemma-3-4b-pt,google_gemma_3_4b_pt,lower_standard_increases_bigness,standard_span,stated_standard,True,standard_straddle,small,1,,,-14.624774182067979,-13.231524373245488,base,-1.3932498088224907,452,500,penumbra-standard-C500-D0p1-glorb-t3
0.10074990310014302,penumbra_standard:t3,-12.181537389983355,-10.482027022589719,,553,glorb,,,,small,penumbra_standard,False,0.24277742336878916,bias_corrected,small,-2.7496329296190893,-2.5068555062503,size-penumbra_standard-glorb-C500-S452-to553-large_to_small-mnear_boundary-d0p1-t3,True,near_boundary,google/gemma-3-4b-pt,google_gemma_3_4b_pt,lower_standard_increases_bigness,standard_span,stated_standard,True,standard_straddle,small,1,,,-14.931170319602444,-12.98888252884002,cf,1.9422877907624247,452,500,penumbra-standard-C500-D0p1-glorb-t3
0.019802627296179754,penumbra_standard:t3,-12.181537389983355,-10.482027022589719,,49,dax,,,,small,penumbra_standard,False,0.22558644920880688,bias_corrected,small,-0.8647777432761146,-0.6391912940673077,size-penumbra_standard-dax-C50-S51-to49-small_to_large-mborderline-d0p02-t3,True,borderline,google/gemma-3-4b-pt,google_gemma_3_4b_pt,lower_standard_increases_bigness,standard_span,stated_standard,True,standard_straddle,small,-1,,,-13.04631513325947,-11.121218316657027,base,1.9250968166024425,51,50,penumbra-standard-C50-D0p02-dax-t3
0.02020270731751947,penumbra_standard:t3,-12.181537389983355,-10.482027022589719,,49,dax,,,,large,penumbra_standard,False,1.577461425843838,bias_corrected,large,2.0955356940087437,0.5180742681649058,size-penumbra_standard-dax-C50-S51-to49-small_to_large-mborderline-d0p02-t3,True,borderline,google/gemma-3-4b-pt,google_gemma_3_4b_pt,lower_standard_increases_bigness,standard_span,stated_standard,True,standard_straddle,small,-1,,,-10.08600169597461,-9.963952754424813,cf,-0.12204894154979762,51,50,penumbra-standard-C50-D0p02-dax-t3
0.02020270731751947,penumbra_standard:t3,-12.181537389983355,-10.482027022589719,,51,dax,,,,large,penumbra_standard,False,1.577461425843838,bias_corrected,large,2.0955356940087437,0.5180742681649058,size-penumbra_standard-dax-C50-S49-to51-large_to_small-mborderline-d0p02-t3,True,borderline,google/gemma-3-4b-pt,google_gemma_3_4b_pt,lower_standard_increases_bigness,standard_span,stated_standard,True,standard_straddle,small,1,,,-10.08600169597461,-9.963952754424813,base,-0.12204894154979762,49,50,penumbra-standard-C50-D0p02-dax-t3
0.019802627296179754,penumbra_standard:t3,-12.181537389983355,-10.482027022589719,,51,dax,,,,small,penumbra_standard,False,0.22558644920880688,bias_corrected,small,-0.8647777432761146,-0.6391912940673077,size-penumbra_standard-dax-C50-S49-to51-large_to_small-mborderline-d0p02-t3,True,borderline,google/gemma-3-4b-pt,google_gemma_3_4b_pt,lower_standard_increases_bigness,standard_span,stated_standard,True,standard_straddle,small,1,,,-13.04631513325947,-11.121218316657027,cf,1.9250968166024425,49,50,penumbra-standard-C50-D0p02-dax-t3
0.05826890812397576,penumbra_standard:t3,-12.181537389983355,-10.482027022589719,,48,dax,,,,small,penumbra_standard,False,0.09638799410651977,bias_corrected,small,0.8246826361493795,0.9210706302558993,size-penumbra_standard-dax-C50-S53-to48-small_to_large-mborderline-d0p05-t3,True,borderline,google/gemma-3-4b-pt,google_gemma_3_4b_pt,lower_standard_increases_bigness,standard_span,stated_standard,True,standard_straddle,small,-1,,,-11.356854753833975,-9.56095639233382,base,1.7958983615001554,53,50,penumbra-standard-C50-D0p05-dax-t3
0.0408219945202552,penumbra_standard:t3,-12.181537389983355,-10.482027022589719,,48,dax,,,,large,penumbra_standard,False,1.083201159998291,bias_corrected,large,1.0927237225019457,0.009522562503654797,size-penumbra_standard-dax-C50-S53-to48-small_to_large-mborderline-d0p05-t3,True,borderline,google/gemma-3-4b-pt,google_gemma_3_4b_pt,lower_standard_increases_bigness,standard_span,stated_standard,True,standard_straddle,small,-1,,,-11.088813667481409,-10.472504460086064,cf,-0.6163092073953447,53,50,penumbra-standard-C50-D0p05-dax-t3
0.0408219945202552,penumbra_standard:t3,-12.181537389983355,-10.482027022589719,,53,dax,,,,large,penumbra_standard,False,1.083201159998291,bias_corrected,large,1.0927237225019457,0.009522562503654797,size-penumbra_standard-dax-C50-S48-to53-large_to_small-mborderline-d0p05-t3,True,borderline,google/gemma-3-4b-pt,google_gemma_3_4b_pt,lower_standard_increases_bigness,standard_span,stated_standard,True,standard_straddle,small,1,,,-11.088813667481409,-10.472504460086064,base,-0.6163092073953447,48,50,penumbra-standard-C50-D0p05-dax-t3
0.05826890812397576,penumbra_standard:t3,-12.181537389983355,-10.482027022589719,,53,dax,,,,small,penumbra_standard,False,0.09638799410651977,bias_corrected,small,0.8246826361493795,0.9210706302558993,size-penumbra_standard-dax-C50-S48-to53-large_to_small-mborderline-d0p05-t3,True,borderline,google/gemma-3-4b-pt,google_gemma_3_4b_pt,lower_standard_increases_bigness,standard_span,stated_standard,True,standard_straddle,small,1,,,-11.356854753833975,-9.56095639233382,cf,1.7958983615001554,48,50,penumbra-standard-C50-D0p05-dax-t3
0.0953101798043249,penumbra_standard:t3,-12.181537389983355,-10.482027022589719,,45,dax,,,,small,penumbra_standard,False,-0.02185361030755928,bias_corrected,large,0.9609906405422848,0.9391370302347255,size-penumbra_standard-dax-C50-S55-to45-small_to_large-mnear_boundary-d0p1-t3,True,near_boundary,google/gemma-3-4b-pt,google_gemma_3_4b_pt,lower_standard_increases_bigness,standard_span,stated_standard,True,standard_straddle,small,-1,,,-11.22054674944107,-9.542889992354993,base,1.6776567570860763,55,50,penumbra-standard-C50-D0p1-dax-t3
0.10536051565782635,penumbra_standard:t3,-12.181537389983355,-10.482027022589719,,45,dax,,,,large,penumbra_standard,False,0.28152810386229277,bias_corrected,large,-0.2608455178090683,-0.542373621671361,size-penumbra_standard-dax-C50-S55-to45-small_to_large-mnear_boundary-d0p1-t3,True,near_boundary,google/gemma-3-4b-pt,google_gemma_3_4b_pt,lower_standard_increases_bigness,standard_span,stated_standard,True,standard_straddle,small,-1,,,-12.442382907792423,-11.02440064426108,cf,-1.4179822635313428,55,50,penumbra-standard-C50-D0p1-dax-t3
0.10536051565782635,penumbra_standard:t3,-12.181537389983355,-10.482027022589719,,55,dax,,,,large,penumbra_standard,False,0.28152810386229277,bias_corrected,large,-0.2608455178090683,-0.542373621671361,size-penumbra_standard-dax-C50-S45-to55-large_to_small-mnear_boundary-d0p1-t3,True,near_boundary,google/gemma-3-4b-pt,google_gemma_3_4b_pt,lower_standard_increases_bigness,standard_span,stated_standard,True,standard_straddle,small,1,,,-12.442382907792423,-11.02440064426108,base,-1.4179822635313428,45,50,penumbra-standard-C50-D0p1-dax-t3
0.0953101798043249,penumbra_standard:t3,-12.181537389983355,-10.482027022589719,,55,dax,,,,small,penumbra_standard,False,-0.02185361030755928,bias_corrected,large,0.9609906405422848,0.9391370302347255,size-penumbra_standard-dax-C50-S45-to55-large_to_small-mnear_boundary-d0p1-t3,True,near_boundary,google/gemma-3-4b-pt,google_gemma_3_4b_pt,lower_standard_increases_bigness,standard_span,stated_standard,True,standard_straddle,small,1,,,-11.22054674944107,-9.542889992354993,cf,1.6776567570860763,45,50,penumbra-standard-C50-D0p1-dax-t3
0.14842000511827333,penumbra_standard:t3,-12.181537389983355,-10.482027022589719,,43,dax,,,,small,penumbra_standard,False,0.3523623612395568,bias_corrected,small,0.6706305522777001,1.0229929135172569,size-penumbra_standard-dax-C50-S58-to43-small_to_large-mnear_boundary-d0p15-t3,True,near_boundary,google/gemma-3-4b-pt,google_gemma_3_4b_pt,lower_standard_increases_bigness,standard_span,stated_standard,True,standard_straddle,small,-1,,,-11.510906837705654,-9.459034109072462,base,2.0518727286331924,58,50,penumbra-standard-C50-D0p15-dax-t3
0.1508228897345837,penumbra_standard:t3,-12.181537389983355,-10.482027022589719,,43,dax,,,,large,penumbra_standard,False,0.8928667760762057,bias_corrected,large,1.874163786762443,0.9812970106862373,size-penumbra_standard-dax-C50-S58-to43-small_to_large-mnear_boundary-d0p15-t3,True,near_boundary,google/gemma-3-4b-pt,google_gemma_3_4b_pt,lower_standard_increases_bigness,standard_span,stated_standard,True,standard_straddle,small,-1,,,-10.307373603220912,-9.500730011903482,cf,-0.8066435913174299,58,50,penumbra-standard-C50-D0p15-dax-t3
0.1508228897345837,penumbra_standard:t3,-12.181537389983355,-10.482027022589719,,58,dax,,,,large,penumbra_standard,False,0.8928667760762057,bias_corrected,large,1.874163786762443,0.9812970106862373,size-penumbra_standard-dax-C50-S43-to58-large_to_small-mshoulder-d0p15-t3,True,shoulder,google/gemma-3-4b-pt,google_gemma_3_4b_pt,lower_standard_increases_bigness,standard_span,stated_standard,True,standard_straddle,small,1,,,-10.307373603220912,-9.500730011903482,base,-0.8066435913174299,43,50,penumbra-standard-C50-D0p15-dax-t3
0.14842000511827333,penumbra_standard:t3,-12.181537389983355,-10.482027022589719,,58,dax,,,,small,penumbra_standard,False,0.3523623612395568,bias_corrected,small,0.6706305522777001,1.0229929135172569,size-penumbra_standard-dax-C50-S43-to58-large_to_small-mshoulder-d0p15-t3,True,shoulder,google/gemma-3-4b-pt,google_gemma_3_4b_pt,lower_standard_increases_bigness,standard_span,stated_standard,True,standard_straddle,small,1,,,-11.510906837705654,-9.459034109072462,cf,2.0518727286331924,43,50,penumbra-standard-C50-D0p15-dax-t3
0.29266961396281993,penumbra_standard:t3,-12.181537389983355,-10.482027022589719,,37,dax,,,,small,penumbra_standard,True,-0.020110742240055046,bias_corrected,large,1.7110058993313473,1.6908951570912922,size-penumbra_standard-dax-C50-S67-to37-small_to_large-mshoulder-d0p3-t3,False,shoulder,google/gemma-3-4b-pt,google_gemma_3_4b_pt,lower_standard_increases_bigness,standard_span,stated_standard,False,standard_straddle,small,-1,,base_gate_pred_large_expected_small,-10.470531490652007,-8.791131865498427,base,1.6793996251535805,67,50,penumbra-standard-C50-D0p3-dax-t3
0.3011050927839216,penumbra_standard:t3,-12.181537389983355,-10.482027022589719,,37,dax,,,,large,penumbra_standard,True,0.890347082388006,bias_corrected,large,2.4193326372654873,1.5289855548774813,size-penumbra_standard-dax-C50-S67-to37-small_to_large-mshoulder-d0p3-t3,False,shoulder,google/gemma-3-4b-pt,google_gemma_3_4b_pt,lower_standard_increases_bigness,standard_span,stated_standard,False,standard_straddle,small,-1,,base_gate_pred_large_expected_small,-9.762204752717867,-8.953041467712238,cf,-0.8091632850056296,67,50,penumbra-standard-C50-D0p3-dax-t3
0.3011050927839216,penumbra_standard:t3,-12.181537389983355,-10.482027022589719,,67,dax,,,,large,penumbra_standard,True,0.890347082388006,bias_corrected,large,2.4193326372654873,1.5289855548774813,size-penumbra_standard-dax-C50-S37-to67-large_to_small-mshoulder-d0p3-t3,False,shoulder,google/gemma-3-4b-pt,google_gemma_3_4b_pt,lower_standard_increases_bigness,standard_span,stated_standard,False,standard_straddle,small,1,,cf_gate_pred_large_expected_small,-9.762204752717867,-8.953041467712238,base,-0.8091632850056296,37,50,penumbra-standard-C50-D0p3-dax-t3
0.29266961396281993,penumbra_standard:t3,-12.181537389983355,-10.482027022589719,,67,dax,,,,small,penumbra_standard,True,-0.020110742240055046,bias_corrected,large,1.7110058993313473,1.6908951570912922,size-penumbra_standard-dax-C50-S37-to67-large_to_small-mshoulder-d0p3-t3,False,shoulder,google/gemma-3-4b-pt,google_gemma_3_4b_pt,lower_standard_increases_bigness,standard_span,stated_standard,False,standard_straddle,small,1,,cf_gate_pred_large_expected_small,-10.470531490652007,-8.791131865498427,cf,1.6793996251535805,37,50,penumbra-standard-C50-D0p3-dax-t3
0.49469624183610705,penumbra_standard:t3,-12.181537389983355,-10.482027022589719,,30,dax,,,,small,penumbra_standard,True,-0.18213663555149218,bias_corrected,large,2.0581287270824635,1.8759920915309714,size-penumbra_standard-dax-C50-S82-to30-small_to_large-mclear-d0p5-t3,False,clear,google/gemma-3-4b-pt,google_gemma_3_4b_pt,lower_standard_increases_bigness,standard_span,stated_standard,False,standard_straddle,small,-1,,base_gate_pred_large_expected_small,-10.123408662900891,-8.606034931058748,base,1.5173737318421434,82,50,penumbra-standard-C50-D0p5-dax-t3
0.5108256237659907,penumbra_standard:t3,-12.181537389983355,-10.482027022589719,,30,dax,,,,large,penumbra_standard,True,0.973523116613805,bias_corrected,large,0.8498519760971597,-0.1236711405166453,size-penumbra_standard-dax-C50-S82-to30-small_to_large-mclear-d0p5-t3,False,clear,google/gemma-3-4b-pt,google_gemma_3_4b_pt,lower_standard_increases_bigness,standard_span,stated_standard,False,standard_straddle,small,-1,,base_gate_pred_large_expected_small,-11.331685413886195,-10.605698163106364,cf,-0.7259872507798306,82,50,penumbra-standard-C50-D0p5-dax-t3
0.5108256237659907,penumbra_standard:t3,-12.181537389983355,-10.482027022589719,,82,dax,,,,large,penumbra_standard,True,0.973523116613805,bias_corrected,large,0.8498519760971597,-0.1236711405166453,size-penumbra_standard-dax-C50-S30-to82-large_to_small-mclear-d0p5-t3,False,clear,google/gemma-3-4b-pt,google_gemma_3_4b_pt,lower_standard_increases_bigness,standard_span,stated_standard,False,standard_straddle,small,1,,cf_gate_pred_large_expected_small,-11.331685413886195,-10.605698163106364,base,-0.7259872507798306,30,50,penumbra-standard-C50-D0p5-dax-t3
0.49469624183610705,penumbra_standard:t3,-12.181537389983355,-10.482027022589719,,82,dax,,,,small,penumbra_standard,True,-0.18213663555149218,bias_corrected,large,2.0581287270824635,1.8759920915309714,size-penumbra_standard-dax-C50-S30-to82-large_to_small-mclear-d0p5-t3,False,clear,google/gemma-3-4b-pt,google_gemma_3_4b_pt,lower_standard_increases_bigness,standard_span,stated_standard,False,standard_straddle,small,1,,cf_gate_pred_large_expected_small,-10.123408662900891,-8.606034931058748,cf,1.5173737318421434,30,50,penumbra-standard-C50-D0p5-dax-t3
0.019802627296179754,penumbra_standard:t3,-12.181537389983355,-10.482027022589719,,196,dax,,,,small,penumbra_standard,False,-0.3526487557569311,bias_corrected,large,-1.6713976664785726,-2.0240464222355037,size-penumbra_standard-dax-C200-S204-to196-small_to_large-mborderline-d0p02-t3,True,borderline,google/gemma-3-4b-pt,google_gemma_3_4b_pt,lower_standard_increases_bigness,standard_span,stated_standard,True,standard_straddle,small,-1,,,-13.852935056461927,-12.506073444825223,base,1.3468616116367045,204,200,penumbra-standard-C200-D0p02-dax-t3
0.02020270731751947,penumbra_standard:t3,-12.181537389983355,-10.482027022589719,,196,dax,,,,large,penumbra_standard,False,0.8835388894352647,bias_corrected,large,0.23100177606940875,-0.652537113365856,size-penumbra_standard-dax-C200-S204-to196-small_to_large-mborderline-d0p02-t3,True,borderline,google/gemma-3-4b-pt,google_gemma_3_4b_pt,lower_standard_increases_bigness,standard_span,stated_standard,True,standard_straddle,small,-1,,,-11.950535613913946,-11.134564135955575,cf,-0.8159714779583709,204,200,penumbra-standard-C200-D0p02-dax-t3
0.02020270731751947,penumbra_standard:t3,-12.181537389983355,-10.482027022589719,,204,dax,,,,large,penumbra_standard,False,0.8835388894352647,bias_corrected,large,0.23100177606940875,-0.652537113365856,size-penumbra_standard-dax-C200-S196-to204-large_to_small-mborderline-d0p02-t3,True,borderline,google/gemma-3-4b-pt,google_gemma_3_4b_pt,lower_standard_increases_bigness,standard_span,stated_standard,True,standard_straddle,small,1,,,-11.950535613913946,-11.134564135955575,base,-0.8159714779583709,196,200,penumbra-standard-C200-D0p02-dax-t3
0.019802627296179754,penumbra_standard:t3,-12.181537389983355,-10.482027022589719,,204,dax,,,,small,penumbra_standard,False,-0.3526487557569311,bias_corrected,large,-1.6713976664785726,-2.0240464222355037,size-penumbra_standard-dax-C200-S196-to204-large_to_small-mborderline-d0p02-t3,True,borderline,google/gemma-3-4b-pt,google_gemma_3_4b_pt,lower_standard_increases_bigness,standard_span,stated_standard,True,standard_straddle,small,1,,,-13.852935056461927,-12.506073444825223,cf,1.3468616116367045,196,200,penumbra-standard-C200-D0p02-dax-t3
0.048790164169432056,penumbra_standard:t3,-12.181537389983355,-10.482027022589719,,190,dax,,,,small,penumbra_standard,False,-0.46626715340157077,bias_corrected,large,-0.9023384330427362,-1.368605586444307,size-penumbra_standard-dax-C200-S210-to190-small_to_large-mborderline-d0p05-t3,True,borderline,google/gemma-3-4b-pt,google_gemma_3_4b_pt,lower_standard_increases_bigness,standard_span,stated_standard,True,standard_straddle,small,-1,,,-13.08387582302609,-11.850632609034026,base,1.2332432139920648,210,200,penumbra-standard-C200-D0p05-dax-t3
0.05129329438755048,penumbra_standard:t3,-12.181537389983355,-10.482027022589719,,190,dax,,,,large,penumbra_standard,False,0.954755994717928,bias_corrected,large,-0.5224986406727083,-1.4772546353906364,size-penumbra_standard-dax-C200-S210-to190-small_to_large-mborderline-d0p05-t3,True,borderline,google/gemma-3-4b-pt,google_gemma_3_4b_pt,lower_standard_increases_bigness,standard_span,stated_standard,True,standard_straddle,small,-1,,,-12.704036030656063,-11.959281657980355,cf,-0.7447543726757075,210,200,penumbra-standard-C200-D0p05-dax-t3
0.05129329438755048,penumbra_standard:t3,-12.181537389983355,-10.482027022589719,,210,dax,,,,large,penumbra_standard,False,0.954755994717928,bias_corrected,large,-0.5224986406727083,-1.4772546353906364,size-penumbra_standard-dax-C200-S190-to210-large_to_small-mborderline-d0p05-t3,True,borderline,google/gemma-3-4b-pt,google_gemma_3_4b_pt,lower_standard_increases_bigness,standard_span,stated_standard,True,standard_straddle,small,1,,,-12.704036030656063,-11.959281657980355,base,-0.7447543726757075,190,200,penumbra-standard-C200-D0p05-dax-t3
0.048790164169432056,penumbra_standard:t3,-12.181537389983355,-10.482027022589719,,210,dax,,,,small,penumbra_standard,False,-0.46626715340157077,bias_corrected,large,-0.9023384330427362,-1.368605586444307,size-penumbra_standard-dax-C200-S190-to210-large_to_small-mborderline-d0p05-t3,True,borderline,google/gemma-3-4b-pt,google_gemma_3_4b_pt,lower_standard_increases_bigness,standard_span,stated_standard,True,standard_straddle,small,1,,,-13.08387582302609,-11.850632609034026,cf,1.2332432139920648,190,200,penumbra-standard-C200-D0p05-dax-t3
0.09984533496971613,penumbra_standard:t3,-12.181537389983355,-10.482027022589719,,181,dax,,,,small,penumbra_standard,False,-0.4471204792878982,bias_corrected,large,-0.18932710219548632,-0.6364475814833845,size-penumbra_standard-dax-C200-S221-to181-small_to_large-mnear_boundary-d0p1-t3,True,near_boundary,google/gemma-3-4b-pt,google_gemma_3_4b_pt,lower_standard_increases_bigness,standard_span,stated_standard,True,standard_straddle,small,-1,,,-12.37086449217884,-11.118474604073104,base,1.2523898881057374,221,200,penumbra-standard-C200-D0p1-dax-t3
0.09982033528221099,penumbra_standard:t3,-12.181537389983355,-10.482027022589719,,181,dax,,,,large,penumbra_standard,False,1.0011196219100338,bias_corrected,large,0.5751862305092832,-0.4259333914007506,size-penumbra_standard-dax-C200-S221-to181-small_to_large-mnear_boundary-d0p1-t3,True,near_boundary,google/gemma-3-4b-pt,google_gemma_3_4b_pt,lower_standard_increases_bigness,standard_span,stated_standard,True,standard_straddle,small,-1,,,-11.606351159474071,-10.90796041399047,cf,-0.6983907454836018,221,200,penumbra-standard-C200-D0p1-dax-t3
0.09982033528221099,penumbra_standard:t3,-12.181537389983355,-10.482027022589719,,221,dax,,,,large,penumbra_standard,False,1.0011196219100338,bias_corrected,large,0.5751862305092832,-0.4259333914007506,size-penumbra_standard-dax-C200-S181-to221-large_to_small-mnear_boundary-d0p1-t3,True,near_boundary,google/gemma-3-4b-pt,google_gemma_3_4b_pt,lower_standard_increases_bigness,standard_span,stated_standard,True,standard_straddle,small,1,,,-11.606351159474071,-10.90796041399047,base,-0.6983907454836018,181,200,penumbra-standard-C200-D0p1-dax-t3
0.09984533496971613,penumbra_standard:t3,-12.181537389983355,-10.482027022589719,,221,dax,,,,small,penumbra_standard,False,-0.4471204792878982,bias_corrected,large,-0.18932710219548632,-0.6364475814833845,size-penumbra_standard-dax-C200-S181-to221-large_to_small-mnear_boundary-d0p1-t3,True,near_boundary,google/gemma-3-4b-pt,google_gemma_3_4b_pt,lower_standard_increases_bigness,standard_span,stated_standard,True,standard_straddle,small,1,,,-12.37086449217884,-11.118474604073104,cf,1.2523898881057374,181,200,penumbra-standard-C200-D0p1-dax-t3
0.14842000511827333,penumbra_standard:t3,-12.181537389983355,-10.482027022589719,,172,dax,,,,small,penumbra_standard,False,-0.6537671534015708,bias_corrected,large,-0.5064853904401971,-1.160252543841768,size-penumbra_standard-dax-C200-S232-to172-small_to_large-mnear_boundary-d0p15-t3,True,near_boundary,google/gemma-3-4b-pt,google_gemma_3_4b_pt,lower_standard_increases_bigness,standard_span,stated_standard,True,standard_straddle,small,-1,,,-12.688022780423552,-11.642279566431487,base,1.0457432139920648,232,200,penumbra-standard-C200-D0p15-dax-t3
0.1508228897345837,penumbra_standard:t3,-12.181537389983355,-10.482027022589719,,172,dax,,,,large,penumbra_standard,False,0.4033631282067205,bias_corrected,large,0.48995753555942656,0.08659440735270607,size-penumbra_standard-dax-C200-S232-to172-small_to_large-mnear_boundary-d0p15-t3,True,near_boundary,google/gemma-3-4b-pt,google_gemma_3_4b_pt,lower_standard_increases_bigness,standard_span,stated_standard,True,standard_straddle,small,-1,,,-11.691579854423928,-10.395432615237013,cf,-1.296147239186915,232,200,penumbra-standard-C200-D0p15-dax-t3
0.1508228897345837,penumbra_standard:t3,-12.181537389983355,-10.482027022589719,,232,dax,,,,large,penumbra_standard,False,0.4033631282067205,bias_corrected,large,0.48995753555942656,0.08659440735270607,size-penumbra_standard-dax-C200-S172-to232-large_to_small-mshoulder-d0p15-t3,True,shoulder,google/gemma-3-4b-pt,google_gemma_3_4b_pt,lower_standard_increases_bigness,standard_span,stated_standard,True,standard_straddle,small,1,,,-11.691579854423928,-10.395432615237013,base,-1.296147239186915,172,200,penumbra-standard-C200-D0p15-dax-t3
0.14842000511827333,penumbra_standard:t3,-12.181537389983355,-10.482027022589719,,232,dax,,,,small,penumbra_standard,False,-0.6537671534015708,bias_corrected,large,-0.5064853904401971,-1.160252543841768,size-penumbra_standard-dax-C200-S172-to232-large_to_small-mshoulder-d0p15-t3,True,shoulder,google/gemma-3-4b-pt,google_gemma_3_4b_pt,lower_standard_increases_bigness,standard_span,stated_standard,True,standard_straddle,small,1,,,-12.688022780423552,-11.642279566431487,cf,1.0457432139920648,172,200,penumbra-standard-C200-D0p15-dax-t3
0.30010459245033816,penumbra_standard:t3,-12.181537389983355,-10.482027022589719,,148,dax,,,,small,penumbra_standard,True,0.18362566521101975,bias_corrected,small,-0.45854004064201703,-0.2749143754309973,size-penumbra_standard-dax-C200-S270-to148-small_to_large-mshoulder-d0p3-t3,True,shoulder,google/gemma-3-4b-pt,google_gemma_3_4b_pt,lower_standard_increases_bigness,standard_span,stated_standard,False,standard_straddle,small,-1,,,-12.640077430625372,-10.756941398020716,base,1.8831360326046553,270,200,penumbra-standard-C200-D0p3-dax-t3
0.3011050927839216,penumbra_standard:t3,-12.181537389983355,-10.482027022589719,,148,dax,,,,large,penumbra_standard,True,1.1633528325802498,bias_corrected,large,1.2712567595999094,0.10790392701965956,size-penumbra_standard-dax-C200-S270-to148-small_to_large-mshoulder-d0p3-t3,True,shoulder,google/gemma-3-4b-pt,google_gemma_3_4b_pt,lower_standard_increases_bigness,standard_span,stated_standard,False,standard_straddle,small,-1,,,-10.910280630383445,-10.37412309557006,cf,-0.5361575348133858,270,200,penumbra-standard-C200-D0p3-dax-t3
0.3011050927839216,penumbra_standard:t3,-12.181537389983355,-10.482027022589719,,270,dax,,,,large,penumbra_standard,True,1.1633528325802498,bias_corrected,large,1.2712567595999094,0.10790392701965956,size-penumbra_standard-dax-C200-S148-to270-large_to_small-mshoulder-d0p3-t3,True,shoulder,google/gemma-3-4b-pt,google_gemma_3_4b_pt,lower_standard_increases_bigness,standard_span,stated_standard,False,standard_straddle,small,1,,,-10.910280630383445,-10.37412309557006,base,-0.5361575348133858,148,200,penumbra-standard-C200-D0p3-dax-t3
0.30010459245033816,penumbra_standard:t3,-12.181537389983355,-10.482027022589719,,270,dax,,,,small,penumbra_standard,True,0.18362566521101975,bias_corrected,small,-0.45854004064201703,-0.2749143754309973,size-penumbra_standard-dax-C200-S148-to270-large_to_small-mshoulder-d0p3-t3,True,shoulder,google/gemma-3-4b-pt,google_gemma_3_4b_pt,lower_standard_increases_bigness,standard_span,stated_standard,False,standard_straddle,small,1,,,-12.640077430625372,-10.756941398020716,cf,1.8831360326046553,148,200,penumbra-standard-C200-D0p3-dax-t3
0.5007752879124893,penumbra_standard:t3,-12.181537389983355,-10.482027022589719,,121,dax,,,,small,penumbra_standard,True,0.11737138847687412,bias_corrected,small,2.197658460944897,2.315029849421771,size-penumbra_standard-dax-C200-S330-to121-small_to_large-mclear-d0p5-t3,True,clear,google/gemma-3-4b-pt,google_gemma_3_4b_pt,lower_standard_increases_bigness,standard_span,stated_standard,False,standard_straddle,small,-1,,,-9.983878929038458,-8.166997173167948,base,1.8168817558705097,330,200,penumbra-standard-C200-D0p5-dax-t3
0.5025268209512956,penumbra_standard:t3,-12.181537389983355,-10.482027022589719,,121,dax,,,,large,penumbra_standard,True,0.3694976438851505,bias_corrected,large,0.9846055822373856,0.6151079383522351,size-penumbra_standard-dax-C200-S330-to121-small_to_large-mclear-d0p5-t3,True,clear,google/gemma-3-4b-pt,google_gemma_3_4b_pt,lower_standard_increases_bigness,standard_span,stated_standard,False,standard_straddle,small,-1,,,-11.196931807745969,-9.866919084237484,cf,-1.330012723508485,330,200,penumbra-standard-C200-D0p5-dax-t3
0.5025268209512956,penumbra_standard:t3,-12.181537389983355,-10.482027022589719,,330,dax,,,,large,penumbra_standard,True,0.3694976438851505,bias_corrected,large,0.9846055822373856,0.6151079383522351,size-penumbra_standard-dax-C200-S121-to330-large_to_small-mclear-d0p5-t3,True,clear,google/gemma-3-4b-pt,google_gemma_3_4b_pt,lower_standard_increases_bigness,standard_span,stated_standard,False,standard_straddle,small,1,,,-11.196931807745969,-9.866919084237484,base,-1.330012723508485,121,200,penumbra-standard-C200-D0p5-dax-t3
0.5007752879124893,penumbra_standard:t3,-12.181537389983355,-10.482027022589719,,330,dax,,,,small,penumbra_standard,True,0.11737138847687412,bias_corrected,small,2.197658460944897,2.315029849421771,size-penumbra_standard-dax-C200-S121-to330-large_to_small-mclear-d0p5-t3,True,clear,google/gemma-3-4b-pt,google_gemma_3_4b_pt,lower_standard_increases_bigness,standard_span,stated_standard,False,standard_straddle,small,1,,,-9.983878929038458,-8.166997173167948,cf,1.8168817558705097,121,200,penumbra-standard-C200-D0p5-dax-t3
0.019802627296179754,penumbra_standard:t3,-12.181537389983355,-10.482027022589719,,490,dax,,,,small,penumbra_standard,False,0.33582707414607604,bias_corrected,small,0.4581974288773871,0.7940245030234632,size-penumbra_standard-dax-C500-S510-to490-small_to_large-mborderline-d0p02-t3,True,borderline,google/gemma-3-4b-pt,google_gemma_3_4b_pt,lower_standard_increases_bigness,standard_span,stated_standard,True,standard_straddle,small,-1,,,-11.723339961105967,-9.688002519566256,base,2.0353374415397116,510,500,penumbra-standard-C500-D0p02-dax-t3
0.02020270731751947,penumbra_standard:t3,-12.181537389983355,-10.482027022589719,,490,dax,,,,large,penumbra_standard,False,0.5990503032331702,bias_corrected,large,-0.13524119572235627,-0.7342914989555265,size-penumbra_standard-dax-C500-S510-to490-small_to_large-mborderline-d0p02-t3,True,borderline,google/gemma-3-4b-pt,google_gemma_3_4b_pt,lower_standard_increases_bigness,standard_span,stated_standard,True,standard_straddle,small,-1,,,-12.31677858570571,-11.216318521545245,cf,-1.1004600641604654,510,500,penumbra-standard-C500-D0p02-dax-t3
0.02020270731751947,penumbra_standard:t3,-12.181537389983355,-10.482027022589719,,510,dax,,,,large,penumbra_standard,False,0.5990503032331702,bias_corrected,large,-0.13524119572235627,-0.7342914989555265,size-penumbra_standard-dax-C500-S490-to510-large_to_small-mborderline-d0p02-t3,True,borderline,google/gemma-3-4b-pt,google_gemma_3_4b_pt,lower_standard_increases_bigness,standard_span,stated_standard,True,standard_straddle,small,1,,,-12.31677858570571,-11.216318521545245,base,-1.1004600641604654,490,500,penumbra-standard-C500-D0p02-dax-t3
0.019802627296179754,penumbra_standard:t3,-12.181537389983355,-10.482027022589719,,510,dax,,,,small,penumbra_standard,False,0.33582707414607604,bias_corrected,small,0.4581974288773871,0.7940245030234632,size-penumbra_standard-dax-C500-S490-to510-large_to_small-mborderline-d0p02-t3,True,borderline,google/gemma-3-4b-pt,google_gemma_3_4b_pt,lower_standard_increases_bigness,standard_span,stated_standard,True,standard_straddle,small,1,,,-11.723339961105967,-9.688002519566256,cf,2.0353374415397116,490,500,penumbra-standard-C500-D0p02-dax-t3
0.050693114315518095,penumbra_standard:t3,-12.181537389983355,-10.482027022589719,,476,dax,,,,small,penumbra_standard,False,-0.15937827092859003,bias_corrected,large,0.7509379852315998,0.5915597143030098,size-penumbra_standard-dax-C500-S526-to476-small_to_large-mborderline-d0p05-t3,True,borderline,google/gemma-3-4b-pt,google_gemma_3_4b_pt,lower_standard_increases_bigness,standard_span,stated_standard,True,standard_straddle,small,-1,,,-11.430599404751755,-9.89046730828671,base,1.5401320964650456,526,500,penumbra-standard-C500-D0p05-dax-t3
0.04919024419077178,penumbra_standard:t3,-12.181537389983355,-10.482027022589719,,476,dax,,,,large,penumbra_standard,False,0.1769507881730945,bias_corrected,large,-0.23748017690511958,-0.4144309650782141,size-penumbra_standard-dax-C500-S526-to476-small_to_large-mborderline-d0p05-t3,True,borderline,google/gemma-3-4b-pt,google_gemma_3_4b_pt,lower_standard_increases_bigness,standard_span,stated_standard,True,standard_straddle,small,-1,,,-12.419017566888474,-10.896457987667933,cf,-1.522559579220541,526,500,penumbra-standard-C500-D0p05-dax-t3
0.04919024419077178,penumbra_standard:t3,-12.181537389983355,-10.482027022589719,,526,dax,,,,large,penumbra_standard,False,0.1769507881730945,bias_corrected,large,-0.23748017690511958,-0.4144309650782141,size-penumbra_standard-dax-C500-S476-to526-large_to_small-mborderline-d0p05-t3,True,borderline,google/gemma-3-4b-pt,google_gemma_3_4b_pt,lower_standard_increases_bigness,standard_span,stated_standard,True,standard_straddle,small,1,,,-12.419017566888474,-10.896457987667933,base,-1.522559579220541,476,500,penumbra-standard-C500-D0p05-dax-t3
0.050693114315518095,penumbra_standard:t3,-12.181537389983355,-10.482027022589719,,526,dax,,,,small,penumbra_standard,False,-0.15937827092859003,bias_corrected,large,0.7509379852315998,0.5915597143030098,size-penumbra_standard-dax-C500-S476-to526-large_to_small-mborderline-d0p05-t3,True,borderline,google/gemma-3-4b-pt,google_gemma_3_4b_pt,lower_standard_increases_bigness,standard_span,stated_standard,True,standard_straddle,small,1,,,-11.430599404751755,-9.89046730828671,cf,1.5401320964650456,476,500,penumbra-standard-C500-D0p05-dax-t3
0.10074990310014302,penumbra_standard:t3,-12.181537389983355,-10.482027022589719,,452,dax,,,,small,penumbra_standard,False,0.08638798953591476,bias_corrected,small,0.03157206967395787,0.11796005920987263,size-penumbra_standard-dax-C500-S553-to452-small_to_large-mnear_boundary-d0p1-t3,True,near_boundary,google/gemma-3-4b-pt,google_gemma_3_4b_pt,lower_standard_increases_bigness,standard_span,stated_standard,True,standard_straddle,small,-1,,,-12.149965320309397,-10.364066963379846,base,1.7858983569295503,553,500,penumbra-standard-C500-D0p1-dax-t3
0.1009259185899605,penumbra_standard:t3,-12.181537389983355,-10.482027022589719,,452,dax,,,,large,penumbra_standard,False,-0.0987088136760157,bias_corrected,small,-0.2659517819660291,-0.1672429682900134,size-penumbra_standard-dax-C500-S553-to452-small_to_large-mnear_boundary-d0p1-t3,True,near_boundary,google/gemma-3-4b-pt,google_gemma_3_4b_pt,lower_standard_increases_bigness,standard_span,stated_standard,True,standard_straddle,small,-1,,,-12.447489171949384,-10.649269990879732,cf,-1.7982191810696513,553,500,penumbra-standard-C500-D0p1-dax-t3
0.1009259185899605,penumbra_standard:t3,-12.181537389983355,-10.482027022589719,,553,dax,,,,large,penumbra_standard,False,-0.0987088136760157,bias_corrected,small,-0.2659517819660291,-0.1672429682900134,size-penumbra_standard-dax-C500-S452-to553-large_to_small-mnear_boundary-d0p1-t3,True,near_boundary,google/gemma-3-4b-pt,google_gemma_3_4b_pt,lower_standard_increases_bigness,standard_span,stated_standard,True,standard_straddle,small,1,,,-12.447489171949384,-10.649269990879732,base,-1.7982191810696513,452,500,penumbra-standard-C500-D0p1-dax-t3
0.10074990310014302,penumbra_standard:t3,-12.181537389983355,-10.482027022589719,,553,dax,,,,small,penumbra_standard,False,0.08638798953591476,bias_corrected,small,0.03157206967395787,0.11796005920987263,size-penumbra_standard-dax-C500-S452-to553-large_to_small-mnear_boundary-d0p1-t3,True,near_boundary,google/gemma-3-4b-pt,google_gemma_3_4b_pt,lower_standard_increases_bigness,standard_span,stated_standard,True,standard_straddle,small,1,,,-12.149965320309397,-10.364066963379846,cf,1.7858983569295503,452,500,penumbra-standard-C500-D0p1-dax-t3
0.019802627296179754,penumbra_standard:t3,-12.181537389983355,-10.482027022589719,,49,fenzel,,,,small,penumbra_standard,False,2.0064425958527714,bias_corrected,small,-1.9129231970629732,0.0935193987897982,size-penumbra_standard-fenzel-C50-S51-to49-small_to_large-mborderline-d0p02-t3,True,borderline,google/gemma-3-4b-pt,google_gemma_3_4b_pt,lower_standard_increases_bigness,standard_span,stated_standard,True,standard_straddle,small,-1,,,-14.094460587046328,-10.38850762379992,base,3.705952963246407,51,50,penumbra-standard-C50-D0p02-fenzel-t3
0.02020270731751947,penumbra_standard:t3,-12.181537389983355,-10.482027022589719,,49,fenzel,,,,large,penumbra_standard,False,-0.1263239284654123,bias_corrected,small,0.8173171745687906,0.9436411030342029,size-penumbra_standard-fenzel-C50-S51-to49-small_to_large-mborderline-d0p02-t3,True,borderline,google/gemma-3-4b-pt,google_gemma_3_4b_pt,lower_standard_increases_bigness,standard_span,stated_standard,True,standard_straddle,small,-1,,,-11.364220215414564,-9.538385919555516,cf,-1.8258342958590479,51,50,penumbra-standard-C50-D0p02-fenzel-t3
0.02020270731751947,penumbra_standard:t3,-12.181537389983355,-10.482027022589719,,51,fenzel,,,,large,penumbra_standard,False,-0.1263239284654123,bias_corrected,small,0.8173171745687906,0.9436411030342029,size-penumbra_standard-fenzel-C50-S49-to51-large_to_small-mborderline-d0p02-t3,True,borderline,google/gemma-3-4b-pt,google_gemma_3_4b_pt,lower_standard_increases_bigness,standard_span,stated_standard,True,standard_straddle,small,1,,,-11.364220215414564,-9.538385919555516,base,-1.8258342958590479,49,50,penumbra-standard-C50-D0p02-fenzel-t3
0.019802627296179754,penumbra_standard:t3,-12.181537389983355,-10.482027022589719,,51,fenzel,,,,small,penumbra_standard,False,2.0064425958527714,bias_corrected,small,-1.9129231970629732,0.0935193987897982,size-penumbra_standard-fenzel-C50-S49-to51-large_to_small-mborderline-d0p02-t3,True,borderline,google/gemma-3-4b-pt,google_gemma_3_4b_pt,lower_standard_increases_bigness,standard_span,stated_standard,True,standard_straddle,small,1,,,-14.094460587046328,-10.38850762379992,cf,3.705952963246407,49,50,penumbra-standard-C50-D0p02-fenzel-t3
0.05826890812397576,penumbra_standard:t3,-12.181537389983355,-10.482027022589719,,48,fenzel,,,,small,penumbra_standard,False,1.3582774698991358,bias_corrected,small,-0.66713963094859,0.6911378389505458,size-penumbra_standard-fenzel-C50-S53-to48-small_to_large-mborderline-d0p05-t3,True,borderline,google/gemma-3-4b-pt,google_gemma_3_4b_pt,lower_standard_increases_bigness,standard_span,stated_standard,True,standard_straddle,small,-1,,,-12.848677020931945,-9.790889183639173,base,3.0577878372927714,53,50,penumbra-standard-C50-D0p05-fenzel-t3
0.0408219945202552,penumbra_standard:t3,-12.181537389983355,-10.482027022589719,,48,fenzel,,,,large,penumbra_standard,False,-0.24345253490078633,bias_corrected,small,-0.3096745377833514,-0.06622200288256508,size-penumbra_standard-fenzel-C50-S53-to48-small_to_large-mborderline-d0p05-t3,True,borderline,google/gemma-3-4b-pt,google_gemma_3_4b_pt,lower_standard_increases_bigness,standard_span,stated_standard,True,standard_straddle,small,-1,,,-12.491211927766706,-10.548249025472284,cf,-1.942962902294422,53,50,penumbra-standard-C50-D0p05-fenzel-t3
0.0408219945202552,penumbra_standard:t3,-12.181537389983355,-10.482027022589719,,53,fenzel,,,,large,penumbra_standard,False,-0.24345253490078633,bias_corrected,small,-0.3096745377833514,-0.06622200288256508,size-penumbra_standard-fenzel-C50-S48-to53-large_to_small-mborderline-d0p05-t3,True,borderline,google/gemma-3-4b-pt,google_gemma_3_4b_pt,lower_standard_increases_bigness,standard_span,stated_standard,True,standard_straddle,small,1,,,-12.491211927766706,-10.548249025472284,base,-1.942962902294422,48,50,penumbra-standard-C50-D0p05-fenzel-t3
0.05826890812397576,penumbra_standard:t3,-12.181537389983355,-10.482027022589719,,53,fenzel,,,,small,penumbra_standard,False,1.3582774698991358,bias_corrected,small,-0.66713963094859,0.6911378389505458,size-penumbra_standard-fenzel-C50-S48-to53-large_to_small-mborderline-d0p05-t3,True,borderline,google/gemma-3-4b-pt,google_gemma_3_4b_pt,lower_standard_increases_bigness,standard_span,stated_standard,True,standard_straddle,small,1,,,-12.848677020931945,-9.790889183639173,cf,3.0577878372927714,48,50,penumbra-standard-C50-D0p05-fenzel-t3
0.0953101798043249,penumbra_standard:t3,-12.181537389983355,-10.482027022589719,,45,fenzel,,,,small,penumbra_standard,False,1.5690640400813223,bias_corrected,small,-1.5712164552098233,-0.0021524151285010618,size-penumbra_standard-fenzel-C50-S55-to45-small_to_large-mnear_boundary-d0p1-t3,True,near_boundary,google/gemma-3-4b-pt,google_gemma_3_4b_pt,lower_standard_increases_bigness,standard_span,stated_standard,True,standard_straddle,small,-1,,,-13.752753845193178,-10.48417943771822,base,3.268574407474958,55,50,penumbra-standard-C50-D0p1-fenzel-t3
0.10536051565782635,penumbra_standard:t3,-12.181537389983355,-10.482027022589719,,45,fenzel,,,,large,penumbra_standard,False,-1.2750646190666064,bias_corrected,small,-1.0629192863802075,0.2121453326863989,size-penumbra_standard-fenzel-C50-S55-to45-small_to_large-mnear_boundary-d0p1-t3,True,near_boundary,google/gemma-3-4b-pt,google_gemma_3_4b_pt,lower_standard_increases_bigness,standard_span,stated_standard,True,standard_straddle,small,-1,,,-13.244456676363562,-10.26988168990332,cf,-2.974574986460242,55,50,penumbra-standard-C50-D0p1-fenzel-t3
0.10536051565782635,penumbra_standard:t3,-12.181537389983355,-10.482027022589719,,55,fenzel,,,,large,penumbra_standard,False,-1.2750646190666064,bias_corrected,small,-1.0629192863802075,0.2121453326863989,size-penumbra_standard-fenzel-C50-S45-to55-large_to_small-mnear_boundary-d0p1-t3,True,near_boundary,google/gemma-3-4b-pt,google_gemma_3_4b_pt,lower_standard_increases_bigness,standard_span,stated_standard,True,standard_straddle,small,1,,,-13.244456676363562,-10.26988168990332,base,-2.974574986460242,45,50,penumbra-standard-C50-D0p1-fenzel-t3
0.0953101798043249,penumbra_standard:t3,-12.181537389983355,-10.482027022589719,,55,fenzel,,,,small,penumbra_standard,False,1.5690640400813223,bias_corrected,small,-1.5712164552098233,-0.0021524151285010618,size-penumbra_standard-fenzel-C50-S45-to55-large_to_small-mnear_boundary-d0p1-t3,True,near_boundary,google/gemma-3-4b-pt,google_gemma_3_4b_pt,lower_standard_increases_bigness,standard_span,stated_standard,True,standard_straddle,small,1,,,-13.752753845193178,-10.48417943771822,cf,3.268574407474958,45,50,penumbra-standard-C50-D0p1-fenzel-t3
0.14842000511827333,penumbra_standard:t3,-12.181537389983355,-10.482027022589719,,43,fenzel,,,,small,penumbra_standard,False,1.345319470175621,bias_corrected,small,-1.3699057456905734,-0.024586275514952405,size-penumbra_standard-fenzel-C50-S58-to43-small_to_large-mnear_boundary-d0p15-t3,True,near_boundary,google/gemma-3-4b-pt,google_gemma_3_4b_pt,lower_standard_increases_bigness,standard_span,stated_standard,True,standard_straddle,small,-1,,,-13.551443135673928,-10.506613298104671,base,3.0448298375692566,58,50,penumbra-standard-C50-D0p15-fenzel-t3
0.1508228897345837,penumbra_standard:t3,-12.181537389983355,-10.482027022589719,,43,fenzel,,,,large,penumbra_standard,False,-0.8917362841461323,bias_corrected,small,-0.16481738571257765,0.7269188984335546,size-penumbra_standard-fenzel-C50-S58-to43-small_to_large-mnear_boundary-d0p15-t3,True,near_boundary,google/gemma-3-4b-pt,google_gemma_3_4b_pt,lower_standard_increases_bigness,standard_span,stated_standard,True,standard_straddle,small,-1,,,-12.346354775695932,-9.755108124156164,cf,-2.591246651539768,58,50,penumbra-standard-C50-D0p15-fenzel-t3
0.1508228897345837,penumbra_standard:t3,-12.181537389983355,-10.482027022589719,,58,fenzel,,,,large,penumbra_standard,False,-0.8917362841461323,bias_corrected,small,-0.16481738571257765,0.7269188984335546,size-penumbra_standard-fenzel-C50-S43-to58-large_to_small-mshoulder-d0p15-t3,True,shoulder,google/gemma-3-4b-pt,google_gemma_3_4b_pt,lower_standard_increases_bigness,standard_span,stated_standard,True,standard_straddle,small,1,,,-12.346354775695932,-9.755108124156164,base,-2.591246651539768,43,50,penumbra-standard-C50-D0p15-fenzel-t3
0.14842000511827333,penumbra_standard:t3,-12.181537389983355,-10.482027022589719,,58,fenzel,,,,small,penumbra_standard,False,1.345319470175621,bias_corrected,small,-1.3699057456905734,-0.024586275514952405,size-penumbra_standard-fenzel-C50-S43-to58-large_to_small-mshoulder-d0p15-t3,True,shoulder,google/gemma-3-4b-pt,google_gemma_3_4b_pt,lower_standard_increases_bigness,standard_span,stated_standard,True,standard_straddle,small,1,,,-13.551443135673928,-10.506613298104671,cf,3.0448298375692566,43,50,penumbra-standard-C50-D0p15-fenzel-t3
0.29266961396281993,penumbra_standard:t3,-12.181537389983355,-10.482027022589719,,37,fenzel,,,,small,penumbra_standard,True,1.3848901610042983,bias_corrected,small,-0.7297477200144957,0.6551424409898026,size-penumbra_standard-fenzel-C50-S67-to37-small_to_large-mshoulder-d0p3-t3,False,shoulder,google/gemma-3-4b-pt,google_gemma_3_4b_pt,lower_standard_increases_bigness,standard_span,stated_standard,False,standard_straddle,small,-1,,cf_gate_pred_small_expected_large,-12.91128510999785,-9.826884581599916,base,3.084400528397934,67,50,penumbra-standard-C50-D0p3-fenzel-t3
0.3011050927839216,penumbra_standard:t3,-12.181537389983355,-10.482027022589719,,37,fenzel,,,,large,penumbra_standard,True,-0.7975333962366076,bias_corrected,small,-0.2585885413063753,0.5389448549302323,size-penumbra_standard-fenzel-C50-S67-to37-small_to_large-mshoulder-d0p3-t3,False,shoulder,google/gemma-3-4b-pt,google_gemma_3_4b_pt,lower_standard_increases_bigness,standard_span,stated_standard,False,standard_straddle,small,-1,,cf_gate_pred_small_expected_large,-12.44012593128973,-9.943082167659487,cf,-2.497043763630243,67,50,penumbra-standard-C50-D0p3-fenzel-t3
0.3011050927839216,penumbra_standard:t3,-12.181537389983355,-10.482027022589719,,67,fenzel,,,,large,penumbra_standard,True,-0.7975333962366076,bias_corrected,small,-0.2585885413063753,0.5389448549302323,size-penumbra_standard-fenzel-C50-S37-to67-large_to_small-mshoulder-d0p3-t3,False,shoulder,google/gemma-3-4b-pt,google_gemma_3_4b_pt,lower_standard_increases_bigness,standard_span,stated_standard,False,standard_straddle,small,1,,base_gate_pred_small_expected_large,-12.44012593128973,-9.943082167659487,base,-2.497043763630243,37,50,penumbra-standard-C50-D0p3-fenzel-t3
0.29266961396281993,penumbra_standard:t3,-12.181537389983355,-10.482027022589719,,67,fenzel,,,,small,penumbra_standard,True,1.3848901610042983,bias_corrected,small,-0.7297477200144957,0.6551424409898026,size-penumbra_standard-fenzel-C50-S37-to67-large_to_small-mshoulder-d0p3-t3,False,shoulder,google/gemma-3-4b-pt,google_gemma_3_4b_pt,lower_standard_increases_bigness,standard_span,stated_standard,False,standard_straddle,small,1,,base_gate_pred_small_expected_large,-12.91128510999785,-9.826884581599916,cf,3.084400528397934,37,50,penumbra-standard-C50-D0p3-fenzel-t3
0.49469624183610705,penumbra_standard:t3,-12.181537389983355,-10.482027022589719,,30,fenzel,,,,small,penumbra_standard,True,0.7901506787341308,bias_corrected,small,-0.03858185668001468,0.7515688220541161,size-penumbra_standard-fenzel-C50-S82-to30-small_to_large-mclear-d0p5-t3,False,clear,google/gemma-3-4b-pt,google_gemma_3_4b_pt,lower_standard_increases_bigness,standard_span,stated_standard,False,standard_straddle,small,-1,,cf_gate_pred_small_expected_large,-12.22011924666337,-9.730458200535603,base,2.4896610461277664,82,50,penumbra-standard-C50-D0p5-fenzel-t3
0.5108256237659907,penumbra_standard:t3,-12.181537389983355,-10.482027022589719,,30,fenzel,,,,large,penumbra_standard,True,-0.08080139744486026,bias_corrected,small,-0.11027417708562304,-0.02947277964076278,size-penumbra_standard-fenzel-C50-S82-to30-small_to_large-mclear-d0p5-t3,False,clear,google/gemma-3-4b-pt,google_gemma_3_4b_pt,lower_standard_increases_bigness,standard_span,stated_standard,False,standard_straddle,small,-1,,cf_gate_pred_small_expected_large,-12.291811567068978,-10.511499802230482,cf,-1.7803117648384958,82,50,penumbra-standard-C50-D0p5-fenzel-t3
0.5108256237659907,penumbra_standard:t3,-12.181537389983355,-10.482027022589719,,82,fenzel,,,,large,penumbra_standard,True,-0.08080139744486026,bias_corrected,small,-0.11027417708562304,-0.02947277964076278,size-penumbra_standard-fenzel-C50-S30-to82-large_to_small-mclear-d0p5-t3,False,clear,google/gemma-3-4b-pt,google_gemma_3_4b_pt,lower_standard_increases_bigness,standard_span,stated_standard,False,standard_straddle,small,1,,base_gate_pred_small_expected_large,-12.291811567068978,-10.511499802230482,base,-1.7803117648384958,30,50,penumbra-standard-C50-D0p5-fenzel-t3
0.49469624183610705,penumbra_standard:t3,-12.181537389983355,-10.482027022589719,,82,fenzel,,,,small,penumbra_standard,True,0.7901506787341308,bias_corrected,small,-0.03858185668001468,0.7515688220541161,size-penumbra_standard-fenzel-C50-S30-to82-large_to_small-mclear-d0p5-t3,False,clear,google/gemma-3-4b-pt,google_gemma_3_4b_pt,lower_standard_increases_bigness,standard_span,stated_standard,False,standard_straddle,small,1,,base_gate_pred_small_expected_large,-12.22011924666337,-9.730458200535603,cf,2.4896610461277664,30,50,penumbra-standard-C50-D0p5-fenzel-t3
0.019802627296179754,penumbra_standard:t3,-12.181537389983355,-10.482027022589719,,196,fenzel,,,,small,penumbra_standard,False,-0.4987138510506046,bias_corrected,large,-0.9545435940109481,-1.4532574450615527,size-penumbra_standard-fenzel-C200-S204-to196-small_to_large-mborderline-d0p02-t3,True,borderline,google/gemma-3-4b-pt,google_gemma_3_4b_pt,lower_standard_increases_bigness,standard_span,stated_standard,True,standard_straddle,small,-1,,,-13.136080983994303,-11.935284467651272,base,1.200796516343031,204,200,penumbra-standard-C200-D0p02-fenzel-t3
0.02020270731751947,penumbra_standard:t3,-12.181537389983355,-10.482027022589719,,196,fenzel,,,,large,penumbra_standard,False,0.7961456978553194,bias_corrected,large,-0.4434847636465413,-1.2396304615018607,size-penumbra_standard-fenzel-C200-S204-to196-small_to_large-mborderline-d0p02-t3,True,borderline,google/gemma-3-4b-pt,google_gemma_3_4b_pt,lower_standard_increases_bigness,standard_span,stated_standard,True,standard_straddle,small,-1,,,-12.625022153629896,-11.72165748409158,cf,-0.9033646695383162,204,200,penumbra-standard-C200-D0p02-fenzel-t3
0.02020270731751947,penumbra_standard:t3,-12.181537389983355,-10.482027022589719,,204,fenzel,,,,large,penumbra_standard,False,0.7961456978553194,bias_corrected,large,-0.4434847636465413,-1.2396304615018607,size-penumbra_standard-fenzel-C200-S196-to204-large_to_small-mborderline-d0p02-t3,True,borderline,google/gemma-3-4b-pt,google_gemma_3_4b_pt,lower_standard_increases_bigness,standard_span,stated_standard,True,standard_straddle,small,1,,,-12.625022153629896,-11.72165748409158,base,-0.9033646695383162,196,200,penumbra-standard-C200-D0p02-fenzel-t3
0.019802627296179754,penumbra_standard:t3,-12.181537389983355,-10.482027022589719,,204,fenzel,,,,small,penumbra_standard,False,-0.4987138510506046,bias_corrected,large,-0.9545435940109481,-1.4532574450615527,size-penumbra_standard-fenzel-C200-S196-to204-large_to_small-mborderline-d0p02-t3,True,borderline,google/gemma-3-4b-pt,google_gemma_3_4b_pt,lower_standard_increases_bigness,standard_span,stated_standard,True,standard_straddle,small,1,,,-13.136080983994303,-11.935284467651272,cf,1.200796516343031,196,200,penumbra-standard-C200-D0p02-fenzel-t3
0.048790164169432056,penumbra_standard:t3,-12.181537389983355,-10.482027022589719,,190,fenzel,,,,small,penumbra_standard,False,-0.35978027761531983,bias_corrected,large,-1.544136054068245,-1.9039163316835648,size-penumbra_standard-fenzel-C200-S210-to190-small_to_large-mborderline-d0p05-t3,True,borderline,google/gemma-3-4b-pt,google_gemma_3_4b_pt,lower_standard_increases_bigness,standard_span,stated_standard,True,standard_straddle,small,-1,,,-13.7256734440516,-12.385943354273284,base,1.3397300897783158,210,200,penumbra-standard-C200-D0p05-fenzel-t3
0.05129329438755048,penumbra_standard:t3,-12.181537389983355,-10.482027022589719,,190,fenzel,,,,large,penumbra_standard,False,0.9235965353843021,bias_corrected,large,-0.2283311897864806,-1.1519277251707827,size-penumbra_standard-fenzel-C200-S210-to190-small_to_large-mborderline-d0p05-t3,True,borderline,google/gemma-3-4b-pt,google_gemma_3_4b_pt,lower_standard_increases_bigness,standard_span,stated_standard,True,standard_straddle,small,-1,,,-12.409868579769835,-11.633954747760502,cf,-0.7759138320093335,210,200,penumbra-standard-C200-D0p05-fenzel-t3
0.05129329438755048,penumbra_standard:t3,-12.181537389983355,-10.482027022589719,,210,fenzel,,,,large,penumbra_standard,False,0.9235965353843021,bias_corrected,large,-0.2283311897864806,-1.1519277251707827,size-penumbra_standard-fenzel-C200-S190-to210-large_to_small-mborderline-d0p05-t3,True,borderline,google/gemma-3-4b-pt,google_gemma_3_4b_pt,lower_standard_increases_bigness,standard_span,stated_standard,True,standard_straddle,small,1,,,-12.409868579769835,-11.633954747760502,base,-0.7759138320093335,190,200,penumbra-standard-C200-D0p05-fenzel-t3
0.048790164169432056,penumbra_standard:t3,-12.181537389983355,-10.482027022589719,,210,fenzel,,,,small,penumbra_standard,False,-0.35978027761531983,bias_corrected,large,-1.544136054068245,-1.9039163316835648,size-penumbra_standard-fenzel-C200-S190-to210-large_to_small-mborderline-d0p05-t3,True,borderline,google/gemma-3-4b-pt,google_gemma_3_4b_pt,lower_standard_increases_bigness,standard_span,stated_standard,True,standard_straddle,small,1,,,-13.7256734440516,-12.385943354273284,cf,1.3397300897783158,190,200,penumbra-standard-C200-D0p05-fenzel-t3
0.09984533496971613,penumbra_standard:t3,-12.181537389983355,-10.482027022589719,,181,fenzel,,,,small,penumbra_standard,False,-0.23286613192295214,bias_corrected,large,-0.8519226128211486,-1.0847887447441007,size-penumbra_standard-fenzel-C200-S221-to181-small_to_large-mnear_boundary-d0p1-t3,True,near_boundary,google/gemma-3-4b-pt,google_gemma_3_4b_pt,lower_standard_increases_bigness,standard_span,stated_standard,True,standard_straddle,small,-1,,,-13.033460002804503,-11.56681576733382,base,1.4666442354706835,221,200,penumbra-standard-C200-D0p1-fenzel-t3
0.09982033528221099,penumbra_standard:t3,-12.181537389983355,-10.482027022589719,,181,fenzel,,,,large,penumbra_standard,False,0.6768960230353169,bias_corrected,large,-0.5214576788241043,-1.1983537018594212,size-penumbra_standard-fenzel-C200-S221-to181-small_to_large-mnear_boundary-d0p1-t3,True,near_boundary,google/gemma-3-4b-pt,google_gemma_3_4b_pt,lower_standard_increases_bigness,standard_span,stated_standard,True,standard_straddle,small,-1,,,-12.702995068807459,-11.68038072444914,cf,-1.0226143443583187,221,200,penumbra-standard-C200-D0p1-fenzel-t3
0.09982033528221099,penumbra_standard:t3,-12.181537389983355,-10.482027022589719,,221,fenzel,,,,large,penumbra_standard,False,0.6768960230353169,bias_corrected,large,-0.5214576788241043,-1.1983537018594212,size-penumbra_standard-fenzel-C200-S181-to221-large_to_small-mnear_boundary-d0p1-t3,True,near_boundary,google/gemma-3-4b-pt,google_gemma_3_4b_pt,lower_standard_increases_bigness,standard_span,stated_standard,True,standard_straddle,small,1,,,-12.702995068807459,-11.68038072444914,base,-1.0226143443583187,181,200,penumbra-standard-C200-D0p1-fenzel-t3
0.09984533496971613,penumbra_standard:t3,-12.181537389983355,-10.482027022589719,,221,fenzel,,,,small,penumbra_standard,False,-0.23286613192295214,bias_corrected,large,-0.8519226128211486,-1.0847887447441007,size-penumbra_standard-fenzel-C200-S181-to221-large_to_small-mnear_boundary-d0p1-t3,True,near_boundary,google/gemma-3-4b-pt,google_gemma_3_4b_pt,lower_standard_increases_bigness,standard_span,stated_standard,True,standard_straddle,small,1,,,-13.033460002804503,-11.56681576733382,cf,1.4666442354706835,181,200,penumbra-standard-C200-D0p1-fenzel-t3
0.14842000511827333,penumbra_standard:t3,-12.181537389983355,-10.482027022589719,,172,fenzel,,,,small,penumbra_standard,False,-0.6761795139990152,bias_corrected,large,-0.5918580117795837,-1.268037525778599,size-penumbra_standard-fenzel-C200-S232-to172-small_to_large-mnear_boundary-d0p15-t3,True,near_boundary,google/gemma-3-4b-pt,google_gemma_3_4b_pt,lower_standard_increases_bigness,standard_span,stated_standard,True,standard_straddle,small,-1,,,-12.773395401762938,-11.750064548368318,base,1.0233308533946204,232,200,penumbra-standard-C200-D0p15-fenzel-t3
0.1508228897345837,penumbra_standard:t3,-12.181537389983355,-10.482027022589719,,172,fenzel,,,,large,penumbra_standard,False,0.4841734019291586,bias_corrected,large,-0.49657250121179963,-0.9807459031409582,size-penumbra_standard-fenzel-C200-S232-to172-small_to_large-mnear_boundary-d0p15-t3,True,near_boundary,google/gemma-3-4b-pt,google_gemma_3_4b_pt,lower_standard_increases_bigness,standard_span,stated_standard,True,standard_straddle,small,-1,,,-12.678109891195154,-11.462772925730677,cf,-1.215336965464477,232,200,penumbra-standard-C200-D0p15-fenzel-t3
0.1508228897345837,penumbra_standard:t3,-12.181537389983355,-10.482027022589719,,232,fenzel,,,,large,penumbra_standard,False,0.4841734019291586,bias_corrected,large,-0.49657250121179963,-0.9807459031409582,size-penumbra_standard-fenzel-C200-S172-to232-large_to_small-mshoulder-d0p15-t3,True,shoulder,google/gemma-3-4b-pt,google_gemma_3_4b_pt,lower_standard_increases_bigness,standard_span,stated_standard,True,standard_straddle,small,1,,,-12.678109891195154,-11.462772925730677,base,-1.215336965464477,172,200,penumbra-standard-C200-D0p15-fenzel-t3
0.14842000511827333,penumbra_standard:t3,-12.181537389983355,-10.482027022589719,,232,fenzel,,,,small,penumbra_standard,False,-0.6761795139990152,bias_corrected,large,-0.5918580117795837,-1.268037525778599,size-penumbra_standard-fenzel-C200-S172-to232-large_to_small-mshoulder-d0p15-t3,True,shoulder,google/gemma-3-4b-pt,google_gemma_3_4b_pt,lower_standard_increases_bigness,standard_span,stated_standard,True,standard_straddle,small,1,,,-12.773395401762938,-11.750064548368318,cf,1.0233308533946204,172,200,penumbra-standard-C200-D0p15-fenzel-t3
0.30010459245033816,penumbra_standard:t3,-12.181537389983355,-10.482027022589719,,148,fenzel,,,,small,penumbra_standard,True,-0.23143203946721158,bias_corrected,large,-0.3331809071027827,-0.5646129465699943,size-penumbra_standard-fenzel-C200-S270-to148-small_to_large-mshoulder-d0p3-t3,False,shoulder,google/gemma-3-4b-pt,google_gemma_3_4b_pt,lower_standard_increases_bigness,standard_span,stated_standard,False,standard_straddle,small,-1,,base_gate_pred_large_expected_small,-12.514718297086137,-11.046639969159713,base,1.468078327926424,270,200,penumbra-standard-C200-D0p3-fenzel-t3
0.3011050927839216,penumbra_standard:t3,-12.181537389983355,-10.482027022589719,,148,fenzel,,,,large,penumbra_standard,True,0.6154284941335266,bias_corrected,large,-0.3518501777212961,-0.9672786718548227,size-penumbra_standard-fenzel-C200-S270-to148-small_to_large-mshoulder-d0p3-t3,False,shoulder,google/gemma-3-4b-pt,google_gemma_3_4b_pt,lower_standard_increases_bigness,standard_span,stated_standard,False,standard_straddle,small,-1,,base_gate_pred_large_expected_small,-12.53338756770465,-11.449305694444542,cf,-1.084081873260109,270,200,penumbra-standard-C200-D0p3-fenzel-t3
0.3011050927839216,penumbra_standard:t3,-12.181537389983355,-10.482027022589719,,270,fenzel,,,,large,penumbra_standard,True,0.6154284941335266,bias_corrected,large,-0.3518501777212961,-0.9672786718548227,size-penumbra_standard-fenzel-C200-S148-to270-large_to_small-mshoulder-d0p3-t3,False,shoulder,google/gemma-3-4b-pt,google_gemma_3_4b_pt,lower_standard_increases_bigness,standard_span,stated_standard,False,standard_straddle,small,1,,cf_gate_pred_large_expected_small,-12.53338756770465,-11.449305694444542,base,-1.084081873260109,148,200,penumbra-standard-C200-D0p3-fenzel-t3
0.30010459245033816,penumbra_standard:t3,-12.181537389983355,-10.482027022589719,,270,fenzel,,,,small,penumbra_standard,True,-0.23143203946721158,bias_corrected,large,-0.3331809071027827,-0.5646129465699943,size-penumbra_standard-fenzel-C200-S148-to270-large_to_small-mshoulder-d0p3-t3,False,shoulder,google/gemma-3-4b-pt,google_gemma_3_4b_pt,lower_standard_increases_bigness,standard_span,stated_standard,False,standard_straddle,small,1,,cf_gate_pred_large_expected_small,-12.514718297086137,-11.046639969159713,cf,1.468078327926424,148,200,penumbra-standard-C200-D0p3-fenzel-t3
0.5007752879124893,penumbra_standard:t3,-12.181537389983355,-10.482027022589719,,121,fenzel,,,,small,penumbra_standard,True,-0.9174658641260773,bias_corrected,large,0.9374243874840165,0.01995852335793913,size-penumbra_standard-fenzel-C200-S330-to121-small_to_large-mclear-d0p5-t3,False,clear,google/gemma-3-4b-pt,google_gemma_3_4b_pt,lower_standard_increases_bigness,standard_span,stated_standard,False,standard_straddle,small,-1,,base_gate_pred_large_expected_small,-11.244113002499338,-10.46206849923178,base,0.7820445032675583,330,200,penumbra-standard-C200-D0p5-fenzel-t3
0.5025268209512956,penumbra_standard:t3,-12.181537389983355,-10.482027022589719,,121,fenzel,,,,large,penumbra_standard,True,0.27656525641748786,bias_corrected,large,-0.5214465019161594,-0.7980117583336472,size-penumbra_standard-fenzel-C200-S330-to121-small_to_large-mclear-d0p5-t3,False,clear,google/gemma-3-4b-pt,google_gemma_3_4b_pt,lower_standard_increases_bigness,standard_span,stated_standard,False,standard_straddle,small,-1,,base_gate_pred_large_expected_small,-12.702983891899514,-11.280038780923366,cf,-1.4229451109761477,330,200,penumbra-standard-C200-D0p5-fenzel-t3
0.5025268209512956,penumbra_standard:t3,-12.181537389983355,-10.482027022589719,,330,fenzel,,,,large,penumbra_standard,True,0.27656525641748786,bias_corrected,large,-0.5214465019161594,-0.7980117583336472,size-penumbra_standard-fenzel-C200-S121-to330-large_to_small-mclear-d0p5-t3,False,clear,google/gemma-3-4b-pt,google_gemma_3_4b_pt,lower_standard_increases_bigness,standard_span,stated_standard,False,standard_straddle,small,1,,cf_gate_pred_large_expected_small,-12.702983891899514,-11.280038780923366,base,-1.4229451109761477,121,200,penumbra-standard-C200-D0p5-fenzel-t3
0.5007752879124893,penumbra_standard:t3,-12.181537389983355,-10.482027022589719,,330,fenzel,,,,small,penumbra_standard,True,-0.9174658641260773,bias_corrected,large,0.9374243874840165,0.01995852335793913,size-penumbra_standard-fenzel-C200-S121-to330-large_to_small-mclear-d0p5-t3,False,clear,google/gemma-3-4b-pt,google_gemma_3_4b_pt,lower_standard_increases_bigness,standard_span,stated_standard,False,standard_straddle,small,1,,cf_gate_pred_large_expected_small,-11.244113002499338,-10.46206849923178,cf,0.7820445032675583,121,200,penumbra-standard-C200-D0p5-fenzel-t3
0.019802627296179754,penumbra_standard:t3,-12.181537389983355,-10.482027022589719,,490,fenzel,,,,small,penumbra_standard,False,0.01177925330102525,bias_corrected,small,-0.9980047578520654,-0.9862255045510402,size-penumbra_standard-fenzel-C500-S510-to490-small_to_large-mborderline-d0p02-t3,True,borderline,google/gemma-3-4b-pt,google_gemma_3_4b_pt,lower_standard_increases_bigness,standard_span,stated_standard,True,standard_straddle,small,-1,,,-13.17954214783542,-11.46825252714076,base,1.7112896206946608,510,500,penumbra-standard-C500-D0p02-fenzel-t3
0.02020270731751947,penumbra_standard:t3,-12.181537389983355,-10.482027022589719,,490,fenzel,,,,large,penumbra_standard,False,0.5820707354139127,bias_corrected,large,-0.25912096975386056,-0.8411917051677733,size-penumbra_standard-fenzel-C500-S510-to490-small_to_large-mborderline-d0p02-t3,True,borderline,google/gemma-3-4b-pt,google_gemma_3_4b_pt,lower_standard_increases_bigness,standard_span,stated_standard,True,standard_straddle,small,-1,,,-12.440658359737215,-11.323218727757492,cf,-1.1174396319797228,510,500,penumbra-standard-C500-D0p02-fenzel-t3
0.02020270731751947,penumbra_standard:t3,-12.181537389983355,-10.482027022589719,,510,fenzel,,,,large,penumbra_standard,False,0.5820707354139127,bias_corrected,large,-0.25912096975386056,-0.8411917051677733,size-penumbra_standard-fenzel-C500-S490-to510-large_to_small-mborderline-d0p02-t3,True,borderline,google/gemma-3-4b-pt,google_gemma_3_4b_pt,lower_standard_increases_bigness,standard_span,stated_standard,True,standard_straddle,small,1,,,-12.440658359737215,-11.323218727757492,base,-1.1174396319797228,490,500,penumbra-standard-C500-D0p02-fenzel-t3
0.019802627296179754,penumbra_standard:t3,-12.181537389983355,-10.482027022589719,,510,fenzel,,,,small,penumbra_standard,False,0.01177925330102525,bias_corrected,small,-0.9980047578520654,-0.9862255045510402,size-penumbra_standard-fenzel-C500-S490-to510-large_to_small-mborderline-d0p02-t3,True,borderline,google/gemma-3-4b-pt,google_gemma_3_4b_pt,lower_standard_increases_bigness,standard_span,stated_standard,True,standard_straddle,small,1,,,-13.17954214783542,-11.46825252714076,cf,1.7112896206946608,490,500,penumbra-standard-C500-D0p02-fenzel-t3
0.050693114315518095,penumbra_standard:t3,-12.181537389983355,-10.482027022589719,,476,fenzel,,,,small,penumbra_standard,False,-0.0618285936800369,bias_corrected,large,-0.49594314733147016,-0.5577717410115071,size-penumbra_standard-fenzel-C500-S526-to476-small_to_large-mborderline-d0p05-t3,True,borderline,google/gemma-3-4b-pt,google_gemma_3_4b_pt,lower_standard_increases_bigness,standard_span,stated_standard,True,standard_straddle,small,-1,,,-12.677480537314825,-11.039798763601226,base,1.6376817737135987,526,500,penumbra-standard-C500-D0p05-fenzel-t3
0.04919024419077178,penumbra_standard:t3,-12.181537389983355,-10.482027022589719,,476,fenzel,,,,large,penumbra_standard,False,0.004444788184956749,bias_corrected,large,-0.5385297583083464,-0.5429745464933031,size-penumbra_standard-fenzel-C500-S526-to476-small_to_large-mborderline-d0p05-t3,True,borderline,google/gemma-3-4b-pt,google_gemma_3_4b_pt,lower_standard_increases_bigness,standard_span,stated_standard,True,standard_straddle,small,-1,,,-12.720067148291701,-11.025001569083022,cf,-1.6950655792086788,526,500,penumbra-standard-C500-D0p05-fenzel-t3
0.04919024419077178,penumbra_standard:t3,-12.181537389983355,-10.482027022589719,,526,fenzel,,,,large,penumbra_standard,False,0.004444788184956749,bias_corrected,large,-0.5385297583083464,-0.5429745464933031,size-penumbra_standard-fenzel-C500-S476-to526-large_to_small-mborderline-d0p05-t3,True,borderline,google/gemma-3-4b-pt,google_gemma_3_4b_pt,lower_standard_increases_bigness,standard_span,stated_standard,True,standard_straddle,small,1,,,-12.720067148291701,-11.025001569083022,base,-1.6950655792086788,476,500,penumbra-standard-C500-D0p05-fenzel-t3
0.050693114315518095,penumbra_standard:t3,-12.181537389983355,-10.482027022589719,,526,fenzel,,,,small,penumbra_standard,False,-0.0618285936800369,bias_corrected,large,-0.49594314733147016,-0.5577717410115071,size-penumbra_standard-fenzel-C500-S476-to526-large_to_small-mborderline-d0p05-t3,True,borderline,google/gemma-3-4b-pt,google_gemma_3_4b_pt,lower_standard_increases_bigness,standard_span,stated_standard,True,standard_straddle,small,1,,,-12.677480537314825,-11.039798763601226,cf,1.6376817737135987,476,500,penumbra-standard-C500-D0p05-fenzel-t3
0.10074990310014302,penumbra_standard:t3,-12.181537389983355,-10.482027022589719,,452,fenzel,,,,small,penumbra_standard,False,-0.16242817907224705,bias_corrected,large,-0.7190399236971512,-0.8814681027693982,size-penumbra_standard-fenzel-C500-S553-to452-small_to_large-mnear_boundary-d0p1-t3,True,near_boundary,google/gemma-3-4b-pt,google_gemma_3_4b_pt,lower_standard_increases_bigness,standard_span,stated_standard,True,standard_straddle,small,-1,,,-12.900577313680506,-11.363495125359117,base,1.5370821883213885,553,500,penumbra-standard-C500-D0p1-fenzel-t3
0.1009259185899605,penumbra_standard:t3,-12.181537389983355,-10.482027022589719,,452,fenzel,,,,large,penumbra_standard,False,-0.03999916631368983,bias_corrected,small,-0.7471472317951307,-0.7071480654814408,size-penumbra_standard-fenzel-C500-S553-to452-small_to_large-mnear_boundary-d0p1-t3,True,near_boundary,google/gemma-3-4b-pt,google_gemma_3_4b_pt,lower_standard_increases_bigness,standard_span,stated_standard,True,standard_straddle,small,-1,,,-12.928684621778485,-11.18917508807116,cf,-1.7395095337073254,553,500,penumbra-standard-C500-D0p1-fenzel-t3
0.1009259185899605,penumbra_standard:t3,-12.181537389983355,-10.482027022589719,,553,fenzel,,,,large,penumbra_standard,False,-0.03999916631368983,bias_corrected,small,-0.7471472317951307,-0.7071480654814408,size-penumbra_standard-fenzel-C500-S452-to553-large_to_small-mnear_boundary-d0p1-t3,True,near_boundary,google/gemma-3-4b-pt,google_gemma_3_4b_pt,lower_standard_increases_bigness,standard_span,stated_standard,True,standard_straddle,small,1,,,-12.928684621778485,-11.18917508807116,base,-1.7395095337073254,452,500,penumbra-standard-C500-D0p1-fenzel-t3
0.10074990310014302,penumbra_standard:t3,-12.181537389983355,-10.482027022589719,,553,fenzel,,,,small,penumbra_standard,False,-0.16242817907224705,bias_corrected,large,-0.7190399236971512,-0.8814681027693982,size-penumbra_standard-fenzel-C500-S452-to553-large_to_small-mnear_boundary-d0p1-t3,True,near_boundary,google/gemma-3-4b-pt,google_gemma_3_4b_pt,lower_standard_increases_bigness,standard_span,stated_standard,True,standard_straddle,small,1,,,-12.900577313680506,-11.363495125359117,cf,1.5370821883213885,452,500,penumbra-standard-C500-D0p1-fenzel-t3
